"PID","Cloudinary_URL","Image URL","Image"
"26","https://res.cloudinary.com/dpol0pyoo/image/upload/v1772202318/idf_memorials/pid_26.webp","https://res.cloudinary.com/dpol0pyoo/image/fetch/c_crop,g_face/w_150,h_195,g_north/https://res.cloudinary.com/dpol0pyoo/image/upload/v1772202318/idf_memorials/pid_26.webp",""
"27","https://res.cloudinary.com/dpol0pyoo/image/upload/v1772202323/idf_memorials/pid_27.webp","https://res.cloudinary.com/dpol0pyoo/image/fetch/c_crop,g_face/w_150,h_195,g_north/https://res.cloudinary.com/dpol0pyoo/image/upload/v1772202323/idf_memorials/pid_27.webp",""
"28","https://res.cloudinary.com/dpol0pyoo/image/upload/v1772202328/idf_memorials/pid_28.webp","https://res.cloudinary.com/dpol0pyoo/image/fetch/c_crop,g_face/w_150,h_195,g_north/https://res.cloudinary.com/dpol0pyoo/image/upload/v1772202328/idf_memorials/pid_28.webp",""
"35","https://res.cloudinary.com/dpol0pyoo/image/upload/v1772201965/idf_memorials/pid_35.webp","https://res.cloudinary.com/dpol0pyoo/image/fetch/c_crop,g_face/w_150,h_195,g_north/https://res.cloudinary.com/dpol0pyoo/image/upload/v1772201965/idf_memorials/pid_35.webp",""
"44","https://res.cloudinary.com/dpol0pyoo/image/upload/v1772202336/idf_memorials/pid_44.jpg","https://res.cloudinary.com/dpol0pyoo/image/fetch/c_crop,g_face/w_150,h_195,g_north/https://res.cloudinary.com/dpol0pyoo/image/upload/v1772202336/idf_memorials/pid_44.jpg",""
"54","https://res.cloudinary.com/dpol0pyoo/image/upload/v1772202341/idf_memorials/pid_54.webp","https://res.cloudinary.com/dpol0pyoo/image/fetch/c_crop,g_face/w_150,h_195,g_north/https://res.cloudinary.com/dpol0pyoo/image/upload/v1772202341/idf_memorials/pid_54.webp",""
"59","https://res.cloudinary.com/dpol0pyoo/image/upload/v1772201976/idf_memorials/pid_59.webp","https://res.cloudinary.com/dpol0pyoo/image/fetch/c_crop,g_face/w_150,h_195,g_north/https://res.cloudinary.com/dpol0pyoo/image/upload/v1772201976/idf_memorials/pid_59.webp",""
"76","https://res.cloudinary.com/dpol0pyoo/image/upload/v1772201980/idf_memorials/pid_76.webp","https://res.cloudinary.com/dpol0pyoo/image/fetch/c_crop,g_face/w_150,h_195,g_north/https://res.cloudinary.com/dpol0pyoo/image/upload/v1772201980/idf_memorials/pid_76.webp",""
"79","https://res.cloudinary.com/dpol0pyoo/image/upload/v1772201985/idf_memorials/pid_79.webp","https://res.cloudinary.com/dpol0pyoo/image/fetch/c_crop,g_face/w_150,h_195,g_north/https://res.cloudinary.com/dpol0pyoo/image/upload/v1772201985/idf_memorials/pid_79.webp",""
"80","https://res.cloudinary.com/dpol0pyoo/image/upload/v1772202358/idf_memorials/pid_80.webp","https://res.cloudinary.com/dpol0pyoo/image/fetch/c_crop,g_face/w_150,h_195,g_north/https://res.cloudinary.com/dpol0pyoo/image/upload/v1772202358/idf_memorials/pid_80.webp",""
"97","https://res.cloudinary.com/dpol0pyoo/image/upload/v1772201993/idf_memorials/pid_97.webp","https://res.cloudinary.com/dpol0pyoo/image/fetch/c_crop,g_face/w_150,h_195,g_north/https://res.cloudinary.com/dpol0pyoo/image/upload/v1772201993/idf_memorials/pid_97.webp",""
"107","https://res.cloudinary.com/dpol0pyoo/image/upload/v1772201997/idf_memorials/pid_107.webp","https://res.cloudinary.com/dpol0pyoo/image/fetch/c_crop,g_face/w_150,h_195,g_north/https://res.cloudinary.com/dpol0pyoo/image/upload/v1772201997/idf_memorials/pid_107.webp",""
"109","https://res.cloudinary.com/dpol0pyoo/image/upload/v1772202002/idf_memorials/pid_109.webp","https://res.cloudinary.com/dpol0pyoo/image/fetch/c_crop,g_face/w_150,h_195,g_north/https://res.cloudinary.com/dpol0pyoo/image/upload/v1772202002/idf_memorials/pid_109.webp",""
"115","https://res.cloudinary.com/dpol0pyoo/image/upload/v1772202006/idf_memorials/pid_115.webp","https://res.cloudinary.com/dpol0pyoo/image/fetch/c_crop,g_face/w_150,h_195,g_north/https://res.cloudinary.com/dpol0pyoo/image/upload/v1772202006/idf_memorials/pid_115.webp",""
"116","https://res.cloudinary.com/dpol0pyoo/image/upload/v1772202012/idf_memorials/pid_116.webp","https://res.cloudinary.com/dpol0pyoo/image/fetch/c_crop,g_face/w_150,h_195,g_north/https://res.cloudinary.com/dpol0pyoo/image/upload/v1772202012/idf_memorials/pid_116.webp",""
"129","https://res.cloudinary.com/dpol0pyoo/image/upload/v1772202016/idf_memorials/pid_129.webp","https://res.cloudinary.com/dpol0pyoo/image/fetch/c_crop,g_face/w_150,h_195,g_north/https://res.cloudinary.com/dpol0pyoo/image/upload/v1772202016/idf_memorials/pid_129.webp",""
"138","https://res.cloudinary.com/dpol0pyoo/image/upload/v1772202021/idf_memorials/pid_138.webp","https://res.cloudinary.com/dpol0pyoo/image/fetch/c_crop,g_face/w_150,h_195,g_north/https://res.cloudinary.com/dpol0pyoo/image/upload/v1772202021/idf_memorials/pid_138.webp",""
"139","https://res.cloudinary.com/dpol0pyoo/image/upload/v1772202026/idf_memorials/pid_139.webp","https://res.cloudinary.com/dpol0pyoo/image/fetch/c_crop,g_face/w_150,h_195,g_north/https://res.cloudinary.com/dpol0pyoo/image/upload/v1772202026/idf_memorials/pid_139.webp",""
"154","https://res.cloudinary.com/dpol0pyoo/image/upload/v1772202030/idf_memorials/pid_154.webp","https://res.cloudinary.com/dpol0pyoo/image/fetch/c_crop,g_face/w_150,h_195,g_north/https://res.cloudinary.com/dpol0pyoo/image/upload/v1772202030/idf_memorials/pid_154.webp",""
"186","https://res.cloudinary.com/dpol0pyoo/image/upload/v1772202034/idf_memorials/pid_186.webp","https://res.cloudinary.com/dpol0pyoo/image/fetch/c_crop,g_face/w_150,h_195,g_north/https://res.cloudinary.com/dpol0pyoo/image/upload/v1772202034/idf_memorials/pid_186.webp",""
"187","https://res.cloudinary.com/dpol0pyoo/image/upload/v1772202038/idf_memorials/pid_187.webp","https://res.cloudinary.com/dpol0pyoo/image/fetch/c_crop,g_face/w_150,h_195,g_north/https://res.cloudinary.com/dpol0pyoo/image/upload/v1772202038/idf_memorials/pid_187.webp",""
"192","https://res.cloudinary.com/dpol0pyoo/image/upload/v1772202042/idf_memorials/pid_192.webp","https://res.cloudinary.com/dpol0pyoo/image/fetch/c_crop,g_face/w_150,h_195,g_north/https://res.cloudinary.com/dpol0pyoo/image/upload/v1772202042/idf_memorials/pid_192.webp",""
"193","https://res.cloudinary.com/dpol0pyoo/image/upload/v1772202049/idf_memorials/pid_193.webp","https://res.cloudinary.com/dpol0pyoo/image/fetch/c_crop,g_face/w_150,h_195,g_north/https://res.cloudinary.com/dpol0pyoo/image/upload/v1772202049/idf_memorials/pid_193.webp",""
"197","https://res.cloudinary.com/dpol0pyoo/image/upload/v1772202062/idf_memorials/pid_197.webp","https://res.cloudinary.com/dpol0pyoo/image/fetch/c_crop,g_face/w_150,h_195,g_north/https://res.cloudinary.com/dpol0pyoo/image/upload/v1772202062/idf_memorials/pid_197.webp",""
"204","https://res.cloudinary.com/dpol0pyoo/image/upload/v1772202067/idf_memorials/pid_204.webp","https://res.cloudinary.com/dpol0pyoo/image/fetch/c_crop,g_face/w_150,h_195,g_north/https://res.cloudinary.com/dpol0pyoo/image/upload/v1772202067/idf_memorials/pid_204.webp",""
"206","https://res.cloudinary.com/dpol0pyoo/image/upload/v1772202071/idf_memorials/pid_206.webp","https://res.cloudinary.com/dpol0pyoo/image/fetch/c_crop,g_face/w_150,h_195,g_north/https://res.cloudinary.com/dpol0pyoo/image/upload/v1772202071/idf_memorials/pid_206.webp",""
"207","https://res.cloudinary.com/dpol0pyoo/image/upload/v1772202076/idf_memorials/pid_207.webp","https://res.cloudinary.com/dpol0pyoo/image/fetch/c_crop,g_face/w_150,h_195,g_north/https://res.cloudinary.com/dpol0pyoo/image/upload/v1772202076/idf_memorials/pid_207.webp",""
"209","https://res.cloudinary.com/dpol0pyoo/image/upload/v1772202080/idf_memorials/pid_209.webp","https://res.cloudinary.com/dpol0pyoo/image/fetch/c_crop,g_face/w_150,h_195,g_north/https://res.cloudinary.com/dpol0pyoo/image/upload/v1772202080/idf_memorials/pid_209.webp",""
"210","https://res.cloudinary.com/dpol0pyoo/image/upload/v1772202083/idf_memorials/pid_210.webp","https://res.cloudinary.com/dpol0pyoo/image/fetch/c_crop,g_face/w_150,h_195,g_north/https://res.cloudinary.com/dpol0pyoo/image/upload/v1772202083/idf_memorials/pid_210.webp",""
"211","https://res.cloudinary.com/dpol0pyoo/image/upload/v1772202088/idf_memorials/pid_211.webp","https://res.cloudinary.com/dpol0pyoo/image/fetch/c_crop,g_face/w_150,h_195,g_north/https://res.cloudinary.com/dpol0pyoo/image/upload/v1772202088/idf_memorials/pid_211.webp",""
"212","https://res.cloudinary.com/dpol0pyoo/image/upload/v1772202092/idf_memorials/pid_212.webp","https://res.cloudinary.com/dpol0pyoo/image/fetch/c_crop,g_face/w_150,h_195,g_north/https://res.cloudinary.com/dpol0pyoo/image/upload/v1772202092/idf_memorials/pid_212.webp",""
"213","https://res.cloudinary.com/dpol0pyoo/image/upload/v1772202097/idf_memorials/pid_213.webp","https://res.cloudinary.com/dpol0pyoo/image/fetch/c_crop,g_face/w_150,h_195,g_north/https://res.cloudinary.com/dpol0pyoo/image/upload/v1772202097/idf_memorials/pid_213.webp",""
"214","https://res.cloudinary.com/dpol0pyoo/image/upload/v1772202101/idf_memorials/pid_214.webp","https://res.cloudinary.com/dpol0pyoo/image/fetch/c_crop,g_face/w_150,h_195,g_north/https://res.cloudinary.com/dpol0pyoo/image/upload/v1772202101/idf_memorials/pid_214.webp",""
"215","https://res.cloudinary.com/dpol0pyoo/image/upload/v1772202106/idf_memorials/pid_215.webp","https://res.cloudinary.com/dpol0pyoo/image/fetch/c_crop,g_face/w_150,h_195,g_north/https://res.cloudinary.com/dpol0pyoo/image/upload/v1772202106/idf_memorials/pid_215.webp",""
"216","https://res.cloudinary.com/dpol0pyoo/image/upload/v1772202110/idf_memorials/pid_216.webp","https://res.cloudinary.com/dpol0pyoo/image/fetch/c_crop,g_face/w_150,h_195,g_north/https://res.cloudinary.com/dpol0pyoo/image/upload/v1772202110/idf_memorials/pid_216.webp",""
"217","https://res.cloudinary.com/dpol0pyoo/image/upload/v1772202115/idf_memorials/pid_217.webp","https://res.cloudinary.com/dpol0pyoo/image/fetch/c_crop,g_face/w_150,h_195,g_north/https://res.cloudinary.com/dpol0pyoo/image/upload/v1772202115/idf_memorials/pid_217.webp",""
"218","https://res.cloudinary.com/dpol0pyoo/image/upload/v1772202119/idf_memorials/pid_218.webp","https://res.cloudinary.com/dpol0pyoo/image/fetch/c_crop,g_face/w_150,h_195,g_north/https://res.cloudinary.com/dpol0pyoo/image/upload/v1772202119/idf_memorials/pid_218.webp",""
"219","https://res.cloudinary.com/dpol0pyoo/image/upload/v1772202124/idf_memorials/pid_219.webp","https://res.cloudinary.com/dpol0pyoo/image/fetch/c_crop,g_face/w_150,h_195,g_north/https://res.cloudinary.com/dpol0pyoo/image/upload/v1772202124/idf_memorials/pid_219.webp",""
"220","https://res.cloudinary.com/dpol0pyoo/image/upload/v1772202128/idf_memorials/pid_220.webp","https://res.cloudinary.com/dpol0pyoo/image/fetch/c_crop,g_face/w_150,h_195,g_north/https://res.cloudinary.com/dpol0pyoo/image/upload/v1772202128/idf_memorials/pid_220.webp",""
"221","https://res.cloudinary.com/dpol0pyoo/image/upload/v1772202133/idf_memorials/pid_221.webp","https://res.cloudinary.com/dpol0pyoo/image/fetch/c_crop,g_face/w_150,h_195,g_north/https://res.cloudinary.com/dpol0pyoo/image/upload/v1772202133/idf_memorials/pid_221.webp",""
"222","https://res.cloudinary.com/dpol0pyoo/image/upload/v1772202137/idf_memorials/pid_222.webp","https://res.cloudinary.com/dpol0pyoo/image/fetch/c_crop,g_face/w_150,h_195,g_north/https://res.cloudinary.com/dpol0pyoo/image/upload/v1772202137/idf_memorials/pid_222.webp",""
"223","https://res.cloudinary.com/dpol0pyoo/image/upload/v1772202141/idf_memorials/pid_223.webp","https://res.cloudinary.com/dpol0pyoo/image/fetch/c_crop,g_face/w_150,h_195,g_north/https://res.cloudinary.com/dpol0pyoo/image/upload/v1772202141/idf_memorials/pid_223.webp",""
"224","https://res.cloudinary.com/dpol0pyoo/image/upload/v1772202146/idf_memorials/pid_224.webp","https://res.cloudinary.com/dpol0pyoo/image/fetch/c_crop,g_face/w_150,h_195,g_north/https://res.cloudinary.com/dpol0pyoo/image/upload/v1772202146/idf_memorials/pid_224.webp",""
"225","https://res.cloudinary.com/dpol0pyoo/image/upload/v1772202150/idf_memorials/pid_225.webp","https://res.cloudinary.com/dpol0pyoo/image/fetch/c_crop,g_face/w_150,h_195,g_north/https://res.cloudinary.com/dpol0pyoo/image/upload/v1772202150/idf_memorials/pid_225.webp",""
"226","https://res.cloudinary.com/dpol0pyoo/image/upload/v1772202154/idf_memorials/pid_226.webp","https://res.cloudinary.com/dpol0pyoo/image/fetch/c_crop,g_face/w_150,h_195,g_north/https://res.cloudinary.com/dpol0pyoo/image/upload/v1772202154/idf_memorials/pid_226.webp",""
"227","https://res.cloudinary.com/dpol0pyoo/image/upload/v1772202158/idf_memorials/pid_227.jpg","https://res.cloudinary.com/dpol0pyoo/image/fetch/c_crop,g_face/w_150,h_195,g_north/https://res.cloudinary.com/dpol0pyoo/image/upload/v1772202158/idf_memorials/pid_227.jpg",""
"228","https://res.cloudinary.com/dpol0pyoo/image/upload/v1772202163/idf_memorials/pid_228.webp","https://res.cloudinary.com/dpol0pyoo/image/fetch/c_crop,g_face/w_150,h_195,g_north/https://res.cloudinary.com/dpol0pyoo/image/upload/v1772202163/idf_memorials/pid_228.webp",""
"229","https://res.cloudinary.com/dpol0pyoo/image/upload/v1772202168/idf_memorials/pid_229.webp","https://res.cloudinary.com/dpol0pyoo/image/fetch/c_crop,g_face/w_150,h_195,g_north/https://res.cloudinary.com/dpol0pyoo/image/upload/v1772202168/idf_memorials/pid_229.webp",""
"230","https://res.cloudinary.com/dpol0pyoo/image/upload/v1772202173/idf_memorials/pid_230.webp","https://res.cloudinary.com/dpol0pyoo/image/fetch/c_crop,g_face/w_150,h_195,g_north/https://res.cloudinary.com/dpol0pyoo/image/upload/v1772202173/idf_memorials/pid_230.webp",""
"231","https://res.cloudinary.com/dpol0pyoo/image/upload/v1772202177/idf_memorials/pid_231.webp","https://res.cloudinary.com/dpol0pyoo/image/fetch/c_crop,g_face/w_150,h_195,g_north/https://res.cloudinary.com/dpol0pyoo/image/upload/v1772202177/idf_memorials/pid_231.webp",""
"232","https://res.cloudinary.com/dpol0pyoo/image/upload/v1772202181/idf_memorials/pid_232.webp","https://res.cloudinary.com/dpol0pyoo/image/fetch/c_crop,g_face/w_150,h_195,g_north/https://res.cloudinary.com/dpol0pyoo/image/upload/v1772202181/idf_memorials/pid_232.webp",""
"234","https://res.cloudinary.com/dpol0pyoo/image/upload/v1772202185/idf_memorials/pid_234.webp","https://res.cloudinary.com/dpol0pyoo/image/fetch/c_crop,g_face/w_150,h_195,g_north/https://res.cloudinary.com/dpol0pyoo/image/upload/v1772202185/idf_memorials/pid_234.webp",""
"235","https://res.cloudinary.com/dpol0pyoo/image/upload/v1772202189/idf_memorials/pid_235.webp","https://res.cloudinary.com/dpol0pyoo/image/fetch/c_crop,g_face/w_150,h_195,g_north/https://res.cloudinary.com/dpol0pyoo/image/upload/v1772202189/idf_memorials/pid_235.webp",""
"236","https://res.cloudinary.com/dpol0pyoo/image/upload/v1772202194/idf_memorials/pid_236.webp","https://res.cloudinary.com/dpol0pyoo/image/fetch/c_crop,g_face/w_150,h_195,g_north/https://res.cloudinary.com/dpol0pyoo/image/upload/v1772202194/idf_memorials/pid_236.webp",""
"237","https://res.cloudinary.com/dpol0pyoo/image/upload/v1772202198/idf_memorials/pid_237.webp","https://res.cloudinary.com/dpol0pyoo/image/fetch/c_crop,g_face/w_150,h_195,g_north/https://res.cloudinary.com/dpol0pyoo/image/upload/v1772202198/idf_memorials/pid_237.webp",""
"238","https://res.cloudinary.com/dpol0pyoo/image/upload/v1772202203/idf_memorials/pid_238.webp","https://res.cloudinary.com/dpol0pyoo/image/fetch/c_crop,g_face/w_150,h_195,g_north/https://res.cloudinary.com/dpol0pyoo/image/upload/v1772202203/idf_memorials/pid_238.webp",""
"242","https://res.cloudinary.com/dpol0pyoo/image/upload/v1772202207/idf_memorials/pid_242.webp","https://res.cloudinary.com/dpol0pyoo/image/fetch/c_crop,g_face/w_150,h_195,g_north/https://res.cloudinary.com/dpol0pyoo/image/upload/v1772202207/idf_memorials/pid_242.webp",""
"245","https://res.cloudinary.com/dpol0pyoo/image/upload/v1772202212/idf_memorials/pid_245.webp","https://res.cloudinary.com/dpol0pyoo/image/fetch/c_crop,g_face/w_150,h_195,g_north/https://res.cloudinary.com/dpol0pyoo/image/upload/v1772202212/idf_memorials/pid_245.webp",""
"246","https://res.cloudinary.com/dpol0pyoo/image/upload/v1772202217/idf_memorials/pid_246.webp","https://res.cloudinary.com/dpol0pyoo/image/fetch/c_crop,g_face/w_150,h_195,g_north/https://res.cloudinary.com/dpol0pyoo/image/upload/v1772202217/idf_memorials/pid_246.webp",""
"247","https://res.cloudinary.com/dpol0pyoo/image/upload/v1772202222/idf_memorials/pid_247.webp","https://res.cloudinary.com/dpol0pyoo/image/fetch/c_crop,g_face/w_150,h_195,g_north/https://res.cloudinary.com/dpol0pyoo/image/upload/v1772202222/idf_memorials/pid_247.webp",""
"248","https://res.cloudinary.com/dpol0pyoo/image/upload/v1772202226/idf_memorials/pid_248.webp","https://res.cloudinary.com/dpol0pyoo/image/fetch/c_crop,g_face/w_150,h_195,g_north/https://res.cloudinary.com/dpol0pyoo/image/upload/v1772202226/idf_memorials/pid_248.webp",""
"249","https://res.cloudinary.com/dpol0pyoo/image/upload/v1772202230/idf_memorials/pid_249.webp","https://res.cloudinary.com/dpol0pyoo/image/fetch/c_crop,g_face/w_150,h_195,g_north/https://res.cloudinary.com/dpol0pyoo/image/upload/v1772202230/idf_memorials/pid_249.webp",""
"250","https://res.cloudinary.com/dpol0pyoo/image/upload/v1772202235/idf_memorials/pid_250.webp","https://res.cloudinary.com/dpol0pyoo/image/fetch/c_crop,g_face/w_150,h_195,g_north/https://res.cloudinary.com/dpol0pyoo/image/upload/v1772202235/idf_memorials/pid_250.webp",""
"252","https://res.cloudinary.com/dpol0pyoo/image/upload/v1772202239/idf_memorials/pid_252.webp","https://res.cloudinary.com/dpol0pyoo/image/fetch/c_crop,g_face/w_150,h_195,g_north/https://res.cloudinary.com/dpol0pyoo/image/upload/v1772202239/idf_memorials/pid_252.webp",""
"253","https://res.cloudinary.com/dpol0pyoo/image/upload/v1772202243/idf_memorials/pid_253.webp","https://res.cloudinary.com/dpol0pyoo/image/fetch/c_crop,g_face/w_150,h_195,g_north/https://res.cloudinary.com/dpol0pyoo/image/upload/v1772202243/idf_memorials/pid_253.webp",""
"254","https://res.cloudinary.com/dpol0pyoo/image/upload/v1772202247/idf_memorials/pid_254.webp","https://res.cloudinary.com/dpol0pyoo/image/fetch/c_crop,g_face/w_150,h_195,g_north/https://res.cloudinary.com/dpol0pyoo/image/upload/v1772202247/idf_memorials/pid_254.webp",""
"255","https://res.cloudinary.com/dpol0pyoo/image/upload/v1772202252/idf_memorials/pid_255.webp","https://res.cloudinary.com/dpol0pyoo/image/fetch/c_crop,g_face/w_150,h_195,g_north/https://res.cloudinary.com/dpol0pyoo/image/upload/v1772202252/idf_memorials/pid_255.webp",""
"256","https://res.cloudinary.com/dpol0pyoo/image/upload/v1772202257/idf_memorials/pid_256.webp","https://res.cloudinary.com/dpol0pyoo/image/fetch/c_crop,g_face/w_150,h_195,g_north/https://res.cloudinary.com/dpol0pyoo/image/upload/v1772202257/idf_memorials/pid_256.webp",""
"257","https://res.cloudinary.com/dpol0pyoo/image/upload/v1772202262/idf_memorials/pid_257.webp","https://res.cloudinary.com/dpol0pyoo/image/fetch/c_crop,g_face/w_150,h_195,g_north/https://res.cloudinary.com/dpol0pyoo/image/upload/v1772202262/idf_memorials/pid_257.webp",""
"258","https://res.cloudinary.com/dpol0pyoo/image/upload/v1772202266/idf_memorials/pid_258.webp","https://res.cloudinary.com/dpol0pyoo/image/fetch/c_crop,g_face/w_150,h_195,g_north/https://res.cloudinary.com/dpol0pyoo/image/upload/v1772202266/idf_memorials/pid_258.webp",""
"259","https://res.cloudinary.com/dpol0pyoo/image/upload/v1772202270/idf_memorials/pid_259.webp","https://res.cloudinary.com/dpol0pyoo/image/fetch/c_crop,g_face/w_150,h_195,g_north/https://res.cloudinary.com/dpol0pyoo/image/upload/v1772202270/idf_memorials/pid_259.webp",""
"260","https://res.cloudinary.com/dpol0pyoo/image/upload/v1772202274/idf_memorials/pid_260.webp","https://res.cloudinary.com/dpol0pyoo/image/fetch/c_crop,g_face/w_150,h_195,g_north/https://res.cloudinary.com/dpol0pyoo/image/upload/v1772202274/idf_memorials/pid_260.webp",""
"261","https://res.cloudinary.com/dpol0pyoo/image/upload/v1772202278/idf_memorials/pid_261.webp","https://res.cloudinary.com/dpol0pyoo/image/fetch/c_crop,g_face/w_150,h_195,g_north/https://res.cloudinary.com/dpol0pyoo/image/upload/v1772202278/idf_memorials/pid_261.webp",""
"264","https://res.cloudinary.com/dpol0pyoo/image/upload/v1772202635/idf_memorials/pid_264.webp","https://res.cloudinary.com/dpol0pyoo/image/fetch/c_crop,g_face/w_150,h_195,g_north/https://res.cloudinary.com/dpol0pyoo/image/upload/v1772202635/idf_memorials/pid_264.webp",""
"266","https://res.cloudinary.com/dpol0pyoo/image/upload/v1772202642/idf_memorials/pid_266.webp","https://res.cloudinary.com/dpol0pyoo/image/fetch/c_crop,g_face/w_150,h_195,g_north/https://res.cloudinary.com/dpol0pyoo/image/upload/v1772202642/idf_memorials/pid_266.webp",""
"267","https://res.cloudinary.com/dpol0pyoo/image/upload/v1772202647/idf_memorials/pid_267.webp","https://res.cloudinary.com/dpol0pyoo/image/fetch/c_crop,g_face/w_150,h_195,g_north/https://res.cloudinary.com/dpol0pyoo/image/upload/v1772202647/idf_memorials/pid_267.webp",""
"274","https://res.cloudinary.com/dpol0pyoo/image/upload/v1772202651/idf_memorials/pid_274.webp","https://res.cloudinary.com/dpol0pyoo/image/fetch/c_crop,g_face/w_150,h_195,g_north/https://res.cloudinary.com/dpol0pyoo/image/upload/v1772202651/idf_memorials/pid_274.webp",""
"283","https://res.cloudinary.com/dpol0pyoo/image/upload/v1772202659/idf_memorials/pid_283.webp","https://res.cloudinary.com/dpol0pyoo/image/fetch/c_crop,g_face/w_150,h_195,g_north/https://res.cloudinary.com/dpol0pyoo/image/upload/v1772202659/idf_memorials/pid_283.webp",""
"284","https://res.cloudinary.com/dpol0pyoo/image/upload/v1772202663/idf_memorials/pid_284.webp","https://res.cloudinary.com/dpol0pyoo/image/fetch/c_crop,g_face/w_150,h_195,g_north/https://res.cloudinary.com/dpol0pyoo/image/upload/v1772202663/idf_memorials/pid_284.webp",""
"285","https://res.cloudinary.com/dpol0pyoo/image/upload/v1772202667/idf_memorials/pid_285.webp","https://res.cloudinary.com/dpol0pyoo/image/fetch/c_crop,g_face/w_150,h_195,g_north/https://res.cloudinary.com/dpol0pyoo/image/upload/v1772202667/idf_memorials/pid_285.webp",""
"286","https://res.cloudinary.com/dpol0pyoo/image/upload/v1772202671/idf_memorials/pid_286.webp","https://res.cloudinary.com/dpol0pyoo/image/fetch/c_crop,g_face/w_150,h_195,g_north/https://res.cloudinary.com/dpol0pyoo/image/upload/v1772202671/idf_memorials/pid_286.webp",""
"287","https://res.cloudinary.com/dpol0pyoo/image/upload/v1772202676/idf_memorials/pid_287.webp","https://res.cloudinary.com/dpol0pyoo/image/fetch/c_crop,g_face/w_150,h_195,g_north/https://res.cloudinary.com/dpol0pyoo/image/upload/v1772202676/idf_memorials/pid_287.webp",""
"288","https://res.cloudinary.com/dpol0pyoo/image/upload/v1772202680/idf_memorials/pid_288.webp","https://res.cloudinary.com/dpol0pyoo/image/fetch/c_crop,g_face/w_150,h_195,g_north/https://res.cloudinary.com/dpol0pyoo/image/upload/v1772202680/idf_memorials/pid_288.webp",""
"290","https://res.cloudinary.com/dpol0pyoo/image/upload/v1772202692/idf_memorials/pid_290.webp","https://res.cloudinary.com/dpol0pyoo/image/fetch/c_crop,g_face/w_150,h_195,g_north/https://res.cloudinary.com/dpol0pyoo/image/upload/v1772202692/idf_memorials/pid_290.webp",""
"291","https://res.cloudinary.com/dpol0pyoo/image/upload/v1772202715/idf_memorials/pid_291.webp","https://res.cloudinary.com/dpol0pyoo/image/fetch/c_crop,g_face/w_150,h_195,g_north/https://res.cloudinary.com/dpol0pyoo/image/upload/v1772202715/idf_memorials/pid_291.webp",""
"293","https://res.cloudinary.com/dpol0pyoo/image/upload/v1772202720/idf_memorials/pid_293.webp","https://res.cloudinary.com/dpol0pyoo/image/fetch/c_crop,g_face/w_150,h_195,g_north/https://res.cloudinary.com/dpol0pyoo/image/upload/v1772202720/idf_memorials/pid_293.webp",""
"296","https://res.cloudinary.com/dpol0pyoo/image/upload/v1772202724/idf_memorials/pid_296.webp","https://res.cloudinary.com/dpol0pyoo/image/fetch/c_crop,g_face/w_150,h_195,g_north/https://res.cloudinary.com/dpol0pyoo/image/upload/v1772202724/idf_memorials/pid_296.webp",""
"297","https://res.cloudinary.com/dpol0pyoo/image/upload/v1772202729/idf_memorials/pid_297.webp","https://res.cloudinary.com/dpol0pyoo/image/fetch/c_crop,g_face/w_150,h_195,g_north/https://res.cloudinary.com/dpol0pyoo/image/upload/v1772202729/idf_memorials/pid_297.webp",""
"299","https://res.cloudinary.com/dpol0pyoo/image/upload/v1772202733/idf_memorials/pid_299.webp","https://res.cloudinary.com/dpol0pyoo/image/fetch/c_crop,g_face/w_150,h_195,g_north/https://res.cloudinary.com/dpol0pyoo/image/upload/v1772202733/idf_memorials/pid_299.webp",""
"309","https://res.cloudinary.com/dpol0pyoo/image/upload/v1772202740/idf_memorials/pid_309.webp","https://res.cloudinary.com/dpol0pyoo/image/fetch/c_crop,g_face/w_150,h_195,g_north/https://res.cloudinary.com/dpol0pyoo/image/upload/v1772202740/idf_memorials/pid_309.webp",""
"311","https://res.cloudinary.com/dpol0pyoo/image/upload/v1772202745/idf_memorials/pid_311.webp","https://res.cloudinary.com/dpol0pyoo/image/fetch/c_crop,g_face/w_150,h_195,g_north/https://res.cloudinary.com/dpol0pyoo/image/upload/v1772202745/idf_memorials/pid_311.webp",""
"319","https://res.cloudinary.com/dpol0pyoo/image/upload/v1772202749/idf_memorials/pid_319.webp","https://res.cloudinary.com/dpol0pyoo/image/fetch/c_crop,g_face/w_150,h_195,g_north/https://res.cloudinary.com/dpol0pyoo/image/upload/v1772202749/idf_memorials/pid_319.webp",""
"323","https://res.cloudinary.com/dpol0pyoo/image/upload/v1772202753/idf_memorials/pid_323.webp","https://res.cloudinary.com/dpol0pyoo/image/fetch/c_crop,g_face/w_150,h_195,g_north/https://res.cloudinary.com/dpol0pyoo/image/upload/v1772202753/idf_memorials/pid_323.webp",""
"327","https://res.cloudinary.com/dpol0pyoo/image/upload/v1772202757/idf_memorials/pid_327.webp","https://res.cloudinary.com/dpol0pyoo/image/fetch/c_crop,g_face/w_150,h_195,g_north/https://res.cloudinary.com/dpol0pyoo/image/upload/v1772202757/idf_memorials/pid_327.webp",""
"328","https://res.cloudinary.com/dpol0pyoo/image/upload/v1772202762/idf_memorials/pid_328.webp","https://res.cloudinary.com/dpol0pyoo/image/fetch/c_crop,g_face/w_150,h_195,g_north/https://res.cloudinary.com/dpol0pyoo/image/upload/v1772202762/idf_memorials/pid_328.webp",""
"329","https://res.cloudinary.com/dpol0pyoo/image/upload/v1772202767/idf_memorials/pid_329.webp","https://res.cloudinary.com/dpol0pyoo/image/fetch/c_crop,g_face/w_150,h_195,g_north/https://res.cloudinary.com/dpol0pyoo/image/upload/v1772202767/idf_memorials/pid_329.webp",""
"337","https://res.cloudinary.com/dpol0pyoo/image/upload/v1772202774/idf_memorials/pid_337.webp","https://res.cloudinary.com/dpol0pyoo/image/fetch/c_crop,g_face/w_150,h_195,g_north/https://res.cloudinary.com/dpol0pyoo/image/upload/v1772202774/idf_memorials/pid_337.webp",""
"374","https://res.cloudinary.com/dpol0pyoo/image/upload/v1772202785/idf_memorials/pid_374.webp","https://res.cloudinary.com/dpol0pyoo/image/fetch/c_crop,g_face/w_150,h_195,g_north/https://res.cloudinary.com/dpol0pyoo/image/upload/v1772202785/idf_memorials/pid_374.webp",""
"380","https://res.cloudinary.com/dpol0pyoo/image/upload/v1772202789/idf_memorials/pid_380.webp","https://res.cloudinary.com/dpol0pyoo/image/fetch/c_crop,g_face/w_150,h_195,g_north/https://res.cloudinary.com/dpol0pyoo/image/upload/v1772202789/idf_memorials/pid_380.webp",""
"382","https://res.cloudinary.com/dpol0pyoo/image/upload/v1772202794/idf_memorials/pid_382.webp","https://res.cloudinary.com/dpol0pyoo/image/fetch/c_crop,g_face/w_150,h_195,g_north/https://res.cloudinary.com/dpol0pyoo/image/upload/v1772202794/idf_memorials/pid_382.webp",""
"396","https://res.cloudinary.com/dpol0pyoo/image/upload/v1772202802/idf_memorials/pid_396.webp","https://res.cloudinary.com/dpol0pyoo/image/fetch/c_crop,g_face/w_150,h_195,g_north/https://res.cloudinary.com/dpol0pyoo/image/upload/v1772202802/idf_memorials/pid_396.webp",""
"399","https://res.cloudinary.com/dpol0pyoo/image/upload/v1772202809/idf_memorials/pid_399.webp","https://res.cloudinary.com/dpol0pyoo/image/fetch/c_crop,g_face/w_150,h_195,g_north/https://res.cloudinary.com/dpol0pyoo/image/upload/v1772202809/idf_memorials/pid_399.webp",""
"400","https://res.cloudinary.com/dpol0pyoo/image/upload/v1772202813/idf_memorials/pid_400.webp","https://res.cloudinary.com/dpol0pyoo/image/fetch/c_crop,g_face/w_150,h_195,g_north/https://res.cloudinary.com/dpol0pyoo/image/upload/v1772202813/idf_memorials/pid_400.webp",""
"401","https://res.cloudinary.com/dpol0pyoo/image/upload/v1772202818/idf_memorials/pid_401.webp","https://res.cloudinary.com/dpol0pyoo/image/fetch/c_crop,g_face/w_150,h_195,g_north/https://res.cloudinary.com/dpol0pyoo/image/upload/v1772202818/idf_memorials/pid_401.webp",""
"403","https://res.cloudinary.com/dpol0pyoo/image/upload/v1772202822/idf_memorials/pid_403.webp","https://res.cloudinary.com/dpol0pyoo/image/fetch/c_crop,g_face/w_150,h_195,g_north/https://res.cloudinary.com/dpol0pyoo/image/upload/v1772202822/idf_memorials/pid_403.webp",""
"407","https://res.cloudinary.com/dpol0pyoo/image/upload/v1772202827/idf_memorials/pid_407.webp","https://res.cloudinary.com/dpol0pyoo/image/fetch/c_crop,g_face/w_150,h_195,g_north/https://res.cloudinary.com/dpol0pyoo/image/upload/v1772202827/idf_memorials/pid_407.webp",""
"413","https://res.cloudinary.com/dpol0pyoo/image/upload/v1772202831/idf_memorials/pid_413.webp","https://res.cloudinary.com/dpol0pyoo/image/fetch/c_crop,g_face/w_150,h_195,g_north/https://res.cloudinary.com/dpol0pyoo/image/upload/v1772202831/idf_memorials/pid_413.webp",""
"414","https://res.cloudinary.com/dpol0pyoo/image/upload/v1772202836/idf_memorials/pid_414.jpg","https://res.cloudinary.com/dpol0pyoo/image/fetch/c_crop,g_face/w_150,h_195,g_north/https://res.cloudinary.com/dpol0pyoo/image/upload/v1772202836/idf_memorials/pid_414.jpg",""
"416","https://res.cloudinary.com/dpol0pyoo/image/upload/v1772202840/idf_memorials/pid_416.webp","https://res.cloudinary.com/dpol0pyoo/image/fetch/c_crop,g_face/w_150,h_195,g_north/https://res.cloudinary.com/dpol0pyoo/image/upload/v1772202840/idf_memorials/pid_416.webp",""
"418","https://res.cloudinary.com/dpol0pyoo/image/upload/v1772202844/idf_memorials/pid_418.webp","https://res.cloudinary.com/dpol0pyoo/image/fetch/c_crop,g_face/w_150,h_195,g_north/https://res.cloudinary.com/dpol0pyoo/image/upload/v1772202844/idf_memorials/pid_418.webp",""
"422","https://res.cloudinary.com/dpol0pyoo/image/upload/v1772202852/idf_memorials/pid_422.webp","https://res.cloudinary.com/dpol0pyoo/image/fetch/c_crop,g_face/w_150,h_195,g_north/https://res.cloudinary.com/dpol0pyoo/image/upload/v1772202852/idf_memorials/pid_422.webp",""
"423","https://res.cloudinary.com/dpol0pyoo/image/upload/v1772202857/idf_memorials/pid_423.webp","https://res.cloudinary.com/dpol0pyoo/image/fetch/c_crop,g_face/w_150,h_195,g_north/https://res.cloudinary.com/dpol0pyoo/image/upload/v1772202857/idf_memorials/pid_423.webp",""
"428","https://res.cloudinary.com/dpol0pyoo/image/upload/v1772202861/idf_memorials/pid_428.webp","https://res.cloudinary.com/dpol0pyoo/image/fetch/c_crop,g_face/w_150,h_195,g_north/https://res.cloudinary.com/dpol0pyoo/image/upload/v1772202861/idf_memorials/pid_428.webp",""
"459","https://res.cloudinary.com/dpol0pyoo/image/upload/v1772202869/idf_memorials/pid_459.webp","https://res.cloudinary.com/dpol0pyoo/image/fetch/c_crop,g_face/w_150,h_195,g_north/https://res.cloudinary.com/dpol0pyoo/image/upload/v1772202869/idf_memorials/pid_459.webp",""
"461","https://res.cloudinary.com/dpol0pyoo/image/upload/v1772202873/idf_memorials/pid_461.webp","https://res.cloudinary.com/dpol0pyoo/image/fetch/c_crop,g_face/w_150,h_195,g_north/https://res.cloudinary.com/dpol0pyoo/image/upload/v1772202873/idf_memorials/pid_461.webp",""
"466","https://res.cloudinary.com/dpol0pyoo/image/upload/v1772202887/idf_memorials/pid_466.webp","https://res.cloudinary.com/dpol0pyoo/image/fetch/c_crop,g_face/w_150,h_195,g_north/https://res.cloudinary.com/dpol0pyoo/image/upload/v1772202887/idf_memorials/pid_466.webp",""
"467","https://res.cloudinary.com/dpol0pyoo/image/upload/v1772202891/idf_memorials/pid_467.webp","https://res.cloudinary.com/dpol0pyoo/image/fetch/c_crop,g_face/w_150,h_195,g_north/https://res.cloudinary.com/dpol0pyoo/image/upload/v1772202891/idf_memorials/pid_467.webp",""
"469","https://res.cloudinary.com/dpol0pyoo/image/upload/v1772202895/idf_memorials/pid_469.jpg","https://res.cloudinary.com/dpol0pyoo/image/fetch/c_crop,g_face/w_150,h_195,g_north/https://res.cloudinary.com/dpol0pyoo/image/upload/v1772202895/idf_memorials/pid_469.jpg",""
"470","https://res.cloudinary.com/dpol0pyoo/image/upload/v1772202899/idf_memorials/pid_470.webp","https://res.cloudinary.com/dpol0pyoo/image/fetch/c_crop,g_face/w_150,h_195,g_north/https://res.cloudinary.com/dpol0pyoo/image/upload/v1772202899/idf_memorials/pid_470.webp",""
"472","https://res.cloudinary.com/dpol0pyoo/image/upload/v1772202904/idf_memorials/pid_472.jpg","https://res.cloudinary.com/dpol0pyoo/image/fetch/c_crop,g_face/w_150,h_195,g_north/https://res.cloudinary.com/dpol0pyoo/image/upload/v1772202904/idf_memorials/pid_472.jpg",""
"473","https://res.cloudinary.com/dpol0pyoo/image/upload/v1772202908/idf_memorials/pid_473.jpg","https://res.cloudinary.com/dpol0pyoo/image/fetch/c_crop,g_face/w_150,h_195,g_north/https://res.cloudinary.com/dpol0pyoo/image/upload/v1772202908/idf_memorials/pid_473.jpg",""
"474","https://res.cloudinary.com/dpol0pyoo/image/upload/v1772202912/idf_memorials/pid_474.webp","https://res.cloudinary.com/dpol0pyoo/image/fetch/c_crop,g_face/w_150,h_195,g_north/https://res.cloudinary.com/dpol0pyoo/image/upload/v1772202912/idf_memorials/pid_474.webp",""
"476","https://res.cloudinary.com/dpol0pyoo/image/upload/v1772202919/idf_memorials/pid_476.jpg","https://res.cloudinary.com/dpol0pyoo/image/fetch/c_crop,g_face/w_150,h_195,g_north/https://res.cloudinary.com/dpol0pyoo/image/upload/v1772202919/idf_memorials/pid_476.jpg",""
"477","https://res.cloudinary.com/dpol0pyoo/image/upload/v1772202924/idf_memorials/pid_477.jpg","https://res.cloudinary.com/dpol0pyoo/image/fetch/c_crop,g_face/w_150,h_195,g_north/https://res.cloudinary.com/dpol0pyoo/image/upload/v1772202924/idf_memorials/pid_477.jpg",""
"478","https://res.cloudinary.com/dpol0pyoo/image/upload/v1772202928/idf_memorials/pid_478.webp","https://res.cloudinary.com/dpol0pyoo/image/fetch/c_crop,g_face/w_150,h_195,g_north/https://res.cloudinary.com/dpol0pyoo/image/upload/v1772202928/idf_memorials/pid_478.webp",""
"479","https://res.cloudinary.com/dpol0pyoo/image/upload/v1772202932/idf_memorials/pid_479.jpg","https://res.cloudinary.com/dpol0pyoo/image/fetch/c_crop,g_face/w_150,h_195,g_north/https://res.cloudinary.com/dpol0pyoo/image/upload/v1772202932/idf_memorials/pid_479.jpg",""
"480","https://res.cloudinary.com/dpol0pyoo/image/upload/v1772202936/idf_memorials/pid_480.webp","https://res.cloudinary.com/dpol0pyoo/image/fetch/c_crop,g_face/w_150,h_195,g_north/https://res.cloudinary.com/dpol0pyoo/image/upload/v1772202936/idf_memorials/pid_480.webp",""
"481","https://res.cloudinary.com/dpol0pyoo/image/upload/v1772202940/idf_memorials/pid_481.jpg","https://res.cloudinary.com/dpol0pyoo/image/fetch/c_crop,g_face/w_150,h_195,g_north/https://res.cloudinary.com/dpol0pyoo/image/upload/v1772202940/idf_memorials/pid_481.jpg",""
"482","https://res.cloudinary.com/dpol0pyoo/image/upload/v1772202944/idf_memorials/pid_482.webp","https://res.cloudinary.com/dpol0pyoo/image/fetch/c_crop,g_face/w_150,h_195,g_north/https://res.cloudinary.com/dpol0pyoo/image/upload/v1772202944/idf_memorials/pid_482.webp",""
"483","https://res.cloudinary.com/dpol0pyoo/image/upload/v1772202948/idf_memorials/pid_483.webp","https://res.cloudinary.com/dpol0pyoo/image/fetch/c_crop,g_face/w_150,h_195,g_north/https://res.cloudinary.com/dpol0pyoo/image/upload/v1772202948/idf_memorials/pid_483.webp",""
"484","https://res.cloudinary.com/dpol0pyoo/image/upload/v1772202952/idf_memorials/pid_484.webp","https://res.cloudinary.com/dpol0pyoo/image/fetch/c_crop,g_face/w_150,h_195,g_north/https://res.cloudinary.com/dpol0pyoo/image/upload/v1772202952/idf_memorials/pid_484.webp",""
"485","https://res.cloudinary.com/dpol0pyoo/image/upload/v1772202956/idf_memorials/pid_485.webp","https://res.cloudinary.com/dpol0pyoo/image/fetch/c_crop,g_face/w_150,h_195,g_north/https://res.cloudinary.com/dpol0pyoo/image/upload/v1772202956/idf_memorials/pid_485.webp",""
"488","https://res.cloudinary.com/dpol0pyoo/image/upload/v1772202968/idf_memorials/pid_488.webp","https://res.cloudinary.com/dpol0pyoo/image/fetch/c_crop,g_face/w_150,h_195,g_north/https://res.cloudinary.com/dpol0pyoo/image/upload/v1772202968/idf_memorials/pid_488.webp",""
"490","https://res.cloudinary.com/dpol0pyoo/image/upload/v1772202975/idf_memorials/pid_490.webp","https://res.cloudinary.com/dpol0pyoo/image/fetch/c_crop,g_face/w_150,h_195,g_north/https://res.cloudinary.com/dpol0pyoo/image/upload/v1772202975/idf_memorials/pid_490.webp",""
"491","https://res.cloudinary.com/dpol0pyoo/image/upload/v1772202979/idf_memorials/pid_491.webp","https://res.cloudinary.com/dpol0pyoo/image/fetch/c_crop,g_face/w_150,h_195,g_north/https://res.cloudinary.com/dpol0pyoo/image/upload/v1772202979/idf_memorials/pid_491.webp",""
"493","https://res.cloudinary.com/dpol0pyoo/image/upload/v1772202987/idf_memorials/pid_493.webp","https://res.cloudinary.com/dpol0pyoo/image/fetch/c_crop,g_face/w_150,h_195,g_north/https://res.cloudinary.com/dpol0pyoo/image/upload/v1772202987/idf_memorials/pid_493.webp",""
"494","https://res.cloudinary.com/dpol0pyoo/image/upload/v1772202991/idf_memorials/pid_494.webp","https://res.cloudinary.com/dpol0pyoo/image/fetch/c_crop,g_face/w_150,h_195,g_north/https://res.cloudinary.com/dpol0pyoo/image/upload/v1772202991/idf_memorials/pid_494.webp",""
"495","https://res.cloudinary.com/dpol0pyoo/image/upload/v1772203001/idf_memorials/pid_495.webp","https://res.cloudinary.com/dpol0pyoo/image/fetch/c_crop,g_face/w_150,h_195,g_north/https://res.cloudinary.com/dpol0pyoo/image/upload/v1772203001/idf_memorials/pid_495.webp",""
"505","https://res.cloudinary.com/dpol0pyoo/image/upload/v1772203008/idf_memorials/pid_505.webp","https://res.cloudinary.com/dpol0pyoo/image/fetch/c_crop,g_face/w_150,h_195,g_north/https://res.cloudinary.com/dpol0pyoo/image/upload/v1772203008/idf_memorials/pid_505.webp",""
"513","https://res.cloudinary.com/dpol0pyoo/image/upload/v1772203012/idf_memorials/pid_513.webp","https://res.cloudinary.com/dpol0pyoo/image/fetch/c_crop,g_face/w_150,h_195,g_north/https://res.cloudinary.com/dpol0pyoo/image/upload/v1772203012/idf_memorials/pid_513.webp",""
"529","https://res.cloudinary.com/dpol0pyoo/image/upload/v1772203017/idf_memorials/pid_529.webp","https://res.cloudinary.com/dpol0pyoo/image/fetch/c_crop,g_face/w_150,h_195,g_north/https://res.cloudinary.com/dpol0pyoo/image/upload/v1772203017/idf_memorials/pid_529.webp",""
"535","https://res.cloudinary.com/dpol0pyoo/image/upload/v1772203021/idf_memorials/pid_535.webp","https://res.cloudinary.com/dpol0pyoo/image/fetch/c_crop,g_face/w_150,h_195,g_north/https://res.cloudinary.com/dpol0pyoo/image/upload/v1772203021/idf_memorials/pid_535.webp",""
"538","https://res.cloudinary.com/dpol0pyoo/image/upload/v1772203025/idf_memorials/pid_538.webp","https://res.cloudinary.com/dpol0pyoo/image/fetch/c_crop,g_face/w_150,h_195,g_north/https://res.cloudinary.com/dpol0pyoo/image/upload/v1772203025/idf_memorials/pid_538.webp",""
"546","https://res.cloudinary.com/dpol0pyoo/image/upload/v1772203030/idf_memorials/pid_546.jpg","https://res.cloudinary.com/dpol0pyoo/image/fetch/c_crop,g_face/w_150,h_195,g_north/https://res.cloudinary.com/dpol0pyoo/image/upload/v1772203030/idf_memorials/pid_546.jpg",""
"562","https://res.cloudinary.com/dpol0pyoo/image/upload/v1772203034/idf_memorials/pid_562.webp","https://res.cloudinary.com/dpol0pyoo/image/fetch/c_crop,g_face/w_150,h_195,g_north/https://res.cloudinary.com/dpol0pyoo/image/upload/v1772203034/idf_memorials/pid_562.webp",""
"650","https://res.cloudinary.com/dpol0pyoo/image/upload/v1772203038/idf_memorials/pid_650.webp","https://res.cloudinary.com/dpol0pyoo/image/fetch/c_crop,g_face/w_150,h_195,g_north/https://res.cloudinary.com/dpol0pyoo/image/upload/v1772203038/idf_memorials/pid_650.webp",""
"651","https://res.cloudinary.com/dpol0pyoo/image/upload/v1772203042/idf_memorials/pid_651.webp","https://res.cloudinary.com/dpol0pyoo/image/fetch/c_crop,g_face/w_150,h_195,g_north/https://res.cloudinary.com/dpol0pyoo/image/upload/v1772203042/idf_memorials/pid_651.webp",""
"653","https://res.cloudinary.com/dpol0pyoo/image/upload/v1772203047/idf_memorials/pid_653.webp","https://res.cloudinary.com/dpol0pyoo/image/fetch/c_crop,g_face/w_150,h_195,g_north/https://res.cloudinary.com/dpol0pyoo/image/upload/v1772203047/idf_memorials/pid_653.webp",""
"660","https://res.cloudinary.com/dpol0pyoo/image/upload/v1772203051/idf_memorials/pid_660.webp","https://res.cloudinary.com/dpol0pyoo/image/fetch/c_crop,g_face/w_150,h_195,g_north/https://res.cloudinary.com/dpol0pyoo/image/upload/v1772203051/idf_memorials/pid_660.webp",""
"669","https://res.cloudinary.com/dpol0pyoo/image/upload/v1772203055/idf_memorials/pid_669.webp","https://res.cloudinary.com/dpol0pyoo/image/fetch/c_crop,g_face/w_150,h_195,g_north/https://res.cloudinary.com/dpol0pyoo/image/upload/v1772203055/idf_memorials/pid_669.webp",""
"693","https://res.cloudinary.com/dpol0pyoo/image/upload/v1772203060/idf_memorials/pid_693.webp","https://res.cloudinary.com/dpol0pyoo/image/fetch/c_crop,g_face/w_150,h_195,g_north/https://res.cloudinary.com/dpol0pyoo/image/upload/v1772203060/idf_memorials/pid_693.webp",""
"712","https://res.cloudinary.com/dpol0pyoo/image/upload/v1772203065/idf_memorials/pid_712.webp","https://res.cloudinary.com/dpol0pyoo/image/fetch/c_crop,g_face/w_150,h_195,g_north/https://res.cloudinary.com/dpol0pyoo/image/upload/v1772203065/idf_memorials/pid_712.webp",""
"726","https://res.cloudinary.com/dpol0pyoo/image/upload/v1772203069/idf_memorials/pid_726.webp","https://res.cloudinary.com/dpol0pyoo/image/fetch/c_crop,g_face/w_150,h_195,g_north/https://res.cloudinary.com/dpol0pyoo/image/upload/v1772203069/idf_memorials/pid_726.webp",""
"744","https://res.cloudinary.com/dpol0pyoo/image/upload/v1772203073/idf_memorials/pid_744.webp","https://res.cloudinary.com/dpol0pyoo/image/fetch/c_crop,g_face/w_150,h_195,g_north/https://res.cloudinary.com/dpol0pyoo/image/upload/v1772203073/idf_memorials/pid_744.webp",""
"980","https://res.cloudinary.com/dpol0pyoo/image/upload/v1772203081/idf_memorials/pid_980.webp","https://res.cloudinary.com/dpol0pyoo/image/fetch/c_crop,g_face/w_150,h_195,g_north/https://res.cloudinary.com/dpol0pyoo/image/upload/v1772203081/idf_memorials/pid_980.webp",""
"983","https://res.cloudinary.com/dpol0pyoo/image/upload/v1772203085/idf_memorials/pid_983.webp","https://res.cloudinary.com/dpol0pyoo/image/fetch/c_crop,g_face/w_150,h_195,g_north/https://res.cloudinary.com/dpol0pyoo/image/upload/v1772203085/idf_memorials/pid_983.webp",""
"993","https://res.cloudinary.com/dpol0pyoo/image/upload/v1772203090/idf_memorials/pid_993.webp","https://res.cloudinary.com/dpol0pyoo/image/fetch/c_crop,g_face/w_150,h_195,g_north/https://res.cloudinary.com/dpol0pyoo/image/upload/v1772203090/idf_memorials/pid_993.webp",""
"1032","https://res.cloudinary.com/dpol0pyoo/image/upload/v1772203097/idf_memorials/pid_1032.webp","https://res.cloudinary.com/dpol0pyoo/image/fetch/c_crop,g_face/w_150,h_195,g_north/https://res.cloudinary.com/dpol0pyoo/image/upload/v1772203097/idf_memorials/pid_1032.webp",""
"1034","https://res.cloudinary.com/dpol0pyoo/image/upload/v1772203105/idf_memorials/pid_1034.webp","https://res.cloudinary.com/dpol0pyoo/image/fetch/c_crop,g_face/w_150,h_195,g_north/https://res.cloudinary.com/dpol0pyoo/image/upload/v1772203105/idf_memorials/pid_1034.webp",""
"1035","https://res.cloudinary.com/dpol0pyoo/image/upload/v1772203109/idf_memorials/pid_1035.webp","https://res.cloudinary.com/dpol0pyoo/image/fetch/c_crop,g_face/w_150,h_195,g_north/https://res.cloudinary.com/dpol0pyoo/image/upload/v1772203109/idf_memorials/pid_1035.webp",""
"1053","https://res.cloudinary.com/dpol0pyoo/image/upload/v1772203113/idf_memorials/pid_1053.webp","https://res.cloudinary.com/dpol0pyoo/image/fetch/c_crop,g_face/w_150,h_195,g_north/https://res.cloudinary.com/dpol0pyoo/image/upload/v1772203113/idf_memorials/pid_1053.webp",""
"1063","https://res.cloudinary.com/dpol0pyoo/image/upload/v1772203117/idf_memorials/pid_1063.webp","https://res.cloudinary.com/dpol0pyoo/image/fetch/c_crop,g_face/w_150,h_195,g_north/https://res.cloudinary.com/dpol0pyoo/image/upload/v1772203117/idf_memorials/pid_1063.webp",""
"1066","https://res.cloudinary.com/dpol0pyoo/image/upload/v1772203121/idf_memorials/pid_1066.webp","https://res.cloudinary.com/dpol0pyoo/image/fetch/c_crop,g_face/w_150,h_195,g_north/https://res.cloudinary.com/dpol0pyoo/image/upload/v1772203121/idf_memorials/pid_1066.webp",""
"1077","https://res.cloudinary.com/dpol0pyoo/image/upload/v1772203126/idf_memorials/pid_1077.webp","https://res.cloudinary.com/dpol0pyoo/image/fetch/c_crop,g_face/w_150,h_195,g_north/https://res.cloudinary.com/dpol0pyoo/image/upload/v1772203126/idf_memorials/pid_1077.webp",""
"1078","https://res.cloudinary.com/dpol0pyoo/image/upload/v1772203134/idf_memorials/pid_1078.webp","https://res.cloudinary.com/dpol0pyoo/image/fetch/c_crop,g_face/w_150,h_195,g_north/https://res.cloudinary.com/dpol0pyoo/image/upload/v1772203134/idf_memorials/pid_1078.webp",""
"1079","https://res.cloudinary.com/dpol0pyoo/image/upload/v1772203138/idf_memorials/pid_1079.webp","https://res.cloudinary.com/dpol0pyoo/image/fetch/c_crop,g_face/w_150,h_195,g_north/https://res.cloudinary.com/dpol0pyoo/image/upload/v1772203138/idf_memorials/pid_1079.webp",""
"1572","https://res.cloudinary.com/dpol0pyoo/image/upload/v1772203142/idf_memorials/pid_1572.webp","https://res.cloudinary.com/dpol0pyoo/image/fetch/c_crop,g_face/w_150,h_195,g_north/https://res.cloudinary.com/dpol0pyoo/image/upload/v1772203142/idf_memorials/pid_1572.webp",""
"1082","https://res.cloudinary.com/dpol0pyoo/image/upload/v1772203146/idf_memorials/pid_1082.jpg","https://res.cloudinary.com/dpol0pyoo/image/fetch/c_crop,g_face/w_150,h_195,g_north/https://res.cloudinary.com/dpol0pyoo/image/upload/v1772203146/idf_memorials/pid_1082.jpg",""
"1137","https://res.cloudinary.com/dpol0pyoo/image/upload/v1772203152/idf_memorials/pid_1137.webp","https://res.cloudinary.com/dpol0pyoo/image/fetch/c_crop,g_face/w_150,h_195,g_north/https://res.cloudinary.com/dpol0pyoo/image/upload/v1772203152/idf_memorials/pid_1137.webp",""
"1138","https://res.cloudinary.com/dpol0pyoo/image/upload/v1772203156/idf_memorials/pid_1138.webp","https://res.cloudinary.com/dpol0pyoo/image/fetch/c_crop,g_face/w_150,h_195,g_north/https://res.cloudinary.com/dpol0pyoo/image/upload/v1772203156/idf_memorials/pid_1138.webp",""
"1140","https://res.cloudinary.com/dpol0pyoo/image/upload/v1772203160/idf_memorials/pid_1140.webp","https://res.cloudinary.com/dpol0pyoo/image/fetch/c_crop,g_face/w_150,h_195,g_north/https://res.cloudinary.com/dpol0pyoo/image/upload/v1772203160/idf_memorials/pid_1140.webp",""
"1144","https://res.cloudinary.com/dpol0pyoo/image/upload/v1772203164/idf_memorials/pid_1144.webp","https://res.cloudinary.com/dpol0pyoo/image/fetch/c_crop,g_face/w_150,h_195,g_north/https://res.cloudinary.com/dpol0pyoo/image/upload/v1772203164/idf_memorials/pid_1144.webp",""
"1175","https://res.cloudinary.com/dpol0pyoo/image/upload/v1772203168/idf_memorials/pid_1175.webp","https://res.cloudinary.com/dpol0pyoo/image/fetch/c_crop,g_face/w_150,h_195,g_north/https://res.cloudinary.com/dpol0pyoo/image/upload/v1772203168/idf_memorials/pid_1175.webp",""
"1176","https://res.cloudinary.com/dpol0pyoo/image/upload/v1772203172/idf_memorials/pid_1176.webp","https://res.cloudinary.com/dpol0pyoo/image/fetch/c_crop,g_face/w_150,h_195,g_north/https://res.cloudinary.com/dpol0pyoo/image/upload/v1772203172/idf_memorials/pid_1176.webp",""
"1178","https://res.cloudinary.com/dpol0pyoo/image/upload/v1772203177/idf_memorials/pid_1178.webp","https://res.cloudinary.com/dpol0pyoo/image/fetch/c_crop,g_face/w_150,h_195,g_north/https://res.cloudinary.com/dpol0pyoo/image/upload/v1772203177/idf_memorials/pid_1178.webp",""
"1179","https://res.cloudinary.com/dpol0pyoo/image/upload/v1772203181/idf_memorials/pid_1179.webp","https://res.cloudinary.com/dpol0pyoo/image/fetch/c_crop,g_face/w_150,h_195,g_north/https://res.cloudinary.com/dpol0pyoo/image/upload/v1772203181/idf_memorials/pid_1179.webp",""
"1180","https://res.cloudinary.com/dpol0pyoo/image/upload/v1772203186/idf_memorials/pid_1180.webp","https://res.cloudinary.com/dpol0pyoo/image/fetch/c_crop,g_face/w_150,h_195,g_north/https://res.cloudinary.com/dpol0pyoo/image/upload/v1772203186/idf_memorials/pid_1180.webp",""
"1181","https://res.cloudinary.com/dpol0pyoo/image/upload/v1772203190/idf_memorials/pid_1181.webp","https://res.cloudinary.com/dpol0pyoo/image/fetch/c_crop,g_face/w_150,h_195,g_north/https://res.cloudinary.com/dpol0pyoo/image/upload/v1772203190/idf_memorials/pid_1181.webp",""
"1187","https://res.cloudinary.com/dpol0pyoo/image/upload/v1772203195/idf_memorials/pid_1187.webp","https://res.cloudinary.com/dpol0pyoo/image/fetch/c_crop,g_face/w_150,h_195,g_north/https://res.cloudinary.com/dpol0pyoo/image/upload/v1772203195/idf_memorials/pid_1187.webp",""
"1192","https://res.cloudinary.com/dpol0pyoo/image/upload/v1772203199/idf_memorials/pid_1192.webp","https://res.cloudinary.com/dpol0pyoo/image/fetch/c_crop,g_face/w_150,h_195,g_north/https://res.cloudinary.com/dpol0pyoo/image/upload/v1772203199/idf_memorials/pid_1192.webp",""
"1204","https://res.cloudinary.com/dpol0pyoo/image/upload/v1772203203/idf_memorials/pid_1204.webp","https://res.cloudinary.com/dpol0pyoo/image/fetch/c_crop,g_face/w_150,h_195,g_north/https://res.cloudinary.com/dpol0pyoo/image/upload/v1772203203/idf_memorials/pid_1204.webp",""
"1206","https://res.cloudinary.com/dpol0pyoo/image/upload/v1772203208/idf_memorials/pid_1206.webp","https://res.cloudinary.com/dpol0pyoo/image/fetch/c_crop,g_face/w_150,h_195,g_north/https://res.cloudinary.com/dpol0pyoo/image/upload/v1772203208/idf_memorials/pid_1206.webp",""
"1262","https://res.cloudinary.com/dpol0pyoo/image/upload/v1772203215/idf_memorials/pid_1262.webp","https://res.cloudinary.com/dpol0pyoo/image/fetch/c_crop,g_face/w_150,h_195,g_north/https://res.cloudinary.com/dpol0pyoo/image/upload/v1772203215/idf_memorials/pid_1262.webp",""
"1263","https://res.cloudinary.com/dpol0pyoo/image/upload/v1772203219/idf_memorials/pid_1263.webp","https://res.cloudinary.com/dpol0pyoo/image/fetch/c_crop,g_face/w_150,h_195,g_north/https://res.cloudinary.com/dpol0pyoo/image/upload/v1772203219/idf_memorials/pid_1263.webp",""
"1264","https://res.cloudinary.com/dpol0pyoo/image/upload/v1772203223/idf_memorials/pid_1264.webp","https://res.cloudinary.com/dpol0pyoo/image/fetch/c_crop,g_face/w_150,h_195,g_north/https://res.cloudinary.com/dpol0pyoo/image/upload/v1772203223/idf_memorials/pid_1264.webp",""
"1265","https://res.cloudinary.com/dpol0pyoo/image/upload/v1772203227/idf_memorials/pid_1265.webp","https://res.cloudinary.com/dpol0pyoo/image/fetch/c_crop,g_face/w_150,h_195,g_north/https://res.cloudinary.com/dpol0pyoo/image/upload/v1772203227/idf_memorials/pid_1265.webp",""
"1266","https://res.cloudinary.com/dpol0pyoo/image/upload/v1772203232/idf_memorials/pid_1266.webp","https://res.cloudinary.com/dpol0pyoo/image/fetch/c_crop,g_face/w_150,h_195,g_north/https://res.cloudinary.com/dpol0pyoo/image/upload/v1772203232/idf_memorials/pid_1266.webp",""
"1267","https://res.cloudinary.com/dpol0pyoo/image/upload/v1772203236/idf_memorials/pid_1267.webp","https://res.cloudinary.com/dpol0pyoo/image/fetch/c_crop,g_face/w_150,h_195,g_north/https://res.cloudinary.com/dpol0pyoo/image/upload/v1772203236/idf_memorials/pid_1267.webp",""
"1268","https://res.cloudinary.com/dpol0pyoo/image/upload/v1772203240/idf_memorials/pid_1268.webp","https://res.cloudinary.com/dpol0pyoo/image/fetch/c_crop,g_face/w_150,h_195,g_north/https://res.cloudinary.com/dpol0pyoo/image/upload/v1772203240/idf_memorials/pid_1268.webp",""
"1269","https://res.cloudinary.com/dpol0pyoo/image/upload/v1772203245/idf_memorials/pid_1269.webp","https://res.cloudinary.com/dpol0pyoo/image/fetch/c_crop,g_face/w_150,h_195,g_north/https://res.cloudinary.com/dpol0pyoo/image/upload/v1772203245/idf_memorials/pid_1269.webp",""
"1270","https://res.cloudinary.com/dpol0pyoo/image/upload/v1772203249/idf_memorials/pid_1270.webp","https://res.cloudinary.com/dpol0pyoo/image/fetch/c_crop,g_face/w_150,h_195,g_north/https://res.cloudinary.com/dpol0pyoo/image/upload/v1772203249/idf_memorials/pid_1270.webp",""
"1273","https://res.cloudinary.com/dpol0pyoo/image/upload/v1772203253/idf_memorials/pid_1273.webp","https://res.cloudinary.com/dpol0pyoo/image/fetch/c_crop,g_face/w_150,h_195,g_north/https://res.cloudinary.com/dpol0pyoo/image/upload/v1772203253/idf_memorials/pid_1273.webp",""
"1274","https://res.cloudinary.com/dpol0pyoo/image/upload/v1772203257/idf_memorials/pid_1274.webp","https://res.cloudinary.com/dpol0pyoo/image/fetch/c_crop,g_face/w_150,h_195,g_north/https://res.cloudinary.com/dpol0pyoo/image/upload/v1772203257/idf_memorials/pid_1274.webp",""
"1275","https://res.cloudinary.com/dpol0pyoo/image/upload/v1772203261/idf_memorials/pid_1275.webp","https://res.cloudinary.com/dpol0pyoo/image/fetch/c_crop,g_face/w_150,h_195,g_north/https://res.cloudinary.com/dpol0pyoo/image/upload/v1772203261/idf_memorials/pid_1275.webp",""
"1277","https://res.cloudinary.com/dpol0pyoo/image/upload/v1772203265/idf_memorials/pid_1277.webp","https://res.cloudinary.com/dpol0pyoo/image/fetch/c_crop,g_face/w_150,h_195,g_north/https://res.cloudinary.com/dpol0pyoo/image/upload/v1772203265/idf_memorials/pid_1277.webp",""
"1278","https://res.cloudinary.com/dpol0pyoo/image/upload/v1772203269/idf_memorials/pid_1278.webp","https://res.cloudinary.com/dpol0pyoo/image/fetch/c_crop,g_face/w_150,h_195,g_north/https://res.cloudinary.com/dpol0pyoo/image/upload/v1772203269/idf_memorials/pid_1278.webp",""
"1279","https://res.cloudinary.com/dpol0pyoo/image/upload/v1772203274/idf_memorials/pid_1279.webp","https://res.cloudinary.com/dpol0pyoo/image/fetch/c_crop,g_face/w_150,h_195,g_north/https://res.cloudinary.com/dpol0pyoo/image/upload/v1772203274/idf_memorials/pid_1279.webp",""
"1280","https://res.cloudinary.com/dpol0pyoo/image/upload/v1772203278/idf_memorials/pid_1280.webp","https://res.cloudinary.com/dpol0pyoo/image/fetch/c_crop,g_face/w_150,h_195,g_north/https://res.cloudinary.com/dpol0pyoo/image/upload/v1772203278/idf_memorials/pid_1280.webp",""
"1281","https://res.cloudinary.com/dpol0pyoo/image/upload/v1772203281/idf_memorials/pid_1281.webp","https://res.cloudinary.com/dpol0pyoo/image/fetch/c_crop,g_face/w_150,h_195,g_north/https://res.cloudinary.com/dpol0pyoo/image/upload/v1772203281/idf_memorials/pid_1281.webp",""
"1282","https://res.cloudinary.com/dpol0pyoo/image/upload/v1772203286/idf_memorials/pid_1282.webp","https://res.cloudinary.com/dpol0pyoo/image/fetch/c_crop,g_face/w_150,h_195,g_north/https://res.cloudinary.com/dpol0pyoo/image/upload/v1772203286/idf_memorials/pid_1282.webp",""
"1283","https://res.cloudinary.com/dpol0pyoo/image/upload/v1772203290/idf_memorials/pid_1283.webp","https://res.cloudinary.com/dpol0pyoo/image/fetch/c_crop,g_face/w_150,h_195,g_north/https://res.cloudinary.com/dpol0pyoo/image/upload/v1772203290/idf_memorials/pid_1283.webp",""
"1284","https://res.cloudinary.com/dpol0pyoo/image/upload/v1772203294/idf_memorials/pid_1284.webp","https://res.cloudinary.com/dpol0pyoo/image/fetch/c_crop,g_face/w_150,h_195,g_north/https://res.cloudinary.com/dpol0pyoo/image/upload/v1772203294/idf_memorials/pid_1284.webp",""
"1285","https://res.cloudinary.com/dpol0pyoo/image/upload/v1772203299/idf_memorials/pid_1285.webp","https://res.cloudinary.com/dpol0pyoo/image/fetch/c_crop,g_face/w_150,h_195,g_north/https://res.cloudinary.com/dpol0pyoo/image/upload/v1772203299/idf_memorials/pid_1285.webp",""
"1286","https://res.cloudinary.com/dpol0pyoo/image/upload/v1772203304/idf_memorials/pid_1286.webp","https://res.cloudinary.com/dpol0pyoo/image/fetch/c_crop,g_face/w_150,h_195,g_north/https://res.cloudinary.com/dpol0pyoo/image/upload/v1772203304/idf_memorials/pid_1286.webp",""
"1287","https://res.cloudinary.com/dpol0pyoo/image/upload/v1772203308/idf_memorials/pid_1287.webp","https://res.cloudinary.com/dpol0pyoo/image/fetch/c_crop,g_face/w_150,h_195,g_north/https://res.cloudinary.com/dpol0pyoo/image/upload/v1772203308/idf_memorials/pid_1287.webp",""
"1288","https://res.cloudinary.com/dpol0pyoo/image/upload/v1772203313/idf_memorials/pid_1288.webp","https://res.cloudinary.com/dpol0pyoo/image/fetch/c_crop,g_face/w_150,h_195,g_north/https://res.cloudinary.com/dpol0pyoo/image/upload/v1772203313/idf_memorials/pid_1288.webp",""
"1289","https://res.cloudinary.com/dpol0pyoo/image/upload/v1772203317/idf_memorials/pid_1289.webp","https://res.cloudinary.com/dpol0pyoo/image/fetch/c_crop,g_face/w_150,h_195,g_north/https://res.cloudinary.com/dpol0pyoo/image/upload/v1772203317/idf_memorials/pid_1289.webp",""
"1290","https://res.cloudinary.com/dpol0pyoo/image/upload/v1772203322/idf_memorials/pid_1290.webp","https://res.cloudinary.com/dpol0pyoo/image/fetch/c_crop,g_face/w_150,h_195,g_north/https://res.cloudinary.com/dpol0pyoo/image/upload/v1772203322/idf_memorials/pid_1290.webp",""
"1291","https://res.cloudinary.com/dpol0pyoo/image/upload/v1772203326/idf_memorials/pid_1291.webp","https://res.cloudinary.com/dpol0pyoo/image/fetch/c_crop,g_face/w_150,h_195,g_north/https://res.cloudinary.com/dpol0pyoo/image/upload/v1772203326/idf_memorials/pid_1291.webp",""
"1293","https://res.cloudinary.com/dpol0pyoo/image/upload/v1772203331/idf_memorials/pid_1293.webp","https://res.cloudinary.com/dpol0pyoo/image/fetch/c_crop,g_face/w_150,h_195,g_north/https://res.cloudinary.com/dpol0pyoo/image/upload/v1772203331/idf_memorials/pid_1293.webp",""
"1294","https://res.cloudinary.com/dpol0pyoo/image/upload/v1772203335/idf_memorials/pid_1294.webp","https://res.cloudinary.com/dpol0pyoo/image/fetch/c_crop,g_face/w_150,h_195,g_north/https://res.cloudinary.com/dpol0pyoo/image/upload/v1772203335/idf_memorials/pid_1294.webp",""
"1295","https://res.cloudinary.com/dpol0pyoo/image/upload/v1772203341/idf_memorials/pid_1295.webp","https://res.cloudinary.com/dpol0pyoo/image/fetch/c_crop,g_face/w_150,h_195,g_north/https://res.cloudinary.com/dpol0pyoo/image/upload/v1772203341/idf_memorials/pid_1295.webp",""
"1296","https://res.cloudinary.com/dpol0pyoo/image/upload/v1772203345/idf_memorials/pid_1296.webp","https://res.cloudinary.com/dpol0pyoo/image/fetch/c_crop,g_face/w_150,h_195,g_north/https://res.cloudinary.com/dpol0pyoo/image/upload/v1772203345/idf_memorials/pid_1296.webp",""
"1313","https://res.cloudinary.com/dpol0pyoo/image/upload/v1772203349/idf_memorials/pid_1313.webp","https://res.cloudinary.com/dpol0pyoo/image/fetch/c_crop,g_face/w_150,h_195,g_north/https://res.cloudinary.com/dpol0pyoo/image/upload/v1772203349/idf_memorials/pid_1313.webp",""
"1354","https://res.cloudinary.com/dpol0pyoo/image/upload/v1772203354/idf_memorials/pid_1354.webp","https://res.cloudinary.com/dpol0pyoo/image/fetch/c_crop,g_face/w_150,h_195,g_north/https://res.cloudinary.com/dpol0pyoo/image/upload/v1772203354/idf_memorials/pid_1354.webp",""
"1355","https://res.cloudinary.com/dpol0pyoo/image/upload/v1772203358/idf_memorials/pid_1355.webp","https://res.cloudinary.com/dpol0pyoo/image/fetch/c_crop,g_face/w_150,h_195,g_north/https://res.cloudinary.com/dpol0pyoo/image/upload/v1772203358/idf_memorials/pid_1355.webp",""
"1364","https://res.cloudinary.com/dpol0pyoo/image/upload/v1772203361/idf_memorials/pid_1364.webp","https://res.cloudinary.com/dpol0pyoo/image/fetch/c_crop,g_face/w_150,h_195,g_north/https://res.cloudinary.com/dpol0pyoo/image/upload/v1772203361/idf_memorials/pid_1364.webp",""
"1366","https://res.cloudinary.com/dpol0pyoo/image/upload/v1772203366/idf_memorials/pid_1366.webp","https://res.cloudinary.com/dpol0pyoo/image/fetch/c_crop,g_face/w_150,h_195,g_north/https://res.cloudinary.com/dpol0pyoo/image/upload/v1772203366/idf_memorials/pid_1366.webp",""
"1378","https://res.cloudinary.com/dpol0pyoo/image/upload/v1772203370/idf_memorials/pid_1378.webp","https://res.cloudinary.com/dpol0pyoo/image/fetch/c_crop,g_face/w_150,h_195,g_north/https://res.cloudinary.com/dpol0pyoo/image/upload/v1772203370/idf_memorials/pid_1378.webp",""
"1394","https://res.cloudinary.com/dpol0pyoo/image/upload/v1772203374/idf_memorials/pid_1394.webp","https://res.cloudinary.com/dpol0pyoo/image/fetch/c_crop,g_face/w_150,h_195,g_north/https://res.cloudinary.com/dpol0pyoo/image/upload/v1772203374/idf_memorials/pid_1394.webp",""
"1434","https://res.cloudinary.com/dpol0pyoo/image/upload/v1772203378/idf_memorials/pid_1434.webp","https://res.cloudinary.com/dpol0pyoo/image/fetch/c_crop,g_face/w_150,h_195,g_north/https://res.cloudinary.com/dpol0pyoo/image/upload/v1772203378/idf_memorials/pid_1434.webp",""
"1437","https://res.cloudinary.com/dpol0pyoo/image/upload/v1772203383/idf_memorials/pid_1437.webp","https://res.cloudinary.com/dpol0pyoo/image/fetch/c_crop,g_face/w_150,h_195,g_north/https://res.cloudinary.com/dpol0pyoo/image/upload/v1772203383/idf_memorials/pid_1437.webp",""
"1439","https://res.cloudinary.com/dpol0pyoo/image/upload/v1772203387/idf_memorials/pid_1439.webp","https://res.cloudinary.com/dpol0pyoo/image/fetch/c_crop,g_face/w_150,h_195,g_north/https://res.cloudinary.com/dpol0pyoo/image/upload/v1772203387/idf_memorials/pid_1439.webp",""
"1443","https://res.cloudinary.com/dpol0pyoo/image/upload/v1772203391/idf_memorials/pid_1443.webp","https://res.cloudinary.com/dpol0pyoo/image/fetch/c_crop,g_face/w_150,h_195,g_north/https://res.cloudinary.com/dpol0pyoo/image/upload/v1772203391/idf_memorials/pid_1443.webp",""
"1447","https://res.cloudinary.com/dpol0pyoo/image/upload/v1772203396/idf_memorials/pid_1447.webp","https://res.cloudinary.com/dpol0pyoo/image/fetch/c_crop,g_face/w_150,h_195,g_north/https://res.cloudinary.com/dpol0pyoo/image/upload/v1772203396/idf_memorials/pid_1447.webp",""
"1460","https://res.cloudinary.com/dpol0pyoo/image/upload/v1772203400/idf_memorials/pid_1460.webp","https://res.cloudinary.com/dpol0pyoo/image/fetch/c_crop,g_face/w_150,h_195,g_north/https://res.cloudinary.com/dpol0pyoo/image/upload/v1772203400/idf_memorials/pid_1460.webp",""
"1461","https://res.cloudinary.com/dpol0pyoo/image/upload/v1772203404/idf_memorials/pid_1461.webp","https://res.cloudinary.com/dpol0pyoo/image/fetch/c_crop,g_face/w_150,h_195,g_north/https://res.cloudinary.com/dpol0pyoo/image/upload/v1772203404/idf_memorials/pid_1461.webp",""
"1465","https://res.cloudinary.com/dpol0pyoo/image/upload/v1772203408/idf_memorials/pid_1465.webp","https://res.cloudinary.com/dpol0pyoo/image/fetch/c_crop,g_face/w_150,h_195,g_north/https://res.cloudinary.com/dpol0pyoo/image/upload/v1772203408/idf_memorials/pid_1465.webp",""
"1466","https://res.cloudinary.com/dpol0pyoo/image/upload/v1772203413/idf_memorials/pid_1466.webp","https://res.cloudinary.com/dpol0pyoo/image/fetch/c_crop,g_face/w_150,h_195,g_north/https://res.cloudinary.com/dpol0pyoo/image/upload/v1772203413/idf_memorials/pid_1466.webp",""
"1472","https://res.cloudinary.com/dpol0pyoo/image/upload/v1772203417/idf_memorials/pid_1472.webp","https://res.cloudinary.com/dpol0pyoo/image/fetch/c_crop,g_face/w_150,h_195,g_north/https://res.cloudinary.com/dpol0pyoo/image/upload/v1772203417/idf_memorials/pid_1472.webp",""
"1475","https://res.cloudinary.com/dpol0pyoo/image/upload/v1772203421/idf_memorials/pid_1475.webp","https://res.cloudinary.com/dpol0pyoo/image/fetch/c_crop,g_face/w_150,h_195,g_north/https://res.cloudinary.com/dpol0pyoo/image/upload/v1772203421/idf_memorials/pid_1475.webp",""
"1038","https://res.cloudinary.com/dpol0pyoo/image/upload/v1772203425/idf_memorials/pid_1038.webp","https://res.cloudinary.com/dpol0pyoo/image/fetch/c_crop,g_face/w_150,h_195,g_north/https://res.cloudinary.com/dpol0pyoo/image/upload/v1772203425/idf_memorials/pid_1038.webp",""
"1495","https://res.cloudinary.com/dpol0pyoo/image/upload/v1772203429/idf_memorials/pid_1495.webp","https://res.cloudinary.com/dpol0pyoo/image/fetch/c_crop,g_face/w_150,h_195,g_north/https://res.cloudinary.com/dpol0pyoo/image/upload/v1772203429/idf_memorials/pid_1495.webp",""
"1496","https://res.cloudinary.com/dpol0pyoo/image/upload/v1772203434/idf_memorials/pid_1496.webp","https://res.cloudinary.com/dpol0pyoo/image/fetch/c_crop,g_face/w_150,h_195,g_north/https://res.cloudinary.com/dpol0pyoo/image/upload/v1772203434/idf_memorials/pid_1496.webp",""
"1507","https://res.cloudinary.com/dpol0pyoo/image/upload/v1772203438/idf_memorials/pid_1507.webp","https://res.cloudinary.com/dpol0pyoo/image/fetch/c_crop,g_face/w_150,h_195,g_north/https://res.cloudinary.com/dpol0pyoo/image/upload/v1772203438/idf_memorials/pid_1507.webp",""
"1508","https://res.cloudinary.com/dpol0pyoo/image/upload/v1772203442/idf_memorials/pid_1508.webp","https://res.cloudinary.com/dpol0pyoo/image/fetch/c_crop,g_face/w_150,h_195,g_north/https://res.cloudinary.com/dpol0pyoo/image/upload/v1772203442/idf_memorials/pid_1508.webp",""
"1518","https://res.cloudinary.com/dpol0pyoo/image/upload/v1772203446/idf_memorials/pid_1518.webp","https://res.cloudinary.com/dpol0pyoo/image/fetch/c_crop,g_face/w_150,h_195,g_north/https://res.cloudinary.com/dpol0pyoo/image/upload/v1772203446/idf_memorials/pid_1518.webp",""
"1538","https://res.cloudinary.com/dpol0pyoo/image/upload/v1772203450/idf_memorials/pid_1538.jpg","https://res.cloudinary.com/dpol0pyoo/image/fetch/c_crop,g_face/w_150,h_195,g_north/https://res.cloudinary.com/dpol0pyoo/image/upload/v1772203450/idf_memorials/pid_1538.jpg",""
"1539","https://res.cloudinary.com/dpol0pyoo/image/upload/v1772203454/idf_memorials/pid_1539.webp","https://res.cloudinary.com/dpol0pyoo/image/fetch/c_crop,g_face/w_150,h_195,g_north/https://res.cloudinary.com/dpol0pyoo/image/upload/v1772203454/idf_memorials/pid_1539.webp",""
"1543","https://res.cloudinary.com/dpol0pyoo/image/upload/v1772203458/idf_memorials/pid_1543.jpg","https://res.cloudinary.com/dpol0pyoo/image/fetch/c_crop,g_face/w_150,h_195,g_north/https://res.cloudinary.com/dpol0pyoo/image/upload/v1772203458/idf_memorials/pid_1543.jpg",""
"1544","https://res.cloudinary.com/dpol0pyoo/image/upload/v1772203462/idf_memorials/pid_1544.jpg","https://res.cloudinary.com/dpol0pyoo/image/fetch/c_crop,g_face/w_150,h_195,g_north/https://res.cloudinary.com/dpol0pyoo/image/upload/v1772203462/idf_memorials/pid_1544.jpg",""
"1545","https://res.cloudinary.com/dpol0pyoo/image/upload/v1772203467/idf_memorials/pid_1545.webp","https://res.cloudinary.com/dpol0pyoo/image/fetch/c_crop,g_face/w_150,h_195,g_north/https://res.cloudinary.com/dpol0pyoo/image/upload/v1772203467/idf_memorials/pid_1545.webp",""
"1551","https://res.cloudinary.com/dpol0pyoo/image/upload/v1772203471/idf_memorials/pid_1551.webp","https://res.cloudinary.com/dpol0pyoo/image/fetch/c_crop,g_face/w_150,h_195,g_north/https://res.cloudinary.com/dpol0pyoo/image/upload/v1772203471/idf_memorials/pid_1551.webp",""
"1561","https://res.cloudinary.com/dpol0pyoo/image/upload/v1772203479/idf_memorials/pid_1561.webp","https://res.cloudinary.com/dpol0pyoo/image/fetch/c_crop,g_face/w_150,h_195,g_north/https://res.cloudinary.com/dpol0pyoo/image/upload/v1772203479/idf_memorials/pid_1561.webp",""
"1571","https://res.cloudinary.com/dpol0pyoo/image/upload/v1772203483/idf_memorials/pid_1571.webp","https://res.cloudinary.com/dpol0pyoo/image/fetch/c_crop,g_face/w_150,h_195,g_north/https://res.cloudinary.com/dpol0pyoo/image/upload/v1772203483/idf_memorials/pid_1571.webp",""
"1574","https://res.cloudinary.com/dpol0pyoo/image/upload/v1772203487/idf_memorials/pid_1574.webp","https://res.cloudinary.com/dpol0pyoo/image/fetch/c_crop,g_face/w_150,h_195,g_north/https://res.cloudinary.com/dpol0pyoo/image/upload/v1772203487/idf_memorials/pid_1574.webp",""
"1579","https://res.cloudinary.com/dpol0pyoo/image/upload/v1772203491/idf_memorials/pid_1579.webp","https://res.cloudinary.com/dpol0pyoo/image/fetch/c_crop,g_face/w_150,h_195,g_north/https://res.cloudinary.com/dpol0pyoo/image/upload/v1772203491/idf_memorials/pid_1579.webp",""
"1581","https://res.cloudinary.com/dpol0pyoo/image/upload/v1772203499/idf_memorials/pid_1581.webp","https://res.cloudinary.com/dpol0pyoo/image/fetch/c_crop,g_face/w_150,h_195,g_north/https://res.cloudinary.com/dpol0pyoo/image/upload/v1772203499/idf_memorials/pid_1581.webp",""
"1582","https://res.cloudinary.com/dpol0pyoo/image/upload/v1772203504/idf_memorials/pid_1582.webp","https://res.cloudinary.com/dpol0pyoo/image/fetch/c_crop,g_face/w_150,h_195,g_north/https://res.cloudinary.com/dpol0pyoo/image/upload/v1772203504/idf_memorials/pid_1582.webp",""
"1585","https://res.cloudinary.com/dpol0pyoo/image/upload/v1772203508/idf_memorials/pid_1585.webp","https://res.cloudinary.com/dpol0pyoo/image/fetch/c_crop,g_face/w_150,h_195,g_north/https://res.cloudinary.com/dpol0pyoo/image/upload/v1772203508/idf_memorials/pid_1585.webp",""
"1588","https://res.cloudinary.com/dpol0pyoo/image/upload/v1772203515/idf_memorials/pid_1588.webp","https://res.cloudinary.com/dpol0pyoo/image/fetch/c_crop,g_face/w_150,h_195,g_north/https://res.cloudinary.com/dpol0pyoo/image/upload/v1772203515/idf_memorials/pid_1588.webp",""
"1599","https://res.cloudinary.com/dpol0pyoo/image/upload/v1772203519/idf_memorials/pid_1599.webp","https://res.cloudinary.com/dpol0pyoo/image/fetch/c_crop,g_face/w_150,h_195,g_north/https://res.cloudinary.com/dpol0pyoo/image/upload/v1772203519/idf_memorials/pid_1599.webp",""
"1602","https://res.cloudinary.com/dpol0pyoo/image/upload/v1772203524/idf_memorials/pid_1602.webp","https://res.cloudinary.com/dpol0pyoo/image/fetch/c_crop,g_face/w_150,h_195,g_north/https://res.cloudinary.com/dpol0pyoo/image/upload/v1772203524/idf_memorials/pid_1602.webp",""
"1605","https://res.cloudinary.com/dpol0pyoo/image/upload/v1772203528/idf_memorials/pid_1605.jpg","https://res.cloudinary.com/dpol0pyoo/image/fetch/c_crop,g_face/w_150,h_195,g_north/https://res.cloudinary.com/dpol0pyoo/image/upload/v1772203528/idf_memorials/pid_1605.jpg",""
"1606","https://res.cloudinary.com/dpol0pyoo/image/upload/v1772203532/idf_memorials/pid_1606.webp","https://res.cloudinary.com/dpol0pyoo/image/fetch/c_crop,g_face/w_150,h_195,g_north/https://res.cloudinary.com/dpol0pyoo/image/upload/v1772203532/idf_memorials/pid_1606.webp",""
"1615","https://res.cloudinary.com/dpol0pyoo/image/upload/v1772203537/idf_memorials/pid_1615.webp","https://res.cloudinary.com/dpol0pyoo/image/fetch/c_crop,g_face/w_150,h_195,g_north/https://res.cloudinary.com/dpol0pyoo/image/upload/v1772203537/idf_memorials/pid_1615.webp",""
"1633","https://res.cloudinary.com/dpol0pyoo/image/upload/v1772203542/idf_memorials/pid_1633.webp","https://res.cloudinary.com/dpol0pyoo/image/fetch/c_crop,g_face/w_150,h_195,g_north/https://res.cloudinary.com/dpol0pyoo/image/upload/v1772203542/idf_memorials/pid_1633.webp",""
"1640","https://res.cloudinary.com/dpol0pyoo/image/upload/v1772203551/idf_memorials/pid_1640.webp","https://res.cloudinary.com/dpol0pyoo/image/fetch/c_crop,g_face/w_150,h_195,g_north/https://res.cloudinary.com/dpol0pyoo/image/upload/v1772203551/idf_memorials/pid_1640.webp",""
"1641","https://res.cloudinary.com/dpol0pyoo/image/upload/v1772203554/idf_memorials/pid_1641.jpg","https://res.cloudinary.com/dpol0pyoo/image/fetch/c_crop,g_face/w_150,h_195,g_north/https://res.cloudinary.com/dpol0pyoo/image/upload/v1772203554/idf_memorials/pid_1641.jpg",""
"1642","https://res.cloudinary.com/dpol0pyoo/image/upload/v1772203558/idf_memorials/pid_1642.jpg","https://res.cloudinary.com/dpol0pyoo/image/fetch/c_crop,g_face/w_150,h_195,g_north/https://res.cloudinary.com/dpol0pyoo/image/upload/v1772203558/idf_memorials/pid_1642.jpg",""
"1643","https://res.cloudinary.com/dpol0pyoo/image/upload/v1772203563/idf_memorials/pid_1643.jpg","https://res.cloudinary.com/dpol0pyoo/image/fetch/c_crop,g_face/w_150,h_195,g_north/https://res.cloudinary.com/dpol0pyoo/image/upload/v1772203563/idf_memorials/pid_1643.jpg",""
"1659","https://res.cloudinary.com/dpol0pyoo/image/upload/v1772203567/idf_memorials/pid_1659.webp","https://res.cloudinary.com/dpol0pyoo/image/fetch/c_crop,g_face/w_150,h_195,g_north/https://res.cloudinary.com/dpol0pyoo/image/upload/v1772203567/idf_memorials/pid_1659.webp",""
"1664","https://res.cloudinary.com/dpol0pyoo/image/upload/v1772203571/idf_memorials/pid_1664.webp","https://res.cloudinary.com/dpol0pyoo/image/fetch/c_crop,g_face/w_150,h_195,g_north/https://res.cloudinary.com/dpol0pyoo/image/upload/v1772203571/idf_memorials/pid_1664.webp",""
"1665","https://res.cloudinary.com/dpol0pyoo/image/upload/v1772203576/idf_memorials/pid_1665.webp","https://res.cloudinary.com/dpol0pyoo/image/fetch/c_crop,g_face/w_150,h_195,g_north/https://res.cloudinary.com/dpol0pyoo/image/upload/v1772203576/idf_memorials/pid_1665.webp",""
"1666","https://res.cloudinary.com/dpol0pyoo/image/upload/v1772203580/idf_memorials/pid_1666.webp","https://res.cloudinary.com/dpol0pyoo/image/fetch/c_crop,g_face/w_150,h_195,g_north/https://res.cloudinary.com/dpol0pyoo/image/upload/v1772203580/idf_memorials/pid_1666.webp",""
"1668","https://res.cloudinary.com/dpol0pyoo/image/upload/v1772203585/idf_memorials/pid_1668.webp","https://res.cloudinary.com/dpol0pyoo/image/fetch/c_crop,g_face/w_150,h_195,g_north/https://res.cloudinary.com/dpol0pyoo/image/upload/v1772203585/idf_memorials/pid_1668.webp",""
"1692","https://res.cloudinary.com/dpol0pyoo/image/upload/v1772203589/idf_memorials/pid_1692.webp","https://res.cloudinary.com/dpol0pyoo/image/fetch/c_crop,g_face/w_150,h_195,g_north/https://res.cloudinary.com/dpol0pyoo/image/upload/v1772203589/idf_memorials/pid_1692.webp",""
"1703","https://res.cloudinary.com/dpol0pyoo/image/upload/v1772203596/idf_memorials/pid_1703.webp","https://res.cloudinary.com/dpol0pyoo/image/fetch/c_crop,g_face/w_150,h_195,g_north/https://res.cloudinary.com/dpol0pyoo/image/upload/v1772203596/idf_memorials/pid_1703.webp",""
"1706","https://res.cloudinary.com/dpol0pyoo/image/upload/v1772203601/idf_memorials/pid_1706.webp","https://res.cloudinary.com/dpol0pyoo/image/fetch/c_crop,g_face/w_150,h_195,g_north/https://res.cloudinary.com/dpol0pyoo/image/upload/v1772203601/idf_memorials/pid_1706.webp",""
"1707","https://res.cloudinary.com/dpol0pyoo/image/upload/v1772203605/idf_memorials/pid_1707.webp","https://res.cloudinary.com/dpol0pyoo/image/fetch/c_crop,g_face/w_150,h_195,g_north/https://res.cloudinary.com/dpol0pyoo/image/upload/v1772203605/idf_memorials/pid_1707.webp",""
"1708","https://res.cloudinary.com/dpol0pyoo/image/upload/v1772203609/idf_memorials/pid_1708.jpg","https://res.cloudinary.com/dpol0pyoo/image/fetch/c_crop,g_face/w_150,h_195,g_north/https://res.cloudinary.com/dpol0pyoo/image/upload/v1772203609/idf_memorials/pid_1708.jpg",""
"1709","https://res.cloudinary.com/dpol0pyoo/image/upload/v1772203613/idf_memorials/pid_1709.webp","https://res.cloudinary.com/dpol0pyoo/image/fetch/c_crop,g_face/w_150,h_195,g_north/https://res.cloudinary.com/dpol0pyoo/image/upload/v1772203613/idf_memorials/pid_1709.webp",""
"1710","https://res.cloudinary.com/dpol0pyoo/image/upload/v1772203618/idf_memorials/pid_1710.webp","https://res.cloudinary.com/dpol0pyoo/image/fetch/c_crop,g_face/w_150,h_195,g_north/https://res.cloudinary.com/dpol0pyoo/image/upload/v1772203618/idf_memorials/pid_1710.webp",""
"1711","https://res.cloudinary.com/dpol0pyoo/image/upload/v1772203622/idf_memorials/pid_1711.webp","https://res.cloudinary.com/dpol0pyoo/image/fetch/c_crop,g_face/w_150,h_195,g_north/https://res.cloudinary.com/dpol0pyoo/image/upload/v1772203622/idf_memorials/pid_1711.webp",""
"1712","https://res.cloudinary.com/dpol0pyoo/image/upload/v1772203628/idf_memorials/pid_1712.webp","https://res.cloudinary.com/dpol0pyoo/image/fetch/c_crop,g_face/w_150,h_195,g_north/https://res.cloudinary.com/dpol0pyoo/image/upload/v1772203628/idf_memorials/pid_1712.webp",""
"1713","https://res.cloudinary.com/dpol0pyoo/image/upload/v1772203632/idf_memorials/pid_1713.webp","https://res.cloudinary.com/dpol0pyoo/image/fetch/c_crop,g_face/w_150,h_195,g_north/https://res.cloudinary.com/dpol0pyoo/image/upload/v1772203632/idf_memorials/pid_1713.webp",""
"1714","https://res.cloudinary.com/dpol0pyoo/image/upload/v1772203636/idf_memorials/pid_1714.webp","https://res.cloudinary.com/dpol0pyoo/image/fetch/c_crop,g_face/w_150,h_195,g_north/https://res.cloudinary.com/dpol0pyoo/image/upload/v1772203636/idf_memorials/pid_1714.webp",""
"1715","https://res.cloudinary.com/dpol0pyoo/image/upload/v1772203641/idf_memorials/pid_1715.webp","https://res.cloudinary.com/dpol0pyoo/image/fetch/c_crop,g_face/w_150,h_195,g_north/https://res.cloudinary.com/dpol0pyoo/image/upload/v1772203641/idf_memorials/pid_1715.webp",""
"1723","https://res.cloudinary.com/dpol0pyoo/image/upload/v1772203645/idf_memorials/pid_1723.webp","https://res.cloudinary.com/dpol0pyoo/image/fetch/c_crop,g_face/w_150,h_195,g_north/https://res.cloudinary.com/dpol0pyoo/image/upload/v1772203645/idf_memorials/pid_1723.webp",""
"1725","https://res.cloudinary.com/dpol0pyoo/image/upload/v1772203649/idf_memorials/pid_1725.webp","https://res.cloudinary.com/dpol0pyoo/image/fetch/c_crop,g_face/w_150,h_195,g_north/https://res.cloudinary.com/dpol0pyoo/image/upload/v1772203649/idf_memorials/pid_1725.webp",""
"1733","https://res.cloudinary.com/dpol0pyoo/image/upload/v1772203660/idf_memorials/pid_1733.webp","https://res.cloudinary.com/dpol0pyoo/image/fetch/c_crop,g_face/w_150,h_195,g_north/https://res.cloudinary.com/dpol0pyoo/image/upload/v1772203660/idf_memorials/pid_1733.webp",""
"2009","https://res.cloudinary.com/dpol0pyoo/image/upload/v1772203664/idf_memorials/pid_2009.jpg","https://res.cloudinary.com/dpol0pyoo/image/fetch/c_crop,g_face/w_150,h_195,g_north/https://res.cloudinary.com/dpol0pyoo/image/upload/v1772203664/idf_memorials/pid_2009.jpg",""
"2010","https://res.cloudinary.com/dpol0pyoo/image/upload/v1772203668/idf_memorials/pid_2010.webp","https://res.cloudinary.com/dpol0pyoo/image/fetch/c_crop,g_face/w_150,h_195,g_north/https://res.cloudinary.com/dpol0pyoo/image/upload/v1772203668/idf_memorials/pid_2010.webp",""
"2011","https://res.cloudinary.com/dpol0pyoo/image/upload/v1772203672/idf_memorials/pid_2011.webp","https://res.cloudinary.com/dpol0pyoo/image/fetch/c_crop,g_face/w_150,h_195,g_north/https://res.cloudinary.com/dpol0pyoo/image/upload/v1772203672/idf_memorials/pid_2011.webp",""
"2012","https://res.cloudinary.com/dpol0pyoo/image/upload/v1772203677/idf_memorials/pid_2012.webp","https://res.cloudinary.com/dpol0pyoo/image/fetch/c_crop,g_face/w_150,h_195,g_north/https://res.cloudinary.com/dpol0pyoo/image/upload/v1772203677/idf_memorials/pid_2012.webp",""
"2017","https://res.cloudinary.com/dpol0pyoo/image/upload/v1772203682/idf_memorials/pid_2017.webp","https://res.cloudinary.com/dpol0pyoo/image/fetch/c_crop,g_face/w_150,h_195,g_north/https://res.cloudinary.com/dpol0pyoo/image/upload/v1772203682/idf_memorials/pid_2017.webp",""
"2650","https://res.cloudinary.com/dpol0pyoo/image/upload/v1772203687/idf_memorials/pid_2650.webp","https://res.cloudinary.com/dpol0pyoo/image/fetch/c_crop,g_face/w_150,h_195,g_north/https://res.cloudinary.com/dpol0pyoo/image/upload/v1772203687/idf_memorials/pid_2650.webp",""