"","PID","Cloudinary URL"
"","537","https://res.cloudinary.com/dpol0pyoo/image/fetch/c_crop,g_face/w_150,h_195,g_north/https://images.ctfassets.net/tyagww523muq/4VRETiis1CIhvMkhyLOkro/0082663708966f9027c9ff86841e900e/PHOTO-2023-10-09-19-02-40-52-.jpg?w=585&q=70"
"","125","https://res.cloudinary.com/dpol0pyoo/image/fetch/c_crop,g_face/w_150,h_195,g_north/https://img.haarets.co.il/bs/0000018b-5d25-d307-adbb-7d3d21230001/b5/86/45c446b44f48848bc498548839ff/adi-shoham.JPG?precrop=undefined,undefined,xundefined,yundefined&width=168&height=130"
"","597","https://res.cloudinary.com/dpol0pyoo/image/fetch/c_crop,g_face/w_150,h_195,g_north/https://img.haarets.co.il/bs/0000018b-4b10-dc3c-a5df-dfb818550001/97/81/82b788524c12874e0d3849eddcd0/23296-3.jpg?precrop=920,920,x908,y246&width=168&height=130"
"","341","https://res.cloudinary.com/dpol0pyoo/image/fetch/c_crop,g_face/w_150,h_195,g_north/https://img.haarets.co.il/bs/0000018b-4ada-d1fd-a59f-efdb184a0001/70/be/ded9934a48278b88f4b56408812d/71034.jpg?precrop=786,786,x64,y487&width=168&height=130"
"","471","https://res.cloudinary.com/dpol0pyoo/image/fetch/c_crop,g_face/w_150,h_195,g_north/https://img.mako.co.il//2023/11/05/AgamBerger.jpg"
"","303","https://res.cloudinary.com/dpol0pyoo/image/fetch/c_crop,g_face/w_150,h_195,g_north/https://img.haarets.co.il/bs/0000018b-7f2d-d4a8-a3cf-ffad32ca0001/97/a6/c2812c7643d4abe224f92ef1f477/agam.JPG?precrop=undefined,undefined,xundefined,yundefined&width=168&height=130"
"","1634","https://res.cloudinary.com/dpol0pyoo/image/fetch/c_crop,g_face/w_150,h_195,g_north/https://assets-global.website-files.com/6527c2936fb0dc6bcfaf4f0c/652be63bb52b8f954933d895_no%20image%20placeholder%20men.png"
"","625","https://res.cloudinary.com/dpol0pyoo/image/fetch/c_crop,g_face/w_150,h_195,g_north/https://assets-global.website-files.com/652a57dd622571ba143495d5/652bb96ce51ee095a8bff441_Trupanob%20Alexander.jpg"
"","1319","https://res.cloudinary.com/dpol0pyoo/image/fetch/c_crop,g_face/w_150,h_195,g_north/https://ynet-pic1.yit.co.il/picserver5/crop_images/2023/10/26/H1NCYm00za/H1NCYm00za_0_0_667_566_0_x-large.jpg"
"","809","https://res.cloudinary.com/dpol0pyoo/image/fetch/c_crop,g_face/w_150,h_195,g_north/https://img.haarets.co.il/bs/0000018b-5816-d473-a5fb-7cdf2ccb0000/86/ff/706e753b4f0489058781d578218d/90448.jpg?precrop=971,971,x0,y304&width=168&height=130"
"","1318","https://res.cloudinary.com/dpol0pyoo/image/fetch/c_crop,g_face/w_150,h_195,g_north/https://img.haarets.co.il/bs/0000018b-5820-d2b2-addf-7e78005f0000/82/7d/15bab711488583eaaed4f89e8ae9/89464.jpg?precrop=undefined,undefined,xundefined,yundefined&width=168&height=130"
"","117","https://res.cloudinary.com/dpol0pyoo/image/fetch/c_crop,g_face/w_150,h_195,g_north/https://img.haarets.co.il/bs/0000018b-62bd-d473-a5fb-66fd84940001/38/d6/5c03862248d19a71d091436da72a/amit-shani.jpg?precrop=undefined,undefined,xundefined,yundefined&width=168&height=130"
"","623","https://res.cloudinary.com/dpol0pyoo/image/fetch/c_crop,g_face/w_150,h_195,g_north/https://assets-global.website-files.com/652a57dd622571ba143495d5/652d073634643bdb174716f2_Soussana%20Amit.jpg"
"","785","https://res.cloudinary.com/dpol0pyoo/image/fetch/c_crop,g_face/w_150,h_195,g_north/https://assets-global.website-files.com/652a57dd622571ba143495d5/652a7c61fd19962a339f7c0c_Andrey%20kozlov.jpg"
"","1656","https://res.cloudinary.com/dpol0pyoo/image/fetch/c_crop,g_face/w_150,h_195,g_north/https://res.cloudinary.com/dpol0pyoo/image/fetch/g_face/w_150,h_150/https://assets-global.website-files.com/6527c2936fb0dc6bcfaf4f0c/652be63bb52b8f954933d895_no%20image%20placeholder%20men.png"
"","645","https://res.cloudinary.com/dpol0pyoo/image/fetch/c_crop,g_face/w_150,h_195,g_north/https://img.mako.co.il//2023/11/05/ArbelYehud.jpg"
"","586","https://res.cloudinary.com/dpol0pyoo/image/fetch/c_crop,g_face/w_150,h_195,g_north/https://assets-global.website-files.com/652a57dd622571ba143495d5/652a92c1675e9e3c3464da88_Konio%20Ariel%2C%2026.jpg"
"","314","https://res.cloudinary.com/dpol0pyoo/image/fetch/c_crop,g_face/w_150,h_195,g_north/https://img.haarets.co.il/bs/0000018b-5d8b-d8e2-a1eb-ff9f207f0001/c4/16/e18a30ef4c5b96546c11bcbae01f/avigil.JPG?precrop=undefined,undefined,xundefined,yundefined&width=168&height=130"
"","578","https://res.cloudinary.com/dpol0pyoo/image/fetch/c_crop,g_face/w_150,h_195,g_north/https://img.haarets.co.il/bs/0000018b-65ff-d473-a5fb-65ff82350000/2b/5d/5bb06fb6475fab07bc7ef3a8c2d3/00458.jpg?precrop=823,823,x982,y75&width=168&height=130"
"","1649","https://res.cloudinary.com/dpol0pyoo/image/fetch/c_crop,g_face/w_150,h_195,g_north/https://res.cloudinary.com/dpol0pyoo/image/fetch/g_face/w_150,h_150/https://assets-global.website-files.com/6527c2936fb0dc6bcfaf4f0c/652be63bb52b8f954933d895_no%20image%20placeholder%20men.png"
"","2381","https://res.cloudinary.com/dpol0pyoo/image/fetch/c_crop,g_face/w_150,h_195,g_north/https://res.cloudinary.com/dpol0pyoo/image/fetch/g_face/w_150,h_150/https://assets-global.website-files.com/6527c2936fb0dc6bcfaf4f0c/652be63bb52b8f954933d895_no%20image%20placeholder%20men.png"
"","786","https://res.cloudinary.com/dpol0pyoo/image/fetch/c_crop,g_face/w_150,h_195,g_north/https://img.haarets.co.il/bs/0000018b-4aec-d199-a7eb-dffe46b30001/5c/cb/fc7b662345abbd1edcd715dc94ba/71189.jpg?precrop=1386,1387,x332,y249&width=168&height=130"
"","1635","https://res.cloudinary.com/dpol0pyoo/image/fetch/c_crop,g_face/w_150,h_195,g_north/https://img.haarets.co.il/bs/0000018b-6257-d288-afef-f2df24fb0001/ec/df/dad71a7d49d18db431f6625a1d4f/bilal.png?precrop=262,262,x167,y10&width=168&height=130"
"","1645","https://res.cloudinary.com/dpol0pyoo/image/fetch/c_crop,g_face/w_150,h_195,g_north/https://img.mako.co.il//2023/12/03/Bontum_Pankong.png"
"","1650","https://res.cloudinary.com/dpol0pyoo/image/fetch/c_crop,g_face/w_150,h_195,g_north/https://res.cloudinary.com/dpol0pyoo/image/fetch/g_face/w_150,h_150/https://assets-global.website-files.com/6527c2936fb0dc6bcfaf4f0c/652be63bb52b8f954933d895_no%20image%20placeholder%20men.png"
"","1674","https://res.cloudinary.com/dpol0pyoo/image/fetch/c_crop,g_face/w_150,h_195,g_north/https://res.cloudinary.com/dpol0pyoo/image/fetch/g_face/w_150,h_150/https://assets-global.website-files.com/6527c2936fb0dc6bcfaf4f0c/652be63bb52b8f954933d895_no%20image%20placeholder%20men.png"
"","665","https://res.cloudinary.com/dpol0pyoo/image/fetch/c_crop,g_face/w_150,h_195,g_north/https://img.haarets.co.il/bs/0000018b-5baf-d00f-a9bf-7bff7a610000/e6/51/5ebdc1d14fbca796ab6b349b0e12/54079183.JPG?precrop=297,297,x868,y182&width=168&height=130"
"","304","https://res.cloudinary.com/dpol0pyoo/image/fetch/c_crop,g_face/w_150,h_195,g_north/https://img.haarets.co.il/bs/0000018b-5d33-d307-adbb-7d3bd61e0001/43/d3/6be8ea954c5099de9b03ec5ca17f/hen.JPG?precrop=undefined,undefined,xundefined,yundefined&width=168&height=130"
"","657","https://res.cloudinary.com/dpol0pyoo/image/fetch/c_crop,g_face/w_150,h_195,g_north/https://img.haarets.co.il/bs/0000018b-4aee-d199-a7eb-dffe145d0000/77/3b/dea49c8040f2aab27399e9b0c323/71171.jpg?precrop=1981,1981,x207,y128&width=168&height=130"
"","412","https://res.cloudinary.com/dpol0pyoo/image/fetch/c_crop,g_face/w_150,h_195,g_north/https://img.haarets.co.il/bs/0000018b-901d-d7a8-afcf-babf27d90001/38/03/280057cb413aad567b3c367bdd07/daphna.PNG?precrop=undefined,undefined,xundefined,yundefined&width=168&height=130"
"","540","https://res.cloudinary.com/dpol0pyoo/image/fetch/c_crop,g_face/w_150,h_195,g_north/https://img.haarets.co.il/bs/0000018b-6165-d8e2-a1eb-e3775ad60001/38/ce/b2456cfd4cfca592d67d3d1ac1d4/daniel.JPG?precrop=412,412,x0,y0&width=168&height=130"
"","415","https://res.cloudinary.com/dpol0pyoo/image/fetch/c_crop,g_face/w_150,h_195,g_north/https://img.haarets.co.il/bs/0000018b-4b0c-d5d2-afef-cffdc8fa0001/cd/70/415ec472482cb5e4ecc7a36a0e53/71199.jpg?precrop=973,973,x453,y480&width=168&height=130"
"","587","https://res.cloudinary.com/dpol0pyoo/image/fetch/c_crop,g_face/w_150,h_195,g_north/https://img.haarets.co.il/bs/0000018b-5d66-d307-adbb-7d7e7fb60001/47/59/b31619a34815bcc16d949e031feb/david-konio.jpg?precrop=314,314,x166,y27&width=168&height=130"
"","572","https://res.cloudinary.com/dpol0pyoo/image/fetch/c_crop,g_face/w_150,h_195,g_north/https://img.haarets.co.il/bs/0000018b-4ad5-d199-a7eb-dfdfaa050001/d7/78/8b90fc8841cbae6328ba973d8111/71018.jpg?precrop=947,946,x224,y0&width=168&height=130"
"","579","https://res.cloudinary.com/dpol0pyoo/image/fetch/c_crop,g_face/w_150,h_195,g_north/https://img.haarets.co.il/bs/0000018b-901e-db71-a7df-fddfbd510000/c4/41/09f2b75f4dfe8fddd28324a4fe81/00465.jpg?precrop=1351,1350,x384,y0&width=168&height=130"
"","1331","https://res.cloudinary.com/dpol0pyoo/image/fetch/c_crop,g_face/w_150,h_195,g_north/https://assets-global.website-files.com/65467772df5823449b65067d/65467772df5823449b650aec_Steinbrecher%20Doron.jpg"
"","1337","https://res.cloudinary.com/dpol0pyoo/image/fetch/c_crop,g_face/w_150,h_195,g_north/https://img.haarets.co.il/bs/0000018b-62ce-d288-afef-f2deca080001/62/33/1df59deb416a8918cfc4136434c3/idan.jpg?precrop=291,291,x161,y0&width=168&height=130"
"","1316","https://res.cloudinary.com/dpol0pyoo/image/fetch/c_crop,g_face/w_150,h_195,g_north/https://www.tag.co.il/Missing/Mor%20Eitan%20Abraham.jpg"
"","573","https://res.cloudinary.com/dpol0pyoo/image/fetch/c_crop,g_face/w_150,h_195,g_north/https://img.haarets.co.il/bs/0000018b-62c9-d230-a1bf-6bf990ff0001/2a/1c/8dc93ac54d89a23317dd5618aad8/eitanhorn2.JPG?precrop=635,635,x0,y20&width=168&height=130"
"","642","https://res.cloudinary.com/dpol0pyoo/image/fetch/c_crop,g_face/w_150,h_195,g_north/https://img.haarets.co.il/bs/0000018b-9014-d7a8-afcf-bab74cc50000/d3/fe/53feb0884acf93ef67f99685efc5/90990.jpg?precrop=1293,1293,x387,y253&width=168&height=130"
"","627","https://res.cloudinary.com/dpol0pyoo/image/fetch/c_crop,g_face/w_150,h_195,g_north/https://img.haarets.co.il/bs/0000018b-8128-df47-a3df-ff29a63e0001/1f/ac/072ed39c4772aa8e88ced1edee69/lena.jpg?precrop=undefined,undefined,xundefined,yundefined&width=168&height=130"
"","118","https://res.cloudinary.com/dpol0pyoo/image/fetch/c_crop,g_face/w_150,h_195,g_north/https://img.haarets.co.il/bs/0000018b-4ae5-dc3c-a5df-deedacd40001/30/a6/7c4b50344c3c9e361de62cd50d96/71145.jpg?precrop=2047,2047,x145,y88&width=168&height=130"
"","722","https://res.cloudinary.com/dpol0pyoo/image/fetch/c_crop,g_face/w_150,h_195,g_north/https://img.haarets.co.il/bs/0000018b-4ad4-dc3c-a5df-defc11740001/bb/d3/682a4b3c4ea49df929fc5bec0ba3/70992.jpg?precrop=1231,1231,x231,y239&width=168&height=130"
"","1054","https://res.cloudinary.com/dpol0pyoo/image/fetch/c_crop,g_face/w_150,h_195,g_north/https://img.haarets.co.il/bs/0000018b-4ad2-d199-a7eb-dfdef9dc0001/5b/51/98f016ad4b099570cdd4686a038d/71243.jpg?precrop=1927,1928,x5,y0&width=168&height=130"
"","410","https://res.cloudinary.com/dpol0pyoo/image/fetch/c_crop,g_face/w_150,h_195,g_north/https://img.haarets.co.il/bs/0000018b-9016-db71-a7df-fddfb6000000/ab/e5/a41703d543c69c03022a0b0f3e87/90995.jpg?precrop=1139,1139,x1221,y35&width=168&height=130"
"","548","https://res.cloudinary.com/dpol0pyoo/image/fetch/c_crop,g_face/w_150,h_195,g_north/https://img.haarets.co.il/bs/0000018b-7f50-d1da-a1bb-7ff850140001/65/20/7cfeb9d94d96983a5ebeefbf754d/alma.JPG?precrop=178,178,x0,y0&width=168&height=130"
"","588","https://res.cloudinary.com/dpol0pyoo/image/fetch/c_crop,g_face/w_150,h_195,g_north/https://img.haarets.co.il/bs/0000018b-5d6f-d8e2-a1eb-ff7fd3ee0001/bb/da/2c21eaf94286bd71273f4cd7bfa6/ema-konio.jpg?precrop=346,346,x155,y4&width=168&height=130"
"","541","https://res.cloudinary.com/dpol0pyoo/image/fetch/c_crop,g_face/w_150,h_195,g_north/https://img.haarets.co.il/bs/0000018b-6164-d307-adbb-657ccf3a0001/16/b1/fec1df03413f9299a10f1cf0c439/emilia.JPG?precrop=416,416,x0,y0&width=168&height=130"
"","1559","https://res.cloudinary.com/dpol0pyoo/image/fetch/c_crop,g_face/w_150,h_195,g_north/https://res.cloudinary.com/dpol0pyoo/image/upload/v1702417766/Emily_Damari_utrzas.png"
"","83","https://res.cloudinary.com/dpol0pyoo/image/fetch/c_crop,g_face/w_150,h_195,g_north/https://static.timesofisrael.com/www/uploads/2023/10/231011160737-emily-hand-beeri-victim-1024x640.jpg"
"","575","https://res.cloudinary.com/dpol0pyoo/image/fetch/c_crop,g_face/w_150,h_195,g_north/https://img.haarets.co.il/bs/0000018b-814d-df47-a3df-ff4d948e0000/b9/8d/da0959c448c5a6c2a851df27595a/70859.jpg?precrop=403,403,x949,y528&width=168&height=130"
"","1312","https://res.cloudinary.com/dpol0pyoo/image/fetch/c_crop,g_face/w_150,h_195,g_north/https://img.haarets.co.il/bs/0000018b-8f8e-d477-a1ff-ff8e76bb0000/6a/53/66652b2549be916070b75f74edb1/89339.jpg?precrop=848,848,x323,y555&width=168&height=130"
"","658","https://res.cloudinary.com/dpol0pyoo/image/fetch/c_crop,g_face/w_150,h_195,g_north/https://img.haarets.co.il/bs/0000018b-4aef-dc3c-a5df-deef9f160001/b7/71/fd7107d245c883b457a97a4aedf5/71193.jpg?precrop=2034,2034,x153,y101&width=168&height=130"
"","655","https://res.cloudinary.com/dpol0pyoo/image/fetch/c_crop,g_face/w_150,h_195,g_north/https://img.haarets.co.il/bs/0000018b-4af5-dc3c-a5df-defd907e0001/a4/bc/468963854d399e77cec29ac27ff1/71190.jpg?precrop=784,784,x289,y506&width=168&height=130"
"","598","https://res.cloudinary.com/dpol0pyoo/image/fetch/c_crop,g_face/w_150,h_195,g_north/https://img.haarets.co.il/bs/0000018b-7f49-d4ba-a3ab-7fcdf6e90001/d0/be/e77dc7be423cae038dce5f2f4562/gadi.JPG?precrop=undefined,undefined,xundefined,yundefined&width=168&height=130"
"","305","https://res.cloudinary.com/dpol0pyoo/image/fetch/c_crop,g_face/w_150,h_195,g_north/https://img.haarets.co.il/bs/0000018b-7f2d-d1da-a1bb-7fbde44d0001/ed/d5/864177a04e9ea9d9631a13d451b4/gal.JPG?precrop=undefined,undefined,xundefined,yundefined&width=168&height=130"
"","1341","https://res.cloudinary.com/dpol0pyoo/image/fetch/c_crop,g_face/w_150,h_195,g_north/https://images2.corriereobjects.it/infografiche/2023/11/ostaggi-hamas/img/Gali-Berman.jpg"
"","1667","https://res.cloudinary.com/dpol0pyoo/image/fetch/c_crop,g_face/w_150,h_195,g_north/https://assets-global.website-files.com/652a57dd622571ba143495d5/654234841eb010432623c415_Tarshansky%20Gali.jpg"
"","756","https://res.cloudinary.com/dpol0pyoo/image/fetch/c_crop,g_face/w_150,h_195,g_north/https://img.haarets.co.il/bs/0000018b-900d-d7a8-afcf-baaf76e40000/f2/5c/cd5242a84d069883c838cdf7fc2c/12913.jpg?precrop=undefined,undefined,xundefined,yundefined&width=168&height=130"
"","1343","https://res.cloudinary.com/dpol0pyoo/image/fetch/c_crop,g_face/w_150,h_195,g_north/https://img.haarets.co.il/bs/0000018b-4ac9-d199-a7eb-dfdfc1a80001/46/a9/19d5b6164b87a3c0b149d8379d5e/43841.jpg?precrop=1945,1945,x108,y196&width=168&height=130"
"","585","https://res.cloudinary.com/dpol0pyoo/image/fetch/c_crop,g_face/w_150,h_195,g_north/https://img.haarets.co.il/bs/0000018b-618a-d8e2-a1eb-e39e20410000/98/04/d29e928d4d9cb7335e1ec437a806/00448.jpg?precrop=undefined,undefined,xundefined,yundefined&width=168&height=130"
"","1324","https://res.cloudinary.com/dpol0pyoo/image/fetch/c_crop,g_face/w_150,h_195,g_north/https://assets-global.website-files.com/652a57dd622571ba143495d5/6537c5b2b811c4c000e95b8e_Rotem%20-%20Shoshani%20Hila.jpg"
"","571","https://res.cloudinary.com/dpol0pyoo/image/fetch/c_crop,g_face/w_150,h_195,g_north/https://img.haarets.co.il/bs/0000018b-57a0-d8e2-a1eb-f7b661970002/53/49/40534d4f4fd6bb2c6c046f713233/ilana.JPG?precrop=undefined,undefined,xundefined,yundefined&width=168&height=130"
"","624","https://res.cloudinary.com/dpol0pyoo/image/fetch/c_crop,g_face/w_150,h_195,g_north/https://img.haarets.co.il/bs/0000018b-7f61-d4ba-a3ab-7fed8b8d0001/43/8d/97a2abff450f847e5cd5c508c4e8/irina.jpg?precrop=undefined,undefined,xundefined,yundefined&width=220&height=165"
"","834","https://res.cloudinary.com/dpol0pyoo/image/fetch/c_crop,g_face/w_150,h_195,g_north/https://img.haarets.co.il/bs/0000018b-4afd-d5d2-afef-cefd0bfc0001/3e/2c/8a651c874d229b193f32a086050b/70824.jpg?precrop=808,808,x620,y60&width=168&height=130"
"","1673","https://res.cloudinary.com/dpol0pyoo/image/fetch/c_crop,g_face/w_150,h_195,g_north/https://res.cloudinary.com/dpol0pyoo/image/fetch/g_face/w_150,h_150/https://assets-global.website-files.com/6527c2936fb0dc6bcfaf4f0c/652be63bb52b8f954933d895_no%20image%20placeholder%20men.png"
"","607","https://res.cloudinary.com/dpol0pyoo/image/fetch/c_crop,g_face/w_150,h_195,g_north/https://images2.corriereobjects.it/infografiche/2023/11/ostaggi-hamas/img/Gelienor-Pacheco.jpg"
"","424","https://res.cloudinary.com/dpol0pyoo/image/fetch/c_crop,g_face/w_150,h_195,g_north/https://img.haarets.co.il/bs/0000018b-4e18-dc3c-a5df-deb8f13e0001/dd/bc/3fa5bf494799be3a2d2e0a8fe63d/raanan.jpg?precrop=266,266,x388,y14&width=168&height=130"
"","1691","https://res.cloudinary.com/dpol0pyoo/image/fetch/c_crop,g_face/w_150,h_195,g_north/https://img.haarets.co.il/bs/0000018b-625a-d288-afef-f2dadb780001/7d/3c/c48fb8104557b084f04df868b236/kaid.png?precrop=122,122,x49,y52&width=168&height=130"
"","462","https://res.cloudinary.com/dpol0pyoo/image/fetch/c_crop,g_face/w_150,h_195,g_north/https://img.haarets.co.il/bs/0000018b-9021-db7e-af9b-fbe3191a0000/dd/8f/dff22a7041e0a3d7ed641d7a0f2c/12890.jpg?precrop=undefined,undefined,xundefined,yundefined&width=168&height=130"
"","545","https://res.cloudinary.com/dpol0pyoo/image/fetch/c_crop,g_face/w_150,h_195,g_north/https://images2.corriereobjects.it/infografiche/2023/11/ostaggi-hamas/img/Karina-Engelbert.jpg"
"","601","https://res.cloudinary.com/dpol0pyoo/image/fetch/c_crop,g_face/w_150,h_195,g_north/https://img.haarets.co.il/bs/0000018b-62ac-d288-afef-f2fce4820001/fa/19/18884922403bb45562e569637f00/keren-mundar.JPG?precrop=546,546,x0,y119&width=168&height=130"
"","1655","https://res.cloudinary.com/dpol0pyoo/image/fetch/c_crop,g_face/w_150,h_195,g_north/https://res.cloudinary.com/dpol0pyoo/image/upload/v1699630949/Khomkrit_Chombua_ijualm.png"
"","1672","https://res.cloudinary.com/dpol0pyoo/image/fetch/c_crop,g_face/w_150,h_195,g_north/https://static.timesofisrael.com/www/uploads/2023/11/Screen-Shot-2023-11-04-at-9.27.24-PM-e1699126168855.png"
"","1321","https://res.cloudinary.com/dpol0pyoo/image/fetch/c_crop,g_face/w_150,h_195,g_north/https://assets-global.website-files.com/652a57dd622571ba143495d5/6531106712a2a59682a1dd8e_Or%20Liam.jpg"
"","547","https://res.cloudinary.com/dpol0pyoo/image/fetch/c_crop,g_face/w_150,h_195,g_north/https://assets-global.website-files.com/652a57dd622571ba143495d5/652a8807222a1e9f8b57f1d1_Atzili%20Liat%2C%2049.jpg"
"","460","https://res.cloudinary.com/dpol0pyoo/image/fetch/c_crop,g_face/w_150,h_195,g_north/https://img.haarets.co.il/bs/0000018b-575b-d473-a5fb-77dbade90000/74/b2/10c5a2e14d02b78f5e1c62121cd3/91006.jpg?precrop=undefined,undefined,xundefined,yundefined&width=168&height=130"
"","654","https://res.cloudinary.com/dpol0pyoo/image/fetch/c_crop,g_face/w_150,h_195,g_north/https://img.haarets.co.il/bs/0000018b-4aaa-d199-a7eb-dffe5d920001/8f/42/bbca8e214122b549c59f8826c72a/70844.jpg?precrop=810,810,x201,y91&width=168&height=130"
"","1657","https://res.cloudinary.com/dpol0pyoo/image/fetch/c_crop,g_face/w_150,h_195,g_north/https://res.cloudinary.com/dpol0pyoo/image/fetch/g_face/w_150,h_150/https://assets-global.website-files.com/6527c2936fb0dc6bcfaf4f0c/652be63bb52b8f954933d895_no%20image%20placeholder%20men.png"
"","599","https://res.cloudinary.com/dpol0pyoo/image/fetch/c_crop,g_face/w_150,h_195,g_north/https://images2.corriereobjects.it/infografiche/2023/11/ostaggi-hamas/img/Margalit-Berta-Mozes.jpg"
"","404","https://res.cloudinary.com/dpol0pyoo/image/fetch/c_crop,g_face/w_150,h_195,g_north/https://assets-global.website-files.com/652a57dd622571ba143495d5/652a93e8e3e8f97337881e31_Matan%20angrest%2C%2021.jpg"
"","649","https://res.cloudinary.com/dpol0pyoo/image/fetch/c_crop,g_face/w_150,h_195,g_north/https://assets-global.website-files.com/64243efd9df86f37b61a76ef/65450899cd8b4a3c22a53b32_%D7%9E%D7%AA%D7%9F%20%D7%A6%D7%A0%D7%92%D7%90%D7%95%D7%A7%D7%A8.jpg"
"","772","https://res.cloudinary.com/dpol0pyoo/image/fetch/c_crop,g_face/w_150,h_195,g_north/https://assets-global.website-files.com/652a57dd622571ba143495d5/652d13b81d03208622ead0da_Harkin%20Maksym.jpg"
"","656","https://res.cloudinary.com/dpol0pyoo/image/fetch/c_crop,g_face/w_150,h_195,g_north/https://media3.reshet.tv/image/upload/t_og_image/v1701701957/uploads/2023/903833895.jpg"
"","835","https://res.cloudinary.com/dpol0pyoo/image/fetch/c_crop,g_face/w_150,h_195,g_north/https://img.haarets.co.il/bs/0000018b-4aff-dc3c-a5df-deff60420001/58/39/1fd3094a49df934a9fa699d4ac39/70824.jpg?precrop=596,595,x102,y329&width=168&height=130"
"","1349","https://res.cloudinary.com/dpol0pyoo/image/fetch/c_crop,g_face/w_150,h_195,g_north/https://img.haarets.co.il/bs/0000018b-8f2a-db7e-af9b-efeb43190000/66/e5/cc7adca345df8bc9529a17ecf764/13246.jpg?precrop=605,605,x195,y597&width=168&height=130"
"","848","https://res.cloudinary.com/dpol0pyoo/image/fetch/c_crop,g_face/w_150,h_195,g_north/https://img.haarets.co.il/bs/0000018b-4ac0-dc3c-a5df-dee878140000/75/20/0543d8894c06b592bdc3e858c3d7/70653.jpg?precrop=1886,1886,x0,y0&width=168&height=130"
"","542","https://res.cloudinary.com/dpol0pyoo/image/fetch/c_crop,g_face/w_150,h_195,g_north/https://img.haarets.co.il/bs/0000018b-6179-d307-adbb-65796d4c0001/fc/ed/6b4c6cff4fcfad8631c10b16b541/mika.jpg?precrop=631,631,x100,y0&width=168&height=130"
"","1646","https://res.cloudinary.com/dpol0pyoo/image/fetch/c_crop,g_face/w_150,h_195,g_north/https://assets-global.website-files.com/6527c2936fb0dc6bcfaf4f0c/652be63bb52b8f954933d895_no%20image%20placeholder%20men.png"
"","964","https://res.cloudinary.com/dpol0pyoo/image/fetch/c_crop,g_face/w_150,h_195,g_north/https://img.haarets.co.il/bs/0000018b-571d-d72c-a3af-77bdcb1a0001/93/e6/91875b9c4c1fae122a84424d3192/moran.JPG?precrop=undefined,undefined,xundefined,yundefined&width=168&height=130"
"","1315","https://res.cloudinary.com/dpol0pyoo/image/fetch/c_crop,g_face/w_150,h_195,g_north/https://assets-global.website-files.com/65467772df5823449b65067d/65467772df5823449b650ade_Levy%20Naama.jpg"
"","425","https://res.cloudinary.com/dpol0pyoo/image/fetch/c_crop,g_face/w_150,h_195,g_north/https://img.haarets.co.il/bs/0000018b-6224-d387-a7db-f7fe9bd90000/ab/f5/9f2b7a414c67b096dff3cf5a7298/bari-shel.JPG?precrop=undefined,undefined,xundefined,yundefined&width=168&height=130"
"","1632","https://res.cloudinary.com/dpol0pyoo/image/fetch/c_crop,g_face/w_150,h_195,g_north/https://img.mako.co.il/2023/12/03/Natwari_Mulkan.png"
"","1654","https://res.cloudinary.com/dpol0pyoo/image/fetch/c_crop,g_face/w_150,h_195,g_north/https://img.haarets.co.il/bs/0000018c-0af7-dca2-a9fd-6fff3d7f0001/32/2e/037d5d21485ab48d03bf61363b9f/capture45.JPG?precrop=99,76,x31,y46&width=220&height=165"
"","127","https://res.cloudinary.com/dpol0pyoo/image/fetch/c_crop,g_face/w_150,h_195,g_north/https://img.haarets.co.il/bs/0000018b-5d29-d473-a5fb-7de9c9610001/f1/ff/a60b380a409fae93aa03af93bb18/nawe-shoham.JPG?precrop=undefined,undefined,xundefined,yundefined&width=168&height=130"
"","593","https://res.cloudinary.com/dpol0pyoo/image/fetch/c_crop,g_face/w_150,h_195,g_north/https://img.haarets.co.il/bs/0000018b-60f2-d473-a5fb-64fbd1360001/3d/2f/a3276c864cb39d51f20b4c2c77e0/nili.JPG?precrop=undefined,undefined,xundefined,yundefined&width=168&height=130"
"","1311","https://res.cloudinary.com/dpol0pyoo/image/fetch/c_crop,g_face/w_150,h_195,g_north/https://assets-global.website-files.com/652a57dd622571ba143495d5/652b7463e51ee095a88739b1_Cohen%20Nimrod.jpg"
"","680","https://res.cloudinary.com/dpol0pyoo/image/fetch/c_crop,g_face/w_150,h_195,g_north/https://assets-global.website-files.com/65467772df5823449b65067d/65467772df5823449b650ab2_Argamani%20Noa.jpg"
"","33","https://res.cloudinary.com/dpol0pyoo/image/fetch/c_crop,g_face/w_150,h_195,g_north/https://img.haarets.co.il/bs/0000018b-5d19-d473-a5fb-7dd945c50001/99/e3/b45c78c8408db2bc6ba67a8f95c6/noam.jpg?precrop=undefined,undefined,xundefined,yundefined&width=168&height=130"
"","1322","https://res.cloudinary.com/dpol0pyoo/image/fetch/c_crop,g_face/w_150,h_195,g_north/https://assets-global.website-files.com/652a57dd622571ba143495d5/65311ae4b73af844906a7752_Or%20Noam.jpg"
"","1350","https://res.cloudinary.com/dpol0pyoo/image/fetch/c_crop,g_face/w_150,h_195,g_north/https://assets-global.website-files.com/652a57dd622571ba143495d5/653f317a949ae12c8d3de683_Weiss%20Noga.jpg"
"","1663","https://res.cloudinary.com/dpol0pyoo/image/fetch/c_crop,g_face/w_150,h_195,g_north/https://img.haarets.co.il/bs/0000018b-8bcb-db7e-af9b-ebcbb6cf0001/fd/a8/375d104143449fe63e3d27fbbe79/capture.JPG?precrop=493,493,x0,y0&width=168&height=130"
"","557","https://res.cloudinary.com/dpol0pyoo/image/fetch/c_crop,g_face/w_150,h_195,g_north/https://img.haarets.co.il/bs/0000018b-5e0c-d307-adbb-7f3c533f0001/8a/41/ced52c9a45738c1f1935945b7797/89320-4-2-2.jpg?precrop=811,811,x150,y29&width=168&height=130"
"","609","https://res.cloudinary.com/dpol0pyoo/image/fetch/c_crop,g_face/w_150,h_195,g_north/https://www.canal26.com/media/image/2023/10/10/566548.jpg"
"","576","https://res.cloudinary.com/dpol0pyoo/image/fetch/c_crop,g_face/w_150,h_195,g_north/https://www.fokus-jerusalem.tv/wp-content/uploads/2024/02/ofer-kalderon-titelbild-360x200.jpg"
"","67","https://res.cloudinary.com/dpol0pyoo/image/fetch/c_crop,g_face/w_150,h_195,g_north/https://img.haarets.co.il/bs/0000018b-4ae4-dc3c-a5df-deec7a8b0001/56/cb/81c499f34c11acdddb8ff44bbb6c/71129-1.jpg?precrop=2054,2054,x70,y91&width=168&height=130"
"","1344","https://res.cloudinary.com/dpol0pyoo/image/fetch/c_crop,g_face/w_150,h_195,g_north/https://img.haarets.co.il/bs/0000018b-573e-d470-afef-df7fd41e0000/9a/02/176a94164e5399b3d6057842ea5e/43835.jpg?precrop=undefined,undefined,xundefined,yundefined&width=168&height=130"
"","45","https://res.cloudinary.com/dpol0pyoo/image/fetch/c_crop,g_face/w_150,h_195,g_north/https://assets-global.website-files.com/65467772df5823449b65067d/65467772df5823449b650b1d_OHAD%20BEN%20AMI.jpg"
"","604","https://res.cloudinary.com/dpol0pyoo/image/fetch/c_crop,g_face/w_150,h_195,g_north/https://img.haarets.co.il/bs/0000018b-62b0-d288-afef-f2f8359e0001/a8/44/6221d1054f768d2ef8882e989e68/ohad-mundar2.JPG?precrop=undefined,undefined,xundefined,yundefined&width=168&height=130"
"","1328","https://res.cloudinary.com/dpol0pyoo/image/fetch/c_crop,g_face/w_150,h_195,g_north/https://img.haarets.co.il/bs/0000018b-5c7e-d2b2-addf-7e7e5e8d0000/fb/c7/2e94e7904a8587f2587afb83ea21/89906.jpg?precrop=1239,1239,x0,y137&width=168&height=130"
"","1334","https://res.cloudinary.com/dpol0pyoo/image/fetch/c_crop,g_face/w_150,h_195,g_north/https://img.haarets.co.il/bs/0000018b-5c8d-d8e2-a1eb-ff9fd6ae0001/1c/de/f04855a94564b6f44a805d0c83a5/whatsapp-image-2023-10-23-at-15-03-22.jpeg?precrop=758,758,x0,y176&width=168&height=130"
"","421","https://res.cloudinary.com/dpol0pyoo/image/fetch/c_crop,g_face/w_150,h_195,g_north/https://img.mako.co.il//2023/11/05/OmriMiren.jpg"
"","818","https://res.cloudinary.com/dpol0pyoo/image/fetch/c_crop,g_face/w_150,h_195,g_north/https://img.haarets.co.il/bs/0000018b-4ac2-dc3c-a5df-deea3eba0001/3a/ab/b62c5ec84892a6386f9dcbcb3799/70889.jpg?precrop=1717,1717,x352,y0&width=168&height=130"
"","796","https://res.cloudinary.com/dpol0pyoo/image/fetch/c_crop,g_face/w_150,h_195,g_north/https://static.timesofisrael.com/www/uploads/2023/10/Or-Levy.jpg"
"","640","https://res.cloudinary.com/dpol0pyoo/image/fetch/c_crop,g_face/w_150,h_195,g_north/https://static.timesofisrael.com/www/uploads/2023/10/Screen-Shot-2023-10-31-at-1.58.20-PM-1-e1698757049268-640x400.png"
"","1357","https://res.cloudinary.com/dpol0pyoo/image/fetch/c_crop,g_face/w_150,h_195,g_north/https://img.haarets.co.il/bs/0000018b-8174-d72d-adab-9df7aae30001/04/cd/bef6b28f40b6bde4f37a6834e0e1/capture.JPG?precrop=undefined,undefined,xundefined,yundefined&width=168&height=130"
"","1345","https://res.cloudinary.com/dpol0pyoo/image/fetch/c_crop,g_face/w_150,h_195,g_north/https://img.haarets.co.il/bs/0000018b-4acc-d5d2-afef-cefd3cdf0001/b3/32/192c647341d498a3972efa10dedf/43836.jpg?precrop=1650,1650,x0,y97&width=168&height=130"
"","1670","https://res.cloudinary.com/dpol0pyoo/image/fetch/c_crop,g_face/w_150,h_195,g_north/https://img.haarets.co.il/bs/0000018c-17a8-dd03-a7ff-bfb823900001/ba/74/906910f04019a459ee262a48baa2/ovat.JPG?precrop=120,92,x98,y24&width=220&height=165"
"","1669","https://res.cloudinary.com/dpol0pyoo/image/fetch/c_crop,g_face/w_150,h_195,g_north/https://res.cloudinary.com/dpol0pyoo/image/fetch/g_face/w_150,h_150/https://assets-global.website-files.com/6527c2936fb0dc6bcfaf4f0c/652be63bb52b8f954933d895_no%20image%20placeholder%20men.png"
"","1671","https://res.cloudinary.com/dpol0pyoo/image/fetch/c_crop,g_face/w_150,h_195,g_north/https://res.cloudinary.com/dpol0pyoo/image/fetch/g_face/w_150,h_150/https://assets-global.website-files.com/6527c2936fb0dc6bcfaf4f0c/652be63bb52b8f954933d895_no%20image%20placeholder%20men.png"
"","1662","https://res.cloudinary.com/dpol0pyoo/image/fetch/c_crop,g_face/w_150,h_195,g_north/https://img.haarets.co.il/bs/0000018c-0d60-ddff-a3bc-bde4ca750001/82/09/b1db986d456390ac1c9115becf9a/capture.JPG?precrop=278,214,x0,y1&width=220&height=165"
"","2379","https://res.cloudinary.com/dpol0pyoo/image/fetch/c_crop,g_face/w_150,h_195,g_north/https://assets-global.website-files.com/6527c2936fb0dc6bcfaf4f0c/652be63bb52b8f954933d895_no%20image%20placeholder%20men.png"
"","1325","https://res.cloudinary.com/dpol0pyoo/image/fetch/c_crop,g_face/w_150,h_195,g_north/https://assets-global.website-files.com/652a57dd622571ba143495d5/6537c53457ac41a72313714e_Rotem%20Raaya.jpg"
"","46","https://res.cloudinary.com/dpol0pyoo/image/fetch/c_crop,g_face/w_150,h_195,g_north/https://img.haarets.co.il/bs/0000018b-57a9-d8e2-a1eb-f7bfdd420000/1d/55/82e399524498b04248c876efbe5b/70923.jpg?precrop=undefined,undefined,xundefined,yundefined&width=168&height=130"
"","580","https://res.cloudinary.com/dpol0pyoo/image/fetch/c_crop,g_face/w_150,h_195,g_north/https://img.haarets.co.il/bs/0000018b-60ca-d2b2-addf-66fa42350001/78/a3/47058d6c442fba9375d015a99397/raz.jpg?precrop=204,204,x171,y0&width=168&height=130"
"","1352","https://res.cloudinary.com/dpol0pyoo/image/fetch/c_crop,g_face/w_150,h_195,g_north/https://img.haarets.co.il/bs/0000018b-62d8-d230-a1bf-6bf964030001/01/55/b02582aa4f878cd287444031a6c1/rimon.jpg?precrop=undefined,undefined,xundefined,yundefined&width=168&height=130"
"","1055","https://res.cloudinary.com/dpol0pyoo/image/fetch/c_crop,g_face/w_150,h_195,g_north/https://assets-global.website-files.com/652a57dd622571ba143495d5/652a7f3a29f6f7d9d2b84a5b_Rom%20braslavski2.jpg"
"","762","https://res.cloudinary.com/dpol0pyoo/image/fetch/c_crop,g_face/w_150,h_195,g_north/https://assets-global.website-files.com/65467772df5823449b65067d/65467772df5823449b650745_Romi%20Gonen.jpg"
"","1351","https://res.cloudinary.com/dpol0pyoo/image/fetch/c_crop,g_face/w_150,h_195,g_north/https://img.haarets.co.il/bs/0000018b-669b-d979-a3bb-efff54850000/d0/6d/ad4cef734ddaa490f8419ef95931/54113800.JPG?precrop=567,567,x123,y0&width=168&height=130"
"","603","https://res.cloudinary.com/dpol0pyoo/image/fetch/c_crop,g_face/w_150,h_195,g_north/https://img.haarets.co.il/bs/0000018b-62a9-ddfd-a59f-e3ed7a740001/5b/40/847c8ca9482b9072510fda19fe7a/ruti-mundar.JPG?precrop=523,523,x0,y59&width=168&height=130"
"","561","https://res.cloudinary.com/dpol0pyoo/image/fetch/c_crop,g_face/w_150,h_195,g_north/https://assets-global.website-files.com/65467772df5823449b65067d/65467772df5823449b650a97_Sagui%20Dekel%20Chen%2C%2035.jpg"
"","577","https://res.cloudinary.com/dpol0pyoo/image/fetch/c_crop,g_face/w_150,h_195,g_north/https://img.haarets.co.il/bs/0000018b-4aae-d199-a7eb-dffe9e7c0001/2c/6e/66c030f84e5aba80e62fe2522617/70859-3.jpg?precrop=352,351,x470,y493&width=168&height=130"
"","342","https://res.cloudinary.com/dpol0pyoo/image/fetch/c_crop,g_face/w_150,h_195,g_north/https://assets-global.website-files.com/65467772df5823449b65067d/65467772df5823449b650a78_Siegel%20Samuel%20Keith.jpg"
"","1644","https://res.cloudinary.com/dpol0pyoo/image/fetch/c_crop,g_face/w_150,h_195,g_north/https://res.cloudinary.com/dpol0pyoo/image/fetch/g_face/w_150,h_150/https://assets-global.website-files.com/6527c2936fb0dc6bcfaf4f0c/652be63bb52b8f954933d895_no%20image%20placeholder%20men.png"
"","555","https://res.cloudinary.com/dpol0pyoo/image/fetch/c_crop,g_face/w_150,h_195,g_north/https://img.haarets.co.il/bs/0000018b-7f7c-d4ba-a3ab-7ffdcfee0001/fd/42/e820c2a642b6877a1181727cb7c7/sapir.JPG?precrop=undefined,undefined,xundefined,yundefined&width=168&height=130"
"","2380","https://res.cloudinary.com/dpol0pyoo/image/fetch/c_crop,g_face/w_150,h_195,g_north/https://img.haarets.co.il/bs/0000018c-7c76-d55c-a7cc-ff768e6d0001/24/e9/61d5908140b0a0db329fd8aba237/satian.PNG?precrop=undefined,undefined,xundefined,yundefined&width=220&height=165"
"","780","https://res.cloudinary.com/dpol0pyoo/image/fetch/c_crop,g_face/w_150,h_195,g_north/https://assets-global.website-files.com/652a57dd622571ba143495d5/652a7f6079cbf4ed07fdf40b_Segev%20Kalfon.jpg"
"","570","https://res.cloudinary.com/dpol0pyoo/image/fetch/c_crop,g_face/w_150,h_195,g_north/https://assets-global.website-files.com/652a57dd622571ba143495d5/652a8b35422fddacbf7cf93d_Goren%20Shani%2C%2029.jpg"
"","589","https://res.cloudinary.com/dpol0pyoo/image/fetch/c_crop,g_face/w_150,h_195,g_north/https://img.haarets.co.il/bs/0000018b-5d6a-d473-a5fb-7debb7e90001/c2/e9/64ddaf6b47d390b354610cfc0b9b/sharon-konio.JPG?precrop=179,179,x0,y50&width=168&height=130"
"","34","https://res.cloudinary.com/dpol0pyoo/image/fetch/c_crop,g_face/w_150,h_195,g_north/https://img.haarets.co.il/bs/0000018b-5d17-d2b2-addf-7f7fa7590001/69/be/b867fc6843fba06806151da5b8f6/sharon.jpg?precrop=undefined,undefined,xundefined,yundefined&width=168&height=130"
"","1353","https://res.cloudinary.com/dpol0pyoo/image/fetch/c_crop,g_face/w_150,h_195,g_north/https://assets-global.website-files.com/652a57dd622571ba143495d5/653f31a2563726c836bc0b75_Weiss%20Shiri.jpg"
"","969","https://res.cloudinary.com/dpol0pyoo/image/fetch/c_crop,g_face/w_150,h_195,g_north/https://img.haarets.co.il/bs/0000018b-5d38-d8e2-a1eb-ff3e0d6d0001/cd/09/6fbaac7d4d5c9ebe632d83d816f6/shlomi-ziv.JPG?precrop=undefined,undefined,xundefined,yundefined&width=168&height=130"
"","130","https://res.cloudinary.com/dpol0pyoo/image/fetch/c_crop,g_face/w_150,h_195,g_north/https://images.crunchbase.com/image/upload/c_lpad,h_256,w_256,f_auto,q_auto:eco,dpr_1/cool7bwckm9muubtaoiv"
"","2378","https://res.cloudinary.com/dpol0pyoo/image/fetch/c_crop,g_face/w_150,h_195,g_north/https://res.cloudinary.com/dpol0pyoo/image/fetch/g_face/w_150,h_150/https://assets-global.website-files.com/6527c2936fb0dc6bcfaf4f0c/652be63bb52b8f954933d895_no%20image%20placeholder%20men.png"
"","1661","https://res.cloudinary.com/dpol0pyoo/image/fetch/c_crop,g_face/w_150,h_195,g_north/https://res.cloudinary.com/dpol0pyoo/image/fetch/g_face/w_150,h_150/https://assets-global.website-files.com/6527c2936fb0dc6bcfaf4f0c/652be63bb52b8f954933d895_no%20image%20placeholder%20men.png"
"","306","https://res.cloudinary.com/dpol0pyoo/image/fetch/c_crop,g_face/w_150,h_195,g_north/https://img.haarets.co.il/bs/0000018b-7f2e-d4a8-a3cf-ffaf74640001/80/1f/fd91d8964b5ab0dd3e441e804f83/tal.JPG?precrop=undefined,undefined,xundefined,yundefined&width=168&height=130"
"","128","https://res.cloudinary.com/dpol0pyoo/image/fetch/c_crop,g_face/w_150,h_195,g_north/https://img.haarets.co.il/bs/0000018b-5d21-d473-a5fb-7de920940001/b4/cf/6fe6f0ab44509e590963f700e5c3/tal-shoham.JPG?precrop=undefined,undefined,xundefined,yundefined&width=168&height=130"
"","594","https://res.cloudinary.com/dpol0pyoo/image/fetch/c_crop,g_face/w_150,h_195,g_north/https://img.haarets.co.il/bs/0000018b-583c-d473-a5fb-7cfd617f0001/a2/f5/980b10ca4b5ea1388951722f672f/tamar.png?precrop=233,233,x20,y0&width=168&height=130"
"","1652","https://res.cloudinary.com/dpol0pyoo/image/fetch/c_crop,g_face/w_150,h_195,g_north/https://res.cloudinary.com/dpol0pyoo/image/fetch/g_face/w_150,h_150/https://assets-global.website-files.com/6527c2936fb0dc6bcfaf4f0c/652be63bb52b8f954933d895_no%20image%20placeholder%20men.png"
"","1651","https://res.cloudinary.com/dpol0pyoo/image/fetch/c_crop,g_face/w_150,h_195,g_north/https://res.cloudinary.com/dpol0pyoo/image/fetch/g_face/w_150,h_150/https://assets-global.website-files.com/6527c2936fb0dc6bcfaf4f0c/652be63bb52b8f954933d895_no%20image%20placeholder%20men.png"
"","2383","https://res.cloudinary.com/dpol0pyoo/image/fetch/c_crop,g_face/w_150,h_195,g_north/https://img.haarets.co.il/bs/0000018c-7c78-d98c-abef-fefff7330001/10/80/326c3e554731afc1cca5d9cf70a5/watchara.PNG?precrop=undefined,undefined,xundefined,yundefined&width=220&height=165"
"","1648","https://res.cloudinary.com/dpol0pyoo/image/fetch/c_crop,g_face/w_150,h_195,g_north/https://assets-global.website-files.com/6527c2936fb0dc6bcfaf4f0c/652be63bb52b8f954933d895_no%20image%20placeholder%20men.png"
"","1660","https://res.cloudinary.com/dpol0pyoo/image/fetch/c_crop,g_face/w_150,h_195,g_north/https://res.cloudinary.com/dpol0pyoo/image/fetch/g_face/w_150,h_150/https://assets-global.website-files.com/6527c2936fb0dc6bcfaf4f0c/652be63bb52b8f954933d895_no%20image%20placeholder%20men.png"
"","1647","https://res.cloudinary.com/dpol0pyoo/image/fetch/c_crop,g_face/w_150,h_195,g_north/https://img.haarets.co.il/bs/0000018c-0752-dca2-a9fd-67da31390001/d0/5b/862ff4454db086d18cad8d867ebd/capture4444.JPG?precrop=601,462,x0,y1&width=220&height=165"
"","539","https://res.cloudinary.com/dpol0pyoo/image/fetch/c_crop,g_face/w_150,h_195,g_north/https://img.haarets.co.il/bs/0000018b-4abe-d5d2-afef-ceffac340001/f9/67/9f6cf3274b689ecdd4b487fc7f1b/71111.jpg?precrop=2054,2054,x73,y93&width=168&height=130"
"","641","https://res.cloudinary.com/dpol0pyoo/image/fetch/c_crop,g_face/w_150,h_195,g_north/https://img.haarets.co.il/bs/0000018b-842d-d055-afbf-b6af47670000/62/40/b33b53b34b618421832ecd219f76/yagil.JPG?precrop=229,229,x0,y4&width=168&height=130"
"","126","https://res.cloudinary.com/dpol0pyoo/image/fetch/c_crop,g_face/w_150,h_195,g_north/https://img.haarets.co.il/bs/0000018b-5d2e-d8e2-a1eb-ff3e1ce40001/e9/6e/13fb8b64420482189a24e9c1602e/yahili-shoham.JPG?precrop=undefined,undefined,xundefined,yundefined&width=168&height=130"
"","574","https://res.cloudinary.com/dpol0pyoo/image/fetch/c_crop,g_face/w_150,h_195,g_north/https://img.haarets.co.il/bs/0000018b-62cb-d230-a1bf-6bfb92a10001/31/72/f146c72f440b9151ecfaf70afd49/yair-horn.JPG?precrop=undefined,undefined,xundefined,yundefined&width=168&height=130"
"","554","https://res.cloudinary.com/dpol0pyoo/image/fetch/c_crop,g_face/w_150,h_195,g_north/https://img.haarets.co.il/bs/0000018b-609e-d307-adbb-65be2f8f0001/df/3a/a129ecca48c0b89b2f3372bb231d/yarden.jpg?precrop=undefined,undefined,xundefined,yundefined&width=168&height=130"
"","114","https://res.cloudinary.com/dpol0pyoo/image/fetch/c_crop,g_face/w_150,h_195,g_north/https://img.haarets.co.il/bs/0000018b-428c-d881-abab-ef8c3bc50000/3d/a6/876fd6034687942041b26dddedc3/54006342.JPG?precrop=undefined,undefined,xundefined,yundefined&width=168&height=130"
"","592","https://res.cloudinary.com/dpol0pyoo/image/fetch/c_crop,g_face/w_150,h_195,g_north/https://img.haarets.co.il/bs/0000018b-5e0b-d8e2-a1eb-ff1f86c30001/60/21/8b6b61274325a39fb931be16c39b/387756550-10159064595405793-33976346888915592-n-2-2.jpg?precrop=1861,1861,x0,y0&width=168&height=130"
"","1317","https://res.cloudinary.com/dpol0pyoo/image/fetch/c_crop,g_face/w_150,h_195,g_north/https://images2.corriereobjects.it/infografiche/2023/11/ostaggi-hamas/img/Yosef-Ohana.jpg"
"","590","https://res.cloudinary.com/dpol0pyoo/image/fetch/c_crop,g_face/w_150,h_195,g_north/https://img.haarets.co.il/bs/0000018b-5d73-d2b2-addf-7f7b45060001/15/61/3093d8bf464f95610156b9fdb796/yuli-konio.jpg?precrop=290,290,x183,y58&width=168&height=130"
"","1346","https://res.cloudinary.com/dpol0pyoo/image/fetch/c_crop,g_face/w_150,h_195,g_north/https://img.haarets.co.il/bs/0000018b-4acd-dc3c-a5df-deed20b70001/c3/57/7c3f826b48f1948b95b6f372db1e/43837.jpg?precrop=1650,1650,x0,y144&width=168&height=130"
"","544","https://res.cloudinary.com/dpol0pyoo/image/fetch/c_crop,g_face/w_150,h_195,g_north/https://img.haarets.co.il/bs/0000018b-617a-d307-adbb-657a0c7b0001/60/73/5561865f40a28eaae4938159b08f/yuval.jpg?precrop=516,516,x11,y0&width=168&height=130"
"","1342","https://res.cloudinary.com/dpol0pyoo/image/fetch/c_crop,g_face/w_150,h_195,g_north/https://images2.corriereobjects.it/infografiche/2023/11/ostaggi-hamas/img/Ziv-Berman.jpg"