"pid","first name","last name","middle name","הנצחה","הספריה הלאומית"
"2040","Maxim","Rizkov","","https://lezichram.police.gov.il/main/nofel/42181","987012976371205171"
"2079","Rose","Lubin","Elisheva Ida","https://lezichram.police.gov.il/main/nofel/42182",""
"2111","Jamal","Abbas","","https://www.idf.il/נופלים/חללי-המלחמה/ג-מאל-עבאס/","987012802851605171"
"2119","Dvir","Barazani","","https://www.idf.il/נופלים/חללי-המלחמה/דביר-ברזני/","987012803651505171"
"2131","Aschalwu","Sama","","https://www.idf.il/נופלים/חללי-המלחמה/אסצ-אלו-סמה/","987012803629805171"
"2132","Or","Brandes","","https://www.idf.il/נופלים/חללי-המלחמה/אור-ברנדס/","987012803648205171"
"2148","Maor","Gershoni","","https://www.idf.il/נופלים/חללי-המלחמה/מאור-גרשוני/","987012673590505171"
"2168","Tzvika","Lavi","","https://www.idf.il/נופלים/חללי-המלחמה/צביקה-לביא/","987012673594705171"
"2174","Oriya","Yaakov","","https://www.idf.il/נופלים/חללי-המלחמה/אוריה-יעקב/","987012673595805171"
"2179","Elisha","Levinshtern","","https://www.idf.il/נופלים/חללי-המלחמה/אלישע-לוינשטרן/","987012673593905171"
"2184","Joseph","Duran","Avner","https://www.idf.il/נופלים/חללי-המלחמה/יוסף-אבנר-דורן/","987012673589905171"
"2201","Shai","Ayeli","","https://www.idf.il/נופלים/חללי-המלחמה/שי-איילי/","987012673597305171"
"2202","Tal","Shua","","https://www.idf.il/נופלים/חללי-המלחמה/טל-שועה/","987012673589605171"
"2233","Harel","Sharvit","","https://www.idf.il/נופלים/חללי-המלחמה/הראל-שרביט/","987012770621805171"
"2235","Harel","Ittah","","https://www.idf.il/נופלים/חללי-המלחמה/הראל-איתח/","987012770623005171"
"2242","Shai","Garmai","","https://lezichram.police.gov.il/main/nofel/42186",""
"2264","Ori","Gerby","","https://www.idf.il/נופלים/חללי-המלחמה/אורי-ג-רבי/","987012803676805171"
"2283","Ariel","Wollfstal","Mordechay","https://www.idf.il/נופלים/חללי-המלחמה/אריאל-מרדכי-וולפסטל/","987012803653105171"
"2284","Sagi","Idan","","https://www.idf.il/נופלים/חללי-המלחמה/שגיא-עידן/","987012802842005171"
"2285","Mark","Kononovich","","https://www.idf.il/נופלים/חללי-המלחמה/מארק-קונונוביץ/","987012802854605171"
"2290","Eliran","Yeger","","https://www.idf.il/נופלים/חללי-המלחמה/אלירן-יגר/","987009828076605171"
"2298","Alon","Kleinman","","https://www.idf.il/נופלים/חללי-המלחמה/אלון-קליינמן/","987012802843205171"
"2303","Omer","Benjo","Sarah","https://www.idf.il/נופלים/חללי-המלחמה/עמר-שרה-בנג-ו/","987012770623805171"
"2304","Rotem","Sahar-Hadar","","https://www.idf.il/נופלים/חללי-המלחמה/רותם-סהר-הדר/","987012770623705171"
"2312","Eyal","Shuminov","","https://www.idf.il/נופלים/חללי-המלחמה/אייל-שומינוב/","987012770622805171"
"2336","Nadav","Cohen","","https://www.idf.il/נופלים/חללי-המלחמה/נדב-כהן/","987012802848305171"
"2341","Dor","Zimel","","https://www.idf.il/נופלים/חללי-המלחמה/דור-זימל/","987012803666805171"
"2345","Kalkidan","Mehar","","https://www.idf.il/נופלים/חללי-המלחמה/קאלקידן-מהרי/","987012802861805171"
"2346","Ido","Aviv","Yosef","https://www.idf.il/נופלים/חללי-המלחמה/עידו-אביב/","987012802867805171"
"2351","Dan","Kamkagi","","https://www.idf.il/נופלים/חללי-המלחמה/דן-קמחג-י/","987012802828505171"
"2352","Nahman","Hertz","Natan","https://www.idf.il/נופלים/חללי-המלחמה/נחמן-נתן-הרץ/","987012803662105171"
"2353","Yitav","Halevi","Lev","https://lezichram.police.gov.il/main/nofel/42195","987012803673505171"
"2360","Ira","Gispan","Yair","https://www.idf.il/נופלים/חללי-המלחמה/עירא-יאיר-גיספן/","987012789364305171"
"2371","Gal","Shabbat","","https://www.idf.il/נופלים/חללי-המלחמה/גל-שבת/","987012794268605171"
"2375","Betzalel","Kovach","Zvi","https://www.idf.il/נופלים/חללי-המלחמה/בצלאל-צבי-קובץ/","987012798771705171"
"2376","Sahar","Sudaei","","https://www.idf.il/נופלים/חללי-המלחמה/סהר-סודאי/","987012798771405171"
"2389","Eliya","Hilel","","https://www.idf.il/נופלים/חללי-המלחמה/אליה-הלל/","987012798758205171"
"2395","Refael","Kauders","","https://www.idf.il/נופלים/חללי-המלחמה/רפאל-קאודרס","987010362764805171"
"2402","Eitan","Koplovich","","https://www.idf.il/נופלים/חללי-המלחמה/איתן-קופלוביץ","987012832176605171"
"2403","Elon","Waiss","","https://www.idf.il/נופלים/חללי-המלחמה/אילון-ויס","987012832176105171"
"2404","Elyahu","Zimbalist","Moshe Shlomo","https://www.idf.il/נופלים/חללי-המלחמה/אליהו-משה-צימבליסט","987012832176205171"
"2405","Itay","Amar","","https://www.idf.il/נופלים/חללי-המלחמה/איתי-עמר","987012832176705171"
"2409","Yakir","Levi","Ya'akov","https://www.idf.il/נופלים/חללי-המלחמה/יקיר-יעקב-לוי","987012832176805171"
"2412","Omer","Smadga","","https://www.idf.il/נופלים/חללי-המלחמה/עומר-סמדג-ה","987012837972405171"
"2416","Alon","Scagio","","https://www.idf.il/נופלים/חללי-המלחמה/אלון-סקאג-יו","987012846875105171"
"2421","Yehuda","Geto","","https://www.idf.il/נופלים/חללי-המלחמה/יהודה-גטו","987012846861205171"
"2427","Itay","Galea","","https://www.idf.il/נופלים/חללי-המלחמה/איתי-גלאה","987012846848605171"
"2428","Eyal","Mimran","","https://www.idf.il/נופלים/חללי-המלחמה/אייל-מימרן","987012846848505171"
"2429","Jalaa","Ibrahem","","https://www.idf.il/נופלים/חללי-המלחמה/ג-לאא-אבראהים","987012852471305171"
"2430","Tal","Lahat","Binyamin","https://www.idf.il/נופלים/חללי-המלחמה/טל-להט","987012855376905171"
"2431","Valeri","Chefonov","","https://www.idf.il/נופלים/חללי-המלחמה/ולרי-צ-פונוב/","987012856577105171"
"2432","Arnon","Zmora","","https://lezichram.police.gov.il/main/nofel/42196","987012807573005171"
"2453","Yonatan","Greenblatt","Aharon","https://www.idf.il/נופלים/חללי-המלחמה/יונתן-אהרן-גרינבלט/","987012858640305171"
"2472","Mordechai","Ben Shoam","Yosef","https://www.idf.il/נופלים/חללי-המלחמה/מרדכי-יוסף-בן-שועם/","987012882759005171"
"2474","Shahar","Ben Nun","","https://www.idf.il/נופלים/חללי-המלחמה/שחר-בן-נון/","987012882750905171"
"2487","Danil","Pechenyuk","","https://www.idf.il/נופלים/חללי-המלחמה/דניל-פצ-ניוק/","987012882163205171"
"2490","Amit","Tsadikov","","https://www.idf.il/נופלים/חללי-המלחמה/עמית-צדיקוב/","987012882738605171"
"2492","Shlomo","Hazut","Yehonatan","https://www.idf.il/נופלים/חללי-המלחמה/שלמה-יהונתן-חזוט/","987012882738405171"
"2501","Arik","Ben Eliahu","","https://lezichram.police.gov.il/main/nofel/42202",""
"2502","Roni","Shakuri","","https://lezichram.police.gov.il/main/nofel/42200",""
"2503","Hadas","Brantz","","https://lezichram.police.gov.il/main/nofel/42201",""
"2527","Ilia","Nozadze","","https://www.gov.il/en/pages/ilia-nozadze",""
"2530","Almken","Terefe","","https://www.idf.il/נופלים/חללי-המלחמה/עלמקאן-טרפה/","987012945067105171"
"2531","Ido","Broyer","","https://www.idf.il/נופלים/חללי-המלחמה/עידו-ברויר/","987012945067005171"
"2539","Tal","Dror","","https://www.idf.il/נופלים/חללי-המלחמה/טל-דרור/","987012945066605171"
"2540","Daniel","Sofer","Aviv Haim","https://www.idf.il/נופלים/חללי-המלחמה/דניאל-אביב-חיים-סופר/","987012945066505171"
"2542","Shira","Suslik","Chaya","https://lezichram.police.gov.il/main/nofel/42203","987012966175405171"
"2551","Ori","Borenstein","Moshe","https://www.idf.il/נופלים/חללי-המלחמה/אורי-משה-בורנשטיין/","987012976172705171"
"2552","Netanel","Hershkovitz","","https://www.idf.il/נופלים/חללי-המלחמה/נתנאל-הרשקוביץ-1/","987012976172605171"
"2553","Marantz","Matityahu","Tzvi","https://www.idf.il/נופלים/חללי-המלחמה/צבי-מתתיהו-מרנץ/","987012976172505171"
"2562","Adir","Kadosh","","https://lezichram.police.gov.il/main/nofel/42205",""
"2568","Elishai","Young","","https://www.idf.il/נופלים/חללי-המלחמה/אלישי-יונג/","987012976166305171"
"2569","Ofir","Berkovich","","https://www.idf.il/נופלים/חללי-המלחמה/אופיר-ברקוביץ/","987012976166405171"
"2570","Yishai","Greenbaum","Netanel","https://www.idf.il/נופלים/חללי-המלחמה/ישי-נתנאל-גרינבאום/","987012976166505171"
"2581","Guy","Idan","","https://www.idf.il/נופלים/חללי-המלחמה/גיא-עידן/","987012976164105171"
"2582","Omri","Lotan","","https://www.idf.il/נופלים/חללי-המלחמה/עמרי-לוטן/","987012976163705171"
"2583","Alon","Safrai","","https://www.idf.il/נופלים/חללי-המלחמה/אלון-ספראי/","987012976163805171"
"2584","Dan","Maori","","https://www.idf.il/נופלים/חללי-המלחמה/דן-מאורי/","987012976163905171"
"2585","Tom","Segal","","https://www.idf.il/נופלים/חללי-המלחמה/תום-סגל/","987012976164005171"
"2586","Hillel","Ovadia","Eliyahu","https://www.idf.il/נופלים/חללי-המלחמה/הלל-אליהו-עובדיה/","987012976163405171"
"2587","Ido","Ben Zvi","","https://www.idf.il/נופלים/חללי-המלחמה/עידו-בן-צבי/","987012976163505171"
"2588","Barak","Sagan","Israel","https://www.idf.il/נופלים/חללי-המלחמה/ברק-ישראל-סגן/","987012976163605171"
"2593","Shaul","Moyal","","https://www.idf.il/נופלים/חללי-המלחמה/שאול-מויאל/","987012976161805171"
"2594","Malachi","Harari","Yehuda","https://www.idf.il/נופלים/חללי-המלחמה/מלאכי-יהודה-הררי/","987012976161905171"
"2604","Nisim","Meytal","","https://www.idf.il/נופלים/חללי-המלחמה/ניסים-מיטל/","987012976159405171"
"2605","Yehonatan","Keren","","https://www.idf.il/נופלים/חללי-המלחמה/יהונתן-ג-וני-קרן/","987012976159305171"
"2645","Ze’ev","Erlich","Hanoch","https://www.idf.il/נופלים/חללי-המלחמה/זאב-חנוך-ז-אבו-ארליך/","987007310333005171"
"2665","Moshiko","Rozenwald","Maxim","https://www.idf.il/נופלים/חללי-המלחמה/מושיקו-מקסים-רוזנוולד/","987013168392605171"
"2668","Ilay","Atedgi","Gavriel","https://www.idf.il/נופלים/חללי-המלחמה/איליי-גבריאל-אטדגי/","987013168373405171"
"2669","Netanel","Pessach","","https://www.idf.il/נופלים/חללי-המלחמה/נתנאל-פסח/","987013168893405171"
"2670","Hillel","Diener","","https://www.idf.il/נופלים/חללי-המלחמה/הלל-דינר/","987013168893305171"
"2676","Elad","Winkelstein","Yaakov","https://lezichram.police.gov.il/main/nofel/42208","987013184289405171"
"2682","Kenew","Kasa","","https://www.idf.il/נופלים/חללי-המלחמה/קנאו-קאסה/","987013184279305171"
"2683","Matityahu","Perel","Ya’akov","https://www.idf.il/נופלים/חללי-המלחמה/מתתיהו-יעקב-פרל/","987013184279405171"
"2684","Nevo","Fisher","","https://www.idf.il/נופלים/חללי-המלחמה/נבו-פישר/","987013184279205171"
"2699","Liam","Hazi","","https://www.idf.il/נופלים/חללי-המלחמה/ליאם-חזי/","987013406242705171"
"2713","Neta","Kahane","Yitzhak","https://lezichram.police.gov.il/main/nofel/42217","987013406246605171"
"2776","Eitan","Zacks","","https://www.idf.il/נופלים/חללי-המלחמה/איתן-זקס/","987013508531705171"
"2830","Shahar","Bozaglo","Netanel","https://www.idf.il/נופלים/חללי-המלחמה/שחר-נתנאל-בוזגלו/","987013725857605171"
"2831","Chalachew","Demalash","Shimon","https://www.idf.il/נופלים/חללי-המלחמה/צאלצאו-שמעון-דמלאש/","987013725857505171"
"2847","Shay","Michali","","https://www.izkor.gov.il/שי-מיכאלי/en_ec04401e4819cb670700008b373d9f20",""
"2873","Ofri","Yafe","","https://www.idf.il/נופלים/חללי-המלחמה/עפרי-יפה/","987014353902305171"
"2877","Aharon","Cohen","","https://laad.btl.gov.il/Web/He/TerrorVictims/Page/Default.aspx?ID=45652",""
"2878","Olga","Weissberg","","https://laad.btl.gov.il/Web/He/TerrorVictims/Page/Default.aspx?ID=45654","987014407681705171"
"2879","Aviv","Maor","","https://laad.btl.gov.il/Web/He/TerrorVictims/Page/Default.aspx?ID=45660",""
"2880","Shimshon","Mordechai","","https://laad.btl.gov.il/Web/He/TerrorVictims/Page/Default.aspx?ID=45661",""
"2883","Mary Ann","de Vera","","https://laad.btl.gov.il/Web/He/TerrorVictims/Page/Default.aspx?ID=45665","987014402892005171"
"2884","Sara","Elimelech","","https://laad.btl.gov.il/Web/He/TerrorVictims/Page/Default.aspx?ID=45668","987014402891905171"
"2885","Ronit","Elimelech","","https://laad.btl.gov.il/Web/He/TerrorVictims/Page/Default.aspx?ID=45667","987014402891805171"
"2886","Oren","Katz","","https://laad.btl.gov.il/Web/He/TerrorVictims/Page/Default.aspx?ID=45669","987014402891705171"
"2887","Gavriel","Ravach","Baruch","https://laad.btl.gov.il/Web/He/TerrorVictims/Page/Default.aspx?ID=45670","987014402891505171"
"2888","Yosef","Cohen","","https://laad.btl.gov.il/Web/He/TerrorVictims/Page/Default.aspx?ID=45675","987014406382305171"
"2889","Bluria","Cohen","","https://laad.btl.gov.il/Web/He/TerrorVictims/Page/Default.aspx?ID=45674","987014406382405171"
"2890","Avigail","Biton","","https://laad.btl.gov.il/Web/He/TerrorVictims/Page/Default.aspx?ID=45672","987014406382505171"
"2891","Yaakov","Biton","","https://laad.btl.gov.il/Web/He/TerrorVictims/Page/Default.aspx?ID=45671","987014406382705171"
"2892","Sara","Biton","","https://laad.btl.gov.il/Web/He/TerrorVictims/Page/Default.aspx?ID=45673","987014406382605171"
"2893","Maher","Khatar","","https://www.idf.il/נופלים/חללי-המלחמה/מאהר-חטאר/","987014406382205171"
"2894","Or","Demry","","https://www.idf.il/נופלים/חללי-המלחמה/אור-דמרי/","987014407678005171"
"2897","Rostam","Golumov","","https://laad.btl.gov.il/Web/He/TerrorVictims/Page/Default.aspx?ID=45678","987014407674805171"
"2898","Amid","Mortozov","","https://laad.btl.gov.il/Web/He/TerrorVictims/Page/Default.aspx?ID=45679","987014407673505171"
"2899","Yaron","Moshe","","https://laad.btl.gov.il/Web/He/TerrorVictims/Page/Default.aspx?ID=45680","987014407656605171"
"2900","Ilana","Moshe","","https://laad.btl.gov.il/Web/He/TerrorVictims/Page/Default.aspx?ID=45681","987014407656705171"
"2901","Chaiwat","Waewnil","","https://laad.btl.gov.il/Web/He/TerrorVictims/Page/Default.aspx?ID=45682","987014416378705171"
"2902","Ofer","Moskovitz","","https://laad.btl.gov.il/Web/He/TerrorVictims/Page/Default.aspx?ID=45683","987014416374405171"
"2904","Nuriel","Dubin","","https://laad.btl.gov.il/Web/He/TerrorVictims/Page/Default.aspx?ID=45684","987014437095405171"
"2905","Ori","Greenberg","","https://www.idf.il/נופלים/חללי-המלחמה/אורי-גרינברג/","987014437092705171"
"2906","Aviaad","Volansky","Elchanan","https://www.idf.il/נופלים/חללי-המלחמה/אביעד-אלחנן-וולנסקי/","987014437793105171"
"2907","Uri","Peretz","","https://laad.btl.gov.il/Web/He/TerrorVictims/Page/Default.aspx?ID=45686","987014437792205171"
"2908","Yehuda","Sherman","","https://laad.btl.gov.il/Web/He/TerrorVictims/Page/Default.aspx?ID=45687",""
"2909","Vyacheslav","Vidamant","","https://laad.btl.gov.il/Web/He/TerrorVictims/Page/Default.aspx?ID=45688","987014437792105171"
"2910","Moshe","Hacohen Katz","Yitzchak","https://www.idf.il/נופלים/חללי-המלחמה/משה-יצחק-הכהן-כץ/","987014437792305171"
"2912","Liran","Ben Zion","","https://www.idf.il/נופלים/חללי-המלחמה/לירן-בן-ציון/","987014437789805171"
"2913","Maxim","Entis","","https://www.idf.il/נופלים/חללי-המלחמה/מקסים-אנטיס/","987014437787705171"
"2914","Noam","Madmoni","","https://www.idf.il/נופלים/חללי-המלחמה/נועם-מדמוני/","987014437787805171"
"2915","Ben","Cohen","","https://www.idf.il/נופלים/חללי-המלחמה/בן-כהן/","987014437787905171"
"2916","Gilad","Harel","","https://www.idf.il/נופלים/חללי-המלחמה/גלעד-הראל/","987014437787205171"
"2917","Guy","Ludar","","https://www.idf.il/נופלים/חללי-המלחמה/גיא-לודר/","987014437785105171"
"2918","Vladimir","Gershovitz","","https://laad.btl.gov.il/Web/He/TerrorVictims/Page/Default.aspx?ID=45689","987014437783705171"
"2919","Yelena","Gershovitz Ostrovsky","","https://laad.btl.gov.il/Web/He/TerrorVictims/Page/Default.aspx?ID=45690","987014437784405171"
"2920","Dimitri","Gershovitz","","https://laad.btl.gov.il/Web/He/TerrorVictims/Page/Default.aspx?ID=45691","987014437783605171"
"2921","Lucille","Gershovitz","Jane","https://laad.btl.gov.il/Web/He/TerrorVictims/Page/Default.aspx?ID=45692","987014437783505171"
"2923","Touvel","Lifshiz","Yosef","https://www.idf.il/נופלים/חללי-המלחמה/טובאל-יוסף-ליפשיץ/","987014437783405171"
"2927","Ayal","Bianco","Uriel","https://www.idf.il/נופלים/חללי-המלחמה/אייל-אוריאל-ביאנקו/","987014459832905171"
"2930","Barak","Kalfon","","https://www.idf.il/נופלים/חללי-המלחמה/ברק-כלפון/","987013431452705171"
"2931","Lidor","Porat","","https://www.idf.il/נופלים/חללי-המלחמה/לידור-פורת/","987014459197305171"
"2932","Nesya","Karadi","","https://laad.btl.gov.il/Web/He/TerrorVictims/Page/Default.aspx?ID=45695","987014459824005171"
"2933","Idan","Fooks","","https://www.idf.il/נופלים/חללי-המלחמה/עידן-פוקס/","987014459196405171"
"2934","Liem","Ben Hamo","","https://www.idf.il/נופלים/חללי-המלחמה/ליאם-בן-חמו/","987014459819205171"
"2935","Amer","Hujirat","","https://laad.btl.gov.il/Web/He/TerrorVictims/Page/Default.aspx?ID=45696","987014459820705171"
"2936","Alexander","Glovanyov","","https://www.idf.il/נופלים/חללי-המלחמה/אלכסנדר-גלובניוב/","987014610879705171"
"2937","Negev","Dagan","","https://www.idf.il/נופלים/חללי-המלחמה/נגב-דגן/","987014614077205171"
"2938","Maoz","Recanati","Israel","https://www.idf.il/נופלים/חללי-המלחמה/מעוז-ישראל-רקנטי/","987014614077105171"
"2939","Itamar","Sapir","","https://www.idf.il/נופלים/חללי-המלחמה/איתמר-ספיר/","987014630484305171"
"2940","Noam","Hamburger","","https://www.idf.il/נופלים/חללי-המלחמה/נועם-המבורגר/","987014630484205171"
"2941","Nehoray","Leizer","","https://www.idf.il/נופלים/חללי-המלחמה/נהוראי-לייזר/","987014630483805171"
"2942","Rotem","Yanai","","https://www.idf.il/נופלים/חללי-המלחמה/רותם-ינאי/","987014635384305171"
"2943","Michael","Tyukin","","https://www.idf.il/נופלים/חללי-המלחמה/מיכאל-טיוקין/","987014635382205171"
"2944","Adam","Tzarfati","","https://www.idf.il/נופלים/חללי-המלחמה/אדם-צרפתי/","987014635379405171"
"2945","Ori","Silvester","Yosef","https://www.idf.il/נופלים/חללי-המלחמה/אורי-יוסף-סילבסטר/","987014635375105171"
"2946","Eitan","Lemberg","Shmuel","https://www.idf.il/נופלים/חללי-המלחמה/איתן-שמואל-למברג/","987014651566205171"
"2947","Ohad","Yaari","","https://www.idf.il/נופלים/חללי-המלחמה/אהד-יערי/","987014651566105171"
"2948","Shahar","Gamla","","https://www.idf.il/נופלים/חללי-המלחמה/שחר-גמלא/","987014651566005171"
"2949","Haim","Kalomiti","","https://www.idf.il/נופלים/חללי-המלחמה/חיים-קלומיטי/","987014651565905171"
"2950","Alexander","Filin","","https://www.idf.il/נופלים/חללי-המלחמה/אלכסנדר-פילין/","987014671146305171"
"2951","Dor","Ben Simhon","Gedalia","https://www.idf.il/נופלים/חללי-המלחמה/דור-גדליה-בן-שמחון/","987014671145805171"
"2952","Yoav","Klein","","https://www.idf.il/נופלים/חללי-המלחמה/יואב-קליין/","987014671145605171"
"2953","Nir","Ben Ari","","https://www.idf.il/נופלים/חללי-המלחמה/ניר-בן-ארי/","987014671145405171"
"2954","Liav","Kababia","","https://www.idf.il/נופלים/חללי-המלחמה/ליאב-כבביה/","987014671145205171"
"2955","Nave","Habshoosh","","https://www.idf.il/נופלים/חללי-המלחמה/נוה-חבשוש/","987014671145105171"
"2956","Raad","Abu al-Qi'an","","https://laad.btl.gov.il/Web/He/TerrorVictims/Page/Default.aspx?ID=45700","987014671126605171"
"2957","Basil","Sweid","","https://www.idf.il/נופלים/חללי-המלחמה/באסל-סויד/","987014671126805171"
"2959","Michael","Katz","","","987014803991105171"
"2960","David","Hazutt","","https://www.idf.il/נופלים/חללי-המלחמה/דוד-חזות/","987014671123605171"
"2961","Yuval","Ezra","","https://www.idf.il/נופלים/חללי-המלחמה/יובל-עזרא/","987014808471105171"
"2962","Benayahu","Mellet","","https://www.idf.il/נופלים/חללי-המלחמה/בניהו-מלט/","987014808471005171"
"2963","Tamir","Vaknin","","https://www.idf.il/נופלים/חללי-המלחמה/תמיר-וקנין/",""
"2964","Harel","Birenstock","","https://www.idf.il/נופלים/חללי-המלחמה/הראל-בירנשטוק/",""