pid,memorial_url,nli_id,image_url,source,status,error
2040,https://lezichram.police.gov.il/main/nofel/42181,987012976371205171,https://www.police.gov.il/gal-ed/noflim/PictureGallery/042181/L_NP_042181_0.jpeg,police-gallery,ok,
2079,https://lezichram.police.gov.il/main/nofel/42182,,https://www.police.gov.il/gal-ed/noflim/PictureGallery/042182/L_NP_042182_0.jpeg,police-gallery,ok,
2111,https://www.idf.il/נופלים/חללי-המלחמה/ג-מאל-עבאס/,987012802851605171,,,failed,idf page blocked (Incapsula)
2119,https://www.idf.il/נופלים/חללי-המלחמה/דביר-ברזני/,987012803651505171,https://www.idf.il/media/5cgldtpv/whatsapp-image-2023-11-20-at-00-43-26_d85f752f.jpg,idf-cache,ok,
2131,https://www.idf.il/נופלים/חללי-המלחמה/אסצ-אלו-סמה/,987012803629805171,,,failed,idf page blocked (Incapsula)
2132,https://www.idf.il/נופלים/חללי-המלחמה/אור-ברנדס/,987012803648205171,https://www.idf.il/media/uunmlmg2/whatsapp-image-2023-12-03-at-06-05-47-1.jpeg,idf-cache,ok,
2148,https://www.idf.il/נופלים/חללי-המלחמה/מאור-גרשוני/,987012673590505171,https://www.idf.il/media/2j4ljpnn/whatsapp-image-2023-12-07-at-12-07-12.jpeg,idf-cache,ok,
2168,https://www.idf.il/נופלים/חללי-המלחמה/צביקה-לביא/,987012673594705171,https://www.idf.il/media/4jth5nco/whatsapp-image-2023-12-12-at-01-39-23.jpeg,idf-cache,ok,
2174,https://www.idf.il/נופלים/חללי-המלחמה/אוריה-יעקב/,987012673595805171,https://www.idf.il/media/swcp1ckp/whatsapp-image-2023-12-13-at-03-39-19_57bbca8e.jpg,idf-cache,ok,
2179,https://www.idf.il/נופלים/חללי-המלחמה/אלישע-לוינשטרן/,987012673593905171,https://www.idf.il/media/iqobsk12/whatsapp-image-2023-12-14-at-00-09-26.jpeg,idf-cache,ok,
2184,https://www.idf.il/נופלים/חללי-המלחמה/יוסף-אבנר-דורן/,987012673589905171,https://www.idf.il/media/ompc0zqi/whatsapp-image-2023-12-17-at-01-06-51.jpeg,idf-cache,ok,
2201,https://www.idf.il/נופלים/חללי-המלחמה/שי-איילי/,987012673597305171,https://www.idf.il/media/p2dngild/whatsapp-image-2023-12-22-at-00-26-07.jpeg,idf-cache,ok,
2202,https://www.idf.il/נופלים/חללי-המלחמה/טל-שועה/,987012673589605171,https://www.idf.il/media/lhmpwnua/whatsapp-image-2023-12-22-at-00-26-21.jpeg,idf-cache,ok,
2233,https://www.idf.il/נופלים/חללי-המלחמה/הראל-שרביט/,987012770621805171,https://www.idf.il/media/dlhpwmxe/whatsapp-image-2023-12-29-at-09-17-13.jpeg,idf-cache,ok,
2235,https://www.idf.il/נופלים/חללי-המלחמה/הראל-איתח/,987012770623005171,https://www.idf.il/media/0crhcyot/whatsapp-image-2023-12-30-at-18-57-15.jpeg,idf-cache,ok,
2242,https://lezichram.police.gov.il/main/nofel/42186,,https://www.police.gov.il/gal-ed/noflim/PictureGallery/042186/L_NP_042186_0.jpeg,police-gallery,ok,
2264,https://www.idf.il/נופלים/חללי-המלחמה/אורי-ג-רבי/,987012803676805171,,,failed,idf page blocked (Incapsula)
2283,https://www.idf.il/נופלים/חללי-המלחמה/אריאל-מרדכי-וולפסטל/,987012803653105171,https://www.idf.il/media/25objcka/whatsapp-image-2024-01-23-at-09-15-34.jpeg,idf-cache,ok,
2284,https://www.idf.il/נופלים/חללי-המלחמה/שגיא-עידן/,987012802842005171,https://www.idf.il/media/yeqd4p5e/whatsapp-image-2024-01-23-at-09-15-56.jpeg,idf-cache,ok,
2285,https://www.idf.il/נופלים/חללי-המלחמה/מארק-קונונוביץ/,987012802854605171,https://www.idf.il/media/4bcj3go2/whatsapp-image-2024-01-23-at-09-16-07.jpeg,idf-cache,ok,
2290,https://www.idf.il/נופלים/חללי-המלחמה/אלירן-יגר/,987009828076605171,https://www.idf.il/media/nizedw0u/whatsapp-image-2024-01-26-at-04-50-46.jpeg,idf-cache,ok,
2298,https://www.idf.il/נופלים/חללי-המלחמה/אלון-קליינמן/,987012802843205171,https://www.idf.il/media/hxtkgblz/whatsapp-image-2024-02-11-at-23-35-47.jpeg,idf-cache,ok,
2303,https://www.idf.il/נופלים/חללי-המלחמה/עמר-שרה-בנג-ו/,987012770623805171,,,failed,idf page blocked (Incapsula)
2304,https://www.idf.il/נופלים/חללי-המלחמה/רותם-סהר-הדר/,987012770623705171,https://www.idf.il/media/y10pqni4/whatsapp-image-2024-02-15-at-17-56-35.jpeg,idf-cache,ok,
2312,https://www.idf.il/נופלים/חללי-המלחמה/אייל-שומינוב/,987012770622805171,https://www.idf.il/media/dcffdnao/whatsapp-image-2024-03-07-at-21-01-23.jpeg,idf-cache,ok,
2336,https://www.idf.il/נופלים/חללי-המלחמה/נדב-כהן/,987012802848305171,https://www.idf.il/media/qbdnyskt/whatsapp-image-2024-04-01-at-05-03-19.jpeg,idf-cache,ok,
2341,https://www.idf.il/נופלים/חללי-המלחמה/דור-זימל/,987012803666805171,https://www.idf.il/media/bbhnjrwe/whatsapp-image-2024-04-21-at-18-40-07.jpeg,idf-cache,ok,
2345,https://www.idf.il/נופלים/חללי-המלחמה/קאלקידן-מהרי/,987012802861805171,https://www.idf.il/media/ohfphibu/whatsapp-image-2024-04-29-at-20-42-01.jpeg,idf-cache,ok,
2346,https://www.idf.il/נופלים/חללי-המלחמה/עידו-אביב/,987012802867805171,https://www.idf.il/media/r4klheyu/whatsapp-image-2024-04-29-at-20-35-51-1.jpeg,idf-cache,ok,
2351,https://www.idf.il/נופלים/חללי-המלחמה/דן-קמחג-י/,987012802828505171,https://www.idf.il/media/s3rpya51/whatsapp-image-2024-05-06-at-23-01-29.jpeg,idf-cache,ok,
2352,https://www.idf.il/נופלים/חללי-המלחמה/נחמן-נתן-הרץ/,987012803662105171,https://www.idf.il/media/cycbbliu/whatsapp-image-2024-05-06-at-19-02-56.jpeg,idf-cache,ok,
2353,https://lezichram.police.gov.il/main/nofel/42195,987012803673505171,https://www.police.gov.il/gal-ed/noflim/PictureGallery/042195/L_NP_042195_0.jpeg,police-gallery,ok,
2360,https://www.idf.il/נופלים/חללי-המלחמה/עירא-יאיר-גיספן/,987012789364305171,https://www.idf.il/media/ropfmzm2/whatsapp-image-2024-05-15-at-02-15-49.jpeg,idf-cache,ok,
2371,https://www.idf.il/נופלים/חללי-המלחמה/גל-שבת/,987012794268605171,https://www.idf.il/media/sqpbuuxt/whatsapp-image-2024-05-19-at-17-34-51.jpeg,idf-cache,ok,
2375,https://www.idf.il/נופלים/חללי-המלחמה/בצלאל-צבי-קובץ/,987012798771705171,https://www.idf.il/media/jbhfjqe5/whatsapp-image-2024-05-26-at-17-21-37.jpeg,idf-cache,ok,
2376,https://www.idf.il/נופלים/חללי-המלחמה/סהר-סודאי/,987012798771405171,https://www.idf.il/media/in3paypj/whatsapp-image-2024-05-26-at-20-01-19.jpeg,idf-cache,ok,
2389,https://www.idf.il/נופלים/חללי-המלחמה/אליה-הלל/,987012798758205171,https://www.idf.il/media/nkvjbm2t/whatsapp-image-2024-10-10-at-10-45-37.jpeg,idf-cache,ok,
2395,https://www.idf.il/נופלים/חללי-המלחמה/רפאל-קאודרס,987010362764805171,https://www.idf.il/media/cspncpb4/whatsapp-image-2024-06-06-at-00-44-53.jpeg,idf-cache,ok,
2402,https://www.idf.il/נופלים/חללי-המלחמה/איתן-קופלוביץ,987012832176605171,https://www.idf.il/media/ft1icpwm/whatsapp-image-2024-06-16-at-01-19-17.jpeg,idf-cache,ok,
2403,https://www.idf.il/נופלים/חללי-המלחמה/אילון-ויס,987012832176105171,https://www.idf.il/media/0vzbrrmz/whatsapp-image-2024-06-16-at-01-37-43.jpeg,idf-cache,ok,
2404,https://www.idf.il/נופלים/חללי-המלחמה/אליהו-משה-צימבליסט,987012832176205171,https://www.idf.il/media/4zod4aly/whatsapp-image-2024-06-16-at-01-19-05.jpeg,idf-cache,ok,
2405,https://www.idf.il/נופלים/חללי-המלחמה/איתי-עמר,987012832176705171,https://www.idf.il/media/1kpfjq0k/whatsapp-image-2024-06-16-at-01-18-49.jpeg,idf-cache,ok,
2409,https://www.idf.il/נופלים/חללי-המלחמה/יקיר-יעקב-לוי,987012832176805171,https://www.idf.il/media/nooa1ysx/whatsapp-image-2024-12-02-at-10-49-42.jpeg,idf-cache,ok,
2412,https://www.idf.il/נופלים/חללי-המלחמה/עומר-סמדג-ה,987012837972405171,,,failed,idf page blocked (Incapsula)
2416,https://www.idf.il/נופלים/חללי-המלחמה/אלון-סקאג-יו,987012846875105171,,,failed,idf page blocked (Incapsula)
2421,https://www.idf.il/נופלים/חללי-המלחמה/יהודה-גטו,987012846861205171,https://www.idf.il/media/u2cnw4za/whatsapp-image-2024-07-01-at-20-00-56.jpeg,idf-cache,ok,
2427,https://www.idf.il/נופלים/חללי-המלחמה/איתי-גלאה,987012846848605171,https://www.idf.il/media/mk3hx0uw/whatsapp-image-2024-07-04-at-18-10-04.jpeg,idf-cache,ok,
2428,https://www.idf.il/נופלים/חללי-המלחמה/אייל-מימרן,987012846848505171,https://www.idf.il/media/4u0nh1eu/whatsapp-image-2024-07-04-at-18-31-37.jpeg,idf-cache,ok,
2429,https://www.idf.il/נופלים/חללי-המלחמה/ג-לאא-אבראהים,987012852471305171,,,failed,idf page blocked (Incapsula)
2430,https://www.idf.il/נופלים/חללי-המלחמה/טל-להט,987012855376905171,https://www.idf.il/media/oizd4ou4/whatsapp-image-2024-07-10-at-00-05-53.jpeg,idf-cache,ok,
2431,https://www.idf.il/נופלים/חללי-המלחמה/ולרי-צ-פונוב/,987012856577105171,,,failed,idf page blocked (Incapsula)
2432,https://lezichram.police.gov.il/main/nofel/42196,987012807573005171,https://www.police.gov.il/gal-ed/noflim/PictureGallery/042196/L_NP_042196_0.jpg,police-gallery,ok,
2453,https://www.idf.il/נופלים/חללי-המלחמה/יונתן-אהרן-גרינבלט/,987012858640305171,https://www.idf.il/media/ytgl4yqi/whatsapp-image-2024-07-28-at-00-17-21-1.jpeg,idf-cache,ok,
2472,https://www.idf.il/נופלים/חללי-המלחמה/מרדכי-יוסף-בן-שועם/,987012882759005171,https://www.idf.il/media/3g1p3iie/whatsapp-image-2024-08-17-at-21-34-10.jpeg,idf-cache,ok,
2474,https://www.idf.il/נופלים/חללי-המלחמה/שחר-בן-נון/,987012882750905171,https://www.idf.il/media/311bzh2m/whatsapp-image-2024-08-19-at-20-08-11.jpeg,idf-cache,ok,
2487,https://www.idf.il/נופלים/חללי-המלחמה/דניל-פצ-ניוק/,987012882163205171,,,failed,idf page blocked (Incapsula)
2490,https://www.idf.il/נופלים/חללי-המלחמה/עמית-צדיקוב/,987012882738605171,https://www.idf.il/media/kkcks24p/whatsapp-image-2024-08-24-at-23-03-42-2.jpeg,idf-cache,ok,
2492,https://www.idf.il/נופלים/חללי-המלחמה/שלמה-יהונתן-חזוט/,987012882738405171,https://www.idf.il/media/vr3biarn/whatsapp-image-2024-08-25-at-20-14-28.jpeg,idf-cache,ok,
2501,https://lezichram.police.gov.il/main/nofel/42202,,https://www.police.gov.il/gal-ed/noflim/PictureGallery/042202/L_NP_042202_0.jpg,police-gallery,ok,
2502,https://lezichram.police.gov.il/main/nofel/42200,,https://www.police.gov.il/gal-ed/noflim/PictureGallery/042200/L_NP_042200_0.jpg,police-gallery,ok,
2503,https://lezichram.police.gov.il/main/nofel/42201,,https://www.police.gov.il/gal-ed/noflim/PictureGallery/042201/L_NP_042201_0.jpg,police-gallery,ok,
2527,https://www.gov.il/en/pages/ilia-nozadze,,,,failed,page blocked
2530,https://www.idf.il/נופלים/חללי-המלחמה/עלמקאן-טרפה/,987012945067105171,https://www.idf.il/media/xejl2ryt/whatsapp-image-2024-10-02-at-17-20-56.jpeg,idf-cache,ok,
2531,https://www.idf.il/נופלים/חללי-המלחמה/עידו-ברויר/,987012945067005171,https://www.idf.il/media/nznfvuly/whatsapp-image-2024-10-02-at-17-10-38.jpeg,idf-cache,ok,
2539,https://www.idf.il/נופלים/חללי-המלחמה/טל-דרור/,987012945066605171,https://www.idf.il/media/av2cunvu/whatsapp-image-2024-10-04-at-16-33-35-1.jpeg,idf-cache,ok,
2540,https://www.idf.il/נופלים/חללי-המלחמה/דניאל-אביב-חיים-סופר/,987012945066505171,https://www.idf.il/media/sh4fhpnd/whatsapp-image-2024-10-04-at-16-33-35.jpeg,idf-cache,ok,
2542,https://lezichram.police.gov.il/main/nofel/42203,987012966175405171,https://www.police.gov.il/gal-ed/noflim/PictureGallery/042203/L_NP_042203_0.jpg,police-gallery,ok,
2551,https://www.idf.il/נופלים/חללי-המלחמה/אורי-משה-בורנשטיין/,987012976172705171,https://www.idf.il/media/r0cjb41c/whatsapp-image-2024-10-10-at-20-08-06.jpeg,idf-cache,ok,
2552,https://www.idf.il/נופלים/חללי-המלחמה/נתנאל-הרשקוביץ-1/,987012976172605171,https://www.idf.il/media/zcxjvjl1/whatsapp-image-2024-10-25-at-12-37-03.jpeg,idf-cache,ok,
2553,https://www.idf.il/נופלים/חללי-המלחמה/צבי-מתתיהו-מרנץ/,987012976172505171,https://www.idf.il/media/vx3fm3g5/whatsapp-image-2024-10-10-at-20-03-14.jpeg,idf-cache,ok,
2562,https://lezichram.police.gov.il/main/nofel/42205,,https://www.police.gov.il/gal-ed/noflim/PictureGallery/042205/L_NP_042205_0.jpg,police-gallery,ok,
2568,https://www.idf.il/נופלים/חללי-המלחמה/אלישי-יונג/,987012976166305171,https://www.idf.il/media/vgodbt3z/whatsapp-image-2024-10-19-at-16-21-53.jpeg,idf-cache,ok,
2569,https://www.idf.il/נופלים/חללי-המלחמה/אופיר-ברקוביץ/,987012976166405171,https://www.idf.il/media/5mujjogd/whatsapp-image-2024-10-19-at-14-29-12.jpeg,idf-cache,ok,
2570,https://www.idf.il/נופלים/חללי-המלחמה/ישי-נתנאל-גרינבאום/,987012976166505171,https://www.idf.il/media/amans2lv/whatsapp-image-2024-10-19-at-21-11-18.jpeg,idf-cache,ok,
2581,https://www.idf.il/נופלים/חללי-המלחמה/גיא-עידן/,987012976164105171,https://www.idf.il/media/emjjc5vp/whatsapp-image-2024-10-25-at-09-32-39-1.jpeg,idf-cache,ok,
2582,https://www.idf.il/נופלים/חללי-המלחמה/עמרי-לוטן/,987012976163705171,https://www.idf.il/media/4inp4bit/whatsapp-image-2024-10-25-at-09-33-02.jpeg,idf-cache,ok,
2583,https://www.idf.il/נופלים/חללי-המלחמה/אלון-ספראי/,987012976163805171,https://www.idf.il/media/qjjmrtu5/whatsapp-image-2024-10-25-at-09-32-17.jpeg,idf-cache,ok,
2584,https://www.idf.il/נופלים/חללי-המלחמה/דן-מאורי/,987012976163905171,https://www.idf.il/media/4sch0lmw/whatsapp-image-2024-10-25-at-09-33-21.jpeg,idf-cache,ok,
2585,https://www.idf.il/נופלים/חללי-המלחמה/תום-סגל/,987012976164005171,https://www.idf.il/media/x2gnn4jq/whatsapp-image-2024-10-25-at-09-31-51-2.jpeg,idf-cache,ok,
2586,https://www.idf.il/נופלים/חללי-המלחמה/הלל-אליהו-עובדיה/,987012976163405171,https://www.idf.il/media/pvgpgm5s/whatsapp-image-2024-10-25-at-16-11-05-1.jpeg,idf-cache,ok,
2587,https://www.idf.il/נופלים/חללי-המלחמה/עידו-בן-צבי/,987012976163505171,https://www.idf.il/media/cchhj3o1/whatsapp-image-2024-10-25-at-16-12-03-1.jpeg,idf-cache,ok,
2588,https://www.idf.il/נופלים/חללי-המלחמה/ברק-ישראל-סגן/,987012976163605171,https://www.idf.il/media/dsulpn52/whatsapp-image-2024-10-25-at-16-10-42.jpeg,idf-cache,ok,
2593,https://www.idf.il/נופלים/חללי-המלחמה/שאול-מויאל/,987012976161805171,https://www.idf.il/media/bizbr5kq/whatsapp-image-2024-10-27-at-16-17-41.jpeg,idf-cache,ok,
2594,https://www.idf.il/נופלים/חללי-המלחמה/מלאכי-יהודה-הררי/,987012976161905171,https://www.idf.il/media/oxaeblfi/whatsapp-image-2024-10-27-at-16-16-39.jpeg,idf-cache,ok,
2604,https://www.idf.il/נופלים/חללי-המלחמה/ניסים-מיטל/,987012976159405171,https://www.idf.il/media/plkooqyj/whatsapp-image-2024-12-23-at-18-43-38.jpeg,idf-cache,ok,
2605,https://www.idf.il/נופלים/חללי-המלחמה/יהונתן-ג-וני-קרן/,987012976159305171,,,failed,idf page blocked (Incapsula)
2645,https://www.idf.il/נופלים/חללי-המלחמה/זאב-חנוך-ז-אבו-ארליך/,987007310333005171,,,failed,idf page blocked (Incapsula)
2665,https://www.idf.il/נופלים/חללי-המלחמה/מושיקו-מקסים-רוזנוולד/,987013168392605171,https://www.idf.il/media/apkn0njh/whatsapp-image-2024-12-17-at-10-17-57.jpeg,idf-cache,ok,
2668,https://www.idf.il/נופלים/חללי-המלחמה/איליי-גבריאל-אטדגי/,987013168373405171,https://www.idf.il/media/js1m5y0u/whatsapp-image-2024-12-23-at-19-07-57.jpeg,idf-cache,ok,
2669,https://www.idf.il/נופלים/חללי-המלחמה/נתנאל-פסח/,987013168893405171,https://www.idf.il/media/ohrppaq5/whatsapp-image-2024-12-23-at-19-17-21.jpeg,idf-cache,ok,
2670,https://www.idf.il/נופלים/חללי-המלחמה/הלל-דינר/,987013168893305171,https://www.idf.il/media/eb3cek0u/whatsapp-image-2024-12-23-at-19-58-07.jpeg,idf-cache,ok,
2676,https://lezichram.police.gov.il/main/nofel/42208,987013184289405171,https://www.police.gov.il/gal-ed/noflim/PictureGallery/042208/L_NP_042208_0.jpg,police-gallery,ok,
2682,https://www.idf.il/נופלים/חללי-המלחמה/קנאו-קאסה/,987013184279305171,https://www.idf.il/media/nepkbahy/whatsapp-image-2025-01-08-at-21-43-02.jpeg,idf-cache,ok,
2683,https://www.idf.il/נופלים/חללי-המלחמה/מתתיהו-יעקב-פרל/,987013184279405171,https://www.idf.il/media/kgnpsvtw/whatsapp-image-2025-01-08-at-21-00-57.jpeg,idf-cache,ok,
2684,https://www.idf.il/נופלים/חללי-המלחמה/נבו-פישר/,987013184279205171,https://www.idf.il/media/ctdlwa2v/whatsapp-image-2025-01-08-at-22-52-34.jpeg,idf-cache,ok,
2699,https://www.idf.il/נופלים/חללי-המלחמה/ליאם-חזי/,987013406242705171,https://www.idf.il/media/35if3nhv/whatsapp-image-2025-01-30-at-18-34-51.jpeg,idf-cache,ok,
2713,https://lezichram.police.gov.il/main/nofel/42217,987013406246605171,https://www.police.gov.il/gal-ed/noflim/PictureGallery/042217/L_NP_042217_0.jpg,police-gallery,ok,
2776,https://www.idf.il/נופלים/חללי-המלחמה/איתן-זקס/,987013508531705171,https://www.idf.il/media/fi3i0tpt/whatsapp-image-2025-06-24-at-162539.jpeg,idf-cache,ok,
2830,https://www.idf.il/נופלים/חללי-המלחמה/שחר-נתנאל-בוזגלו/,987013725857605171,https://www.idf.il/media/20wefhwv/%D7%A9%D7%97%D7%A8%D7%A0%D7%AA%D7%A0%D7%90%D7%9C%D7%91%D7%95%D7%96%D7%92%D7%9C%D7%95.jfif,idf-cache,ok,
2831,https://www.idf.il/נופלים/חללי-המלחמה/צאלצאו-שמעון-דמלאש/,987013725857505171,https://www.idf.il/media/304iwivq/%D7%A6%D7%90%D7%9C%D7%A6%D7%90%D7%95-%D7%A9%D7%9E%D7%A2%D7%95%D7%9F-%D7%93%D7%9E%D7%9C%D7%90%D7%A9.jfif,idf-cache,ok,
2847,https://www.izkor.gov.il/שי-מיכאלי/en_ec04401e4819cb670700008b373d9f20,,,,failed,izkor page blocked
2873,https://www.idf.il/נופלים/חללי-המלחמה/עפרי-יפה/,987014353902305171,https://www.idf.il/media/4pzhmj5x/%D7%A2%D7%A4%D7%A8%D7%99-%D7%99%D7%A4%D7%94-%D7%96%D7%9C.jpeg,idf-cache,ok,
2877,https://laad.btl.gov.il/Web/He/TerrorVictims/Page/Default.aspx?ID=45652,,https://laad.btl.gov.il/view_files/Nofel_Pic/045652/NP_045652_10.jpg,btl-direct,ok,
2878,https://laad.btl.gov.il/Web/He/TerrorVictims/Page/Default.aspx?ID=45654,987014407681705171,,,failed,BTL image not found
2879,https://laad.btl.gov.il/Web/He/TerrorVictims/Page/Default.aspx?ID=45660,,https://laad.btl.gov.il/view_files/Nofel_Pic/045660/NP_045660_10.jpg,btl-direct,ok,
2880,https://laad.btl.gov.il/Web/He/TerrorVictims/Page/Default.aspx?ID=45661,,https://laad.btl.gov.il/view_files/Nofel_Pic/045661/NP_045661_10.jpg,btl-direct,ok,
2883,https://laad.btl.gov.il/Web/He/TerrorVictims/Page/Default.aspx?ID=45665,987014402892005171,https://laad.btl.gov.il/view_files/Nofel_Pic/045665/NP_045665_10.jpg,btl-direct,ok,
2884,https://laad.btl.gov.il/Web/He/TerrorVictims/Page/Default.aspx?ID=45668,987014402891905171,https://laad.btl.gov.il/view_files/Nofel_Pic/045668/NP_045668_10.jpg,btl-direct,ok,
2885,https://laad.btl.gov.il/Web/He/TerrorVictims/Page/Default.aspx?ID=45667,987014402891805171,https://laad.btl.gov.il/view_files/Nofel_Pic/045667/NP_045667_10.jpg,btl-direct,ok,
2886,https://laad.btl.gov.il/Web/He/TerrorVictims/Page/Default.aspx?ID=45669,987014402891705171,https://laad.btl.gov.il/view_files/Nofel_Pic/045669/NP_045669_10.jpg,btl-direct,ok,
2887,https://laad.btl.gov.il/Web/He/TerrorVictims/Page/Default.aspx?ID=45670,987014402891505171,https://laad.btl.gov.il/view_files/Nofel_Pic/045670/NP_045670_10.jpg,btl-direct,ok,
2888,https://laad.btl.gov.il/Web/He/TerrorVictims/Page/Default.aspx?ID=45675,987014406382305171,https://laad.btl.gov.il/view_files/Nofel_Pic/045675/NP_045675_10.jpg,btl-direct,ok,
2889,https://laad.btl.gov.il/Web/He/TerrorVictims/Page/Default.aspx?ID=45674,987014406382405171,https://laad.btl.gov.il/view_files/Nofel_Pic/045674/NP_045674_10.jpg,btl-direct,ok,
2890,https://laad.btl.gov.il/Web/He/TerrorVictims/Page/Default.aspx?ID=45672,987014406382505171,https://laad.btl.gov.il/view_files/Nofel_Pic/045672/NP_045672_10.jpg,btl-direct,ok,
2891,https://laad.btl.gov.il/Web/He/TerrorVictims/Page/Default.aspx?ID=45671,987014406382705171,https://laad.btl.gov.il/view_files/Nofel_Pic/045671/NP_045671_10.jpg,btl-direct,ok,
2892,https://laad.btl.gov.il/Web/He/TerrorVictims/Page/Default.aspx?ID=45673,987014406382605171,https://laad.btl.gov.il/view_files/Nofel_Pic/045673/NP_045673_10.jpg,btl-direct,ok,
2893,https://www.idf.il/נופלים/חללי-המלחמה/מאהר-חטאר/,987014406382205171,https://www.idf.il/media/avvhk1cz/%D7%A8%D7%A1-%D7%9C-%D7%97-%D7%98%D7%90%D7%A8-%D7%9E%D7%90%D7%94%D7%A8.jpeg,idf-cache,ok,
2894,https://www.idf.il/נופלים/חללי-המלחמה/אור-דמרי/,987014407678005171,https://www.idf.il/media/ks4l0fnf/%D7%90%D7%95%D7%A8-%D7%93%D7%9E%D7%A8%D7%99.jpeg,idf-cache,ok,
2897,https://laad.btl.gov.il/Web/He/TerrorVictims/Page/Default.aspx?ID=45678,987014407674805171,https://laad.btl.gov.il/view_files/Nofel_Pic/045678/NP_045678_10.jpg,btl-direct,ok,
2898,https://laad.btl.gov.il/Web/He/TerrorVictims/Page/Default.aspx?ID=45679,987014407673505171,https://laad.btl.gov.il/view_files/Nofel_Pic/045679/NP_045679_10.jpg,btl-direct,ok,
2899,https://laad.btl.gov.il/Web/He/TerrorVictims/Page/Default.aspx?ID=45680,987014407656605171,,,failed,BTL image not found
2900,https://laad.btl.gov.il/Web/He/TerrorVictims/Page/Default.aspx?ID=45681,987014407656705171,,,failed,BTL image not found
2901,https://laad.btl.gov.il/Web/He/TerrorVictims/Page/Default.aspx?ID=45682,987014416378705171,https://laad.btl.gov.il/view_files/Nofel_Pic/045682/NP_045682_10.jpg,btl-direct,ok,
2902,https://laad.btl.gov.il/Web/He/TerrorVictims/Page/Default.aspx?ID=45683,987014416374405171,https://laad.btl.gov.il/view_files/Nofel_Pic/045683/NP_045683_10.jpg,btl-direct,ok,
2904,https://laad.btl.gov.il/Web/He/TerrorVictims/Page/Default.aspx?ID=45684,987014437095405171,https://laad.btl.gov.il/view_files/Nofel_Pic/045684/NP_045684_10.jpg,btl-direct,ok,
2905,https://www.idf.il/נופלים/חללי-המלחמה/אורי-גרינברג/,987014437092705171,https://www.idf.il/media/fflirrls/%D7%90%D7%95%D7%A8%D7%99-%D7%92%D7%A8%D7%99%D7%A0%D7%91%D7%A8%D7%92.jpeg,idf-cache,ok,
2906,https://www.idf.il/נופלים/חללי-המלחמה/אביעד-אלחנן-וולנסקי/,987014437793105171,https://www.idf.il/media/wfcdxhsa/%D7%A1%D7%9E%D7%9C-%D7%90%D7%91%D7%99%D7%A2%D7%93-%D7%90%D7%9C%D7%97%D7%A0%D7%9F-%D7%95%D7%95%D7%9C%D7%A0%D7%A1%D7%A7%D7%99.jpg,idf-cache,ok,
2907,https://laad.btl.gov.il/Web/He/TerrorVictims/Page/Default.aspx?ID=45686,987014437792205171,https://laad.btl.gov.il/view_files/Nofel_Pic/045686/NP_045686_10.jpg,btl-direct,ok,
2908,https://laad.btl.gov.il/Web/He/TerrorVictims/Page/Default.aspx?ID=45687,,https://laad.btl.gov.il/view_files/Nofel_Pic/045687/NP_045687_10.jpg,btl-direct,ok,
2909,https://laad.btl.gov.il/Web/He/TerrorVictims/Page/Default.aspx?ID=45688,987014437792105171,https://laad.btl.gov.il/view_files/Nofel_Pic/045688/NP_045688_10.jpg,btl-direct,ok,
2910,https://www.idf.il/נופלים/חללי-המלחמה/משה-יצחק-הכהן-כץ/,987014437792305171,https://www.idf.il/media/blshn2e4/%D7%A1%D7%9E%D7%9C-%D7%9E%D7%A9%D7%94-%D7%99%D7%A6%D7%97%D7%A7-%D7%94%D7%9B%D7%94%D7%9F-%D7%9B%D7%A5.jpg,idf-cache,ok,
2912,https://www.idf.il/נופלים/חללי-המלחמה/לירן-בן-ציון/,987014437789805171,https://www.idf.il/media/rrzh1b41/%D7%A1%D7%9E%D7%9C-%D7%9C%D7%99%D7%A8%D7%9F-%D7%91%D7%9F-%D7%A6%D7%99%D7%95%D7%9F-%D7%96%D7%9C.png,idf-cache,ok,
2913,https://www.idf.il/נופלים/חללי-המלחמה/מקסים-אנטיס/,987014437787705171,https://www.idf.il/media/dtfb3z3c/%D7%9E%D7%A7%D7%A1%D7%99%D7%9D-%D7%90%D7%A0%D7%98%D7%99%D7%A1-%D7%96%D7%9C.jpeg,idf-cache,ok,
2914,https://www.idf.il/נופלים/חללי-המלחמה/נועם-מדמוני/,987014437787805171,https://www.idf.il/media/j3nfh112/%D7%A0%D7%95%D7%A2%D7%9D-%D7%9E%D7%93%D7%9E%D7%95%D7%A0%D7%99-%D7%96%D7%9C.jpeg,idf-cache,ok,
2915,https://www.idf.il/נופלים/חללי-המלחמה/בן-כהן/,987014437787905171,https://www.idf.il/media/kgwh0tug/%D7%91%D7%9F%D7%9B%D7%94%D7%9F%D7%96%D7%9C.jpeg,idf-cache,ok,
2916,https://www.idf.il/נופלים/חללי-המלחמה/גלעד-הראל/,987014437787205171,https://www.idf.il/media/3tim0tob/%D7%92%D7%9C%D7%A2%D7%93-%D7%94%D7%A8%D7%90%D7%9C.jpg,idf-cache,ok,
2917,https://www.idf.il/נופלים/חללי-המלחמה/גיא-לודר/,987014437785105171,https://www.idf.il/media/5v1lo4ym/%D7%92%D7%99%D7%90-%D7%9C%D7%95%D7%93%D7%A8-%D7%96%D7%9C.jpeg,idf-cache,ok,
2918,https://laad.btl.gov.il/Web/He/TerrorVictims/Page/Default.aspx?ID=45689,987014437783705171,https://laad.btl.gov.il/view_files/Nofel_Pic/045689/NP_045689_10.jpg,btl-direct,ok,
2919,https://laad.btl.gov.il/Web/He/TerrorVictims/Page/Default.aspx?ID=45690,987014437784405171,https://laad.btl.gov.il/view_files/Nofel_Pic/045690/NP_045690_10.jpg,btl-direct,ok,
2920,https://laad.btl.gov.il/Web/He/TerrorVictims/Page/Default.aspx?ID=45691,987014437783605171,https://laad.btl.gov.il/view_files/Nofel_Pic/045691/NP_045691_10.jpg,btl-direct,ok,
2921,https://laad.btl.gov.il/Web/He/TerrorVictims/Page/Default.aspx?ID=45692,987014437783505171,https://laad.btl.gov.il/view_files/Nofel_Pic/045692/NP_045692_10.jpg,btl-direct,ok,
2923,https://www.idf.il/נופלים/חללי-המלחמה/טובאל-יוסף-ליפשיץ/,987014437783405171,https://www.idf.il/media/fzfgnptu/%D7%98%D7%95%D7%91%D7%90%D7%9C-%D7%99%D7%95%D7%A1%D7%A3-%D7%9C%D7%99%D7%A4%D7%A9%D7%99%D7%A5.jpeg,idf-cache,ok,
2927,https://www.idf.il/נופלים/חללי-המלחמה/אייל-אוריאל-ביאנקו/,987014459832905171,https://www.idf.il/media/0smpgbjb/whatsapp-image-2026-04-14-at-044101.jpeg,idf-cache,ok,
2930,https://www.idf.il/נופלים/חללי-המלחמה/ברק-כלפון/,987013431452705171,https://www.idf.il/media/gp2fjv20/%D7%91%D7%A8%D7%A7-%D7%9B%D7%9C%D7%A4%D7%95%D7%9F-%D7%96%D7%9C.jpeg,idf-cache,ok,
2931,https://www.idf.il/נופלים/חללי-המלחמה/לידור-פורת/,987014459197305171,https://www.idf.il/media/tcdls5n0/%D7%9C%D7%99%D7%93%D7%95%D7%A8-%D7%A4%D7%95%D7%A8%D7%AA-%D7%96%D7%9C.jpeg,idf-cache,ok,
2932,https://laad.btl.gov.il/Web/He/TerrorVictims/Page/Default.aspx?ID=45695,987014459824005171,https://laad.btl.gov.il/view_files/Nofel_Pic/045695/NP_045695_10.jpg,btl-direct,ok,
2933,https://www.idf.il/נופלים/חללי-המלחמה/עידן-פוקס/,987014459196405171,https://www.idf.il/media/1vxlhxzx/%D7%A1%D7%9E%D7%9C-%D7%A2%D7%99%D7%93%D7%9F-%D7%A4%D7%95%D7%A7%D7%A1-%D7%96%D7%9C.jpeg,idf-cache,ok,
2934,https://www.idf.il/נופלים/חללי-המלחמה/ליאם-בן-חמו/,987014459819205171,https://www.idf.il/media/ns2l03yg/%D7%9C%D7%99%D7%90%D7%9D-%D7%91%D7%9F-%D7%97%D7%9E%D7%95.jpeg,idf-cache,ok,
2935,https://laad.btl.gov.il/Web/He/TerrorVictims/Page/Default.aspx?ID=45696,987014459820705171,https://laad.btl.gov.il/view_files/Nofel_Pic/045696/NP_045696_10.jpg,btl-direct,ok,
2936,https://www.idf.il/נופלים/חללי-המלחמה/אלכסנדר-גלובניוב/,987014610879705171,https://www.idf.il/media/rvchei5s/%D7%90%D7%9C%D7%9B%D7%A1%D7%A0%D7%93%D7%A8-%D7%92%D7%9C%D7%95%D7%91%D7%A0%D7%99%D7%95%D7%91-%D7%96%D7%9C.jpeg,idf-cache,ok,
2937,https://www.idf.il/נופלים/חללי-המלחמה/נגב-דגן/,987014614077205171,https://www.idf.il/media/ny5ehinc/%D7%A1%D7%9E%D7%A8-%D7%A0%D7%92%D7%91-%D7%93%D7%9F-%D7%96%D7%9C.jpeg,idf-cache,ok,
2938,https://www.idf.il/נופלים/חללי-המלחמה/מעוז-ישראל-רקנטי/,987014614077105171,https://www.idf.il/media/oqzmwn53/%D7%9E%D7%A2%D7%95%D7%96-%D7%99%D7%A9%D7%A8%D7%90%D7%9C-%D7%A8%D7%A7%D7%A0%D7%98%D7%99.jpeg,idf-cache,ok,
2939,https://www.idf.il/נופלים/חללי-המלחמה/איתמר-ספיר/,987014630484305171,https://www.idf.il/media/b5ddbaxb/%D7%90%D7%99%D7%AA%D7%9E%D7%A8-%D7%A1%D7%A4%D7%99%D7%A8.jpeg,idf-cache,ok,
2940,https://www.idf.il/נופלים/חללי-המלחמה/נועם-המבורגר/,987014630484205171,https://www.idf.il/media/jpjoqqgb/%D7%A1%D7%9E%D7%A8-%D7%A0%D7%95%D7%A2%D7%9D-%D7%94%D7%9E%D7%91%D7%95%D7%A8%D7%92%D7%A8-%D7%96%D7%9C.jpeg,idf-cache,ok,
2941,https://www.idf.il/נופלים/חללי-המלחמה/נהוראי-לייזר/,987014630483805171,https://www.idf.il/media/svkghjxq/%D7%A0%D7%94%D7%95%D7%A8%D7%90%D7%99-%D7%9C%D7%99%D7%99%D7%96%D7%A8.jpeg,idf-cache,ok,
2942,https://www.idf.il/נופלים/חללי-המלחמה/רותם-ינאי/,987014635384305171,https://www.idf.il/media/pksfchjx/%D7%A8%D7%95%D7%AA%D7%9D-%D7%99%D7%A0%D7%90%D7%99-2.jpeg,idf-cache,ok,
2943,https://www.idf.il/נופלים/חללי-המלחמה/מיכאל-טיוקין/,987014635382205171,https://www.idf.il/media/vlmegdhz/%D7%A1%D7%9E%D7%A8%D7%9E%D7%99%D7%9B%D7%90%D7%9C%D7%98%D7%99%D7%95%D7%A7%D7%99%D7%9F.png,idf-cache,ok,
2944,https://www.idf.il/נופלים/חללי-המלחמה/אדם-צרפתי/,987014635379405171,https://www.idf.il/media/ohlp1oas/%D7%90%D7%93%D7%9D-%D7%A6%D7%A8%D7%A4%D7%AA%D7%99.jpeg,idf-cache,ok,
2945,https://www.idf.il/נופלים/חללי-המלחמה/אורי-יוסף-סילבסטר/,987014635375105171,https://www.idf.il/media/gxdj3poj/%D7%A1%D7%A8%D7%9F-%D7%90%D7%95%D7%A8%D7%99-%D7%99%D7%95%D7%A1%D7%A3-%D7%A1%D7%99%D7%9C%D7%91%D7%A1%D7%98%D7%A8.jpeg,idf-cache,ok,
2946,https://www.idf.il/נופלים/חללי-המלחמה/איתן-שמואל-למברג/,987014651566205171,https://www.idf.il/media/tlmn4z4f/%D7%90%D7%99%D7%AA%D7%9F-%D7%A9%D7%9E%D7%95%D7%90%D7%9C-%D7%9C%D7%9E%D7%91%D7%A8%D7%92-%D7%96%D7%9C.jpeg,idf-cache,ok,
2947,https://www.idf.il/נופלים/חללי-המלחמה/אהד-יערי/,987014651566105171,https://www.idf.il/media/5mpls0hb/%D7%A1%D7%9E%D7%9C-%D7%90%D7%94%D7%93-%D7%99%D7%A2%D7%A8%D7%99.jpeg,idf-cache,ok,
2948,https://www.idf.il/נופלים/חללי-המלחמה/שחר-גמלא/,987014651566005171,https://www.idf.il/media/bziistho/%D7%A9%D7%97%D7%A8-%D7%92%D7%9E%D7%9C%D7%90-%D7%96%D7%9C.jpeg,idf-cache,ok,
2949,https://www.idf.il/נופלים/חללי-המלחמה/חיים-קלומיטי/,987014651565905171,https://www.idf.il/media/tjefn3cz/%D7%A8%D7%A1%D7%A8-%D7%91%D7%9E%D7%99%D7%9C-%D7%97%D7%99%D7%99%D7%9D-%D7%A7%D7%9C%D7%95%D7%9E%D7%99%D7%98%D7%99.jpeg,idf-cache,ok,
2950,https://www.idf.il/נופלים/חללי-המלחמה/אלכסנדר-פילין/,987014671146305171,https://www.idf.il/media/ohtplnrx/%D7%90%D7%9C%D7%9B%D7%A1%D7%A0%D7%93%D7%A8-%D7%A4%D7%99%D7%9C%D7%99%D7%9F.jpeg,idf-cache,ok,
2951,https://www.idf.il/נופלים/חללי-המלחמה/דור-גדליה-בן-שמחון/,987014671145805171,https://www.idf.il/media/m5gddvl5/%D7%93%D7%95%D7%A8-%D7%92%D7%93%D7%9C%D7%99%D7%94-%D7%91%D7%9F-%D7%A9%D7%9E%D7%97%D7%95%D7%9F.jpeg,idf-cache,ok,
2952,https://www.idf.il/נופלים/חללי-המלחמה/יואב-קליין/,987014671145605171,https://www.idf.il/media/f3wfot3u/%D7%99%D7%95%D7%90%D7%91-%D7%A7%D7%9C%D7%99%D7%99%D7%9F.jpeg,idf-cache,ok,
2953,https://www.idf.il/נופלים/חללי-המלחמה/ניר-בן-ארי/,987014671145405171,https://www.idf.il/media/z2rl1z2b/%D7%A0%D7%99%D7%A8-%D7%91%D7%9F-%D7%90%D7%A8%D7%99.jpeg,idf-cache,ok,
2954,https://www.idf.il/נופלים/חללי-המלחמה/ליאב-כבביה/,987014671145205171,https://www.idf.il/media/yc3lk0bt/%D7%9C%D7%99%D7%90%D7%91-%D7%9B%D7%91%D7%91%D7%99%D7%94.jpeg,idf-cache,ok,
2955,https://www.idf.il/נופלים/חללי-המלחמה/נוה-חבשוש/,987014671145105171,https://www.idf.il/media/jrep1prk/%D7%A0%D7%95%D7%94-%D7%97%D7%91%D7%A9%D7%95%D7%A9.jpeg,idf-cache,ok,
2956,https://laad.btl.gov.il/Web/He/TerrorVictims/Page/Default.aspx?ID=45700,987014671126605171,https://laad.btl.gov.il/view_files/Nofel_Pic/045700/NP_045700_10.jpg,btl-direct,ok,
2957,https://www.idf.il/נופלים/חללי-המלחמה/באסל-סויד/,987014671126805171,https://www.idf.il/media/tyqdt30o/%D7%91%D7%90%D7%A1%D7%99%D7%9C%D7%A1%D7%95%D7%99%D7%93%D7%96%D7%9C.jpeg,idf-cache,ok,
2959,,987014803991105171,,,failed,NLI images not publicly accessible via IIIF; set NLI_API_KEY for search API
2960,https://www.idf.il/נופלים/חללי-המלחמה/דוד-חזות/,987014671123605171,https://www.idf.il/media/rvphmx1j/%D7%93%D7%95%D7%93-%D7%97%D7%96%D7%95%D7%AA.jpeg,idf-cache,ok,
2961,https://www.idf.il/נופלים/חללי-המלחמה/יובל-עזרא/,987014808471105171,https://www.idf.il/media/aftmdefm/%D7%99%D7%95%D7%91%D7%9C-%D7%A2%D7%96%D7%A8%D7%90.jpeg,idf-cache,ok,
2962,https://www.idf.il/נופלים/חללי-המלחמה/בניהו-מלט/,987014808471005171,https://www.idf.il/media/psej1zlq/%D7%91%D7%A0%D7%99%D7%94%D7%95-%D7%9E%D7%9C%D7%98.jpeg,idf-cache,ok,
2963,https://www.idf.il/נופלים/חללי-המלחמה/תמיר-וקנין/,,https://www.idf.il/media/zize1rei/%D7%AA%D7%9E%D7%99%D7%A8-%D7%95%D7%A7%D7%A0%D7%99%D7%9F-%D7%96%D7%9C.jpeg,idf-cache,ok,
2964,https://www.idf.il/נופלים/חללי-המלחמה/הראל-בירנשטוק/,,https://www.idf.il/media/oebbabqb/%D7%94%D7%A8%D7%90%D7%9C-%D7%91%D7%99%D7%A8%D7%A0%D7%A9%D7%98%D7%95%D7%A7.jpeg,idf-cache,ok,