pid,raw_image,cloudinary_image
2040,https://www.police.gov.il/gal-ed/noflim/PictureGallery/042181/L_NP_042181_0.jpeg,"https://res.cloudinary.com/dpol0pyoo/image/fetch/c_crop,g_face/w_150,h_195,g_north/https://res.cloudinary.com/dpol0pyoo/image/upload/v1787990200/police_memorials/pid_2040.jpg"
2079,https://www.police.gov.il/gal-ed/noflim/PictureGallery/042182/L_NP_042182_0.jpeg,"https://res.cloudinary.com/dpol0pyoo/image/fetch/c_crop,g_face/w_150,h_195,g_north/https://res.cloudinary.com/dpol0pyoo/image/upload/v1787990201/police_memorials/pid_2079.jpg"
2111,,
2119,https://www.idf.il/media/5cgldtpv/whatsapp-image-2023-11-20-at-00-43-26_d85f752f.jpg,"https://res.cloudinary.com/dpol0pyoo/image/fetch/c_crop,g_face/w_150,h_195,g_north/https://res.cloudinary.com/dpol0pyoo/image/upload/v1787990201/idf_memorials/pid_2119.jpg"
2131,,
2132,https://www.idf.il/media/uunmlmg2/whatsapp-image-2023-12-03-at-06-05-47-1.jpeg,"https://res.cloudinary.com/dpol0pyoo/image/fetch/c_crop,g_face/w_150,h_195,g_north/https://res.cloudinary.com/dpol0pyoo/image/upload/v1787990209/idf_memorials/pid_2132.webp"
2148,https://www.idf.il/media/2j4ljpnn/whatsapp-image-2023-12-07-at-12-07-12.jpeg,"https://res.cloudinary.com/dpol0pyoo/image/fetch/c_crop,g_face/w_150,h_195,g_north/https://res.cloudinary.com/dpol0pyoo/image/upload/v1787990210/idf_memorials/pid_2148.webp"
2168,https://www.idf.il/media/4jth5nco/whatsapp-image-2023-12-12-at-01-39-23.jpeg,"https://res.cloudinary.com/dpol0pyoo/image/fetch/c_crop,g_face/w_150,h_195,g_north/https://res.cloudinary.com/dpol0pyoo/image/upload/v1787990212/idf_memorials/pid_2168.webp"
2174,https://www.idf.il/media/swcp1ckp/whatsapp-image-2023-12-13-at-03-39-19_57bbca8e.jpg,"https://res.cloudinary.com/dpol0pyoo/image/fetch/c_crop,g_face/w_150,h_195,g_north/https://res.cloudinary.com/dpol0pyoo/image/upload/v1787990213/idf_memorials/pid_2174.webp"
2179,https://www.idf.il/media/iqobsk12/whatsapp-image-2023-12-14-at-00-09-26.jpeg,"https://res.cloudinary.com/dpol0pyoo/image/fetch/c_crop,g_face/w_150,h_195,g_north/https://res.cloudinary.com/dpol0pyoo/image/upload/v1787990214/idf_memorials/pid_2179.webp"
2184,https://www.idf.il/media/ompc0zqi/whatsapp-image-2023-12-17-at-01-06-51.jpeg,"https://res.cloudinary.com/dpol0pyoo/image/fetch/c_crop,g_face/w_150,h_195,g_north/https://res.cloudinary.com/dpol0pyoo/image/upload/v1787990216/idf_memorials/pid_2184.webp"
2201,https://www.idf.il/media/p2dngild/whatsapp-image-2023-12-22-at-00-26-07.jpeg,"https://res.cloudinary.com/dpol0pyoo/image/fetch/c_crop,g_face/w_150,h_195,g_north/https://res.cloudinary.com/dpol0pyoo/image/upload/v1787990217/idf_memorials/pid_2201.webp"
2202,https://www.idf.il/media/lhmpwnua/whatsapp-image-2023-12-22-at-00-26-21.jpeg,"https://res.cloudinary.com/dpol0pyoo/image/fetch/c_crop,g_face/w_150,h_195,g_north/https://res.cloudinary.com/dpol0pyoo/image/upload/v1787990219/idf_memorials/pid_2202.webp"
2233,https://www.idf.il/media/dlhpwmxe/whatsapp-image-2023-12-29-at-09-17-13.jpeg,"https://res.cloudinary.com/dpol0pyoo/image/fetch/c_crop,g_face/w_150,h_195,g_north/https://res.cloudinary.com/dpol0pyoo/image/upload/v1787990220/idf_memorials/pid_2233.webp"
2235,https://www.idf.il/media/0crhcyot/whatsapp-image-2023-12-30-at-18-57-15.jpeg,"https://res.cloudinary.com/dpol0pyoo/image/fetch/c_crop,g_face/w_150,h_195,g_north/https://res.cloudinary.com/dpol0pyoo/image/upload/v1787990222/idf_memorials/pid_2235.webp"
2242,https://www.police.gov.il/gal-ed/noflim/PictureGallery/042186/L_NP_042186_0.jpeg,"https://res.cloudinary.com/dpol0pyoo/image/fetch/c_crop,g_face/w_150,h_195,g_north/https://res.cloudinary.com/dpol0pyoo/image/upload/v1787990223/police_memorials/pid_2242.jpg"
2264,,
2283,https://www.idf.il/media/25objcka/whatsapp-image-2024-01-23-at-09-15-34.jpeg,"https://res.cloudinary.com/dpol0pyoo/image/fetch/c_crop,g_face/w_150,h_195,g_north/https://res.cloudinary.com/dpol0pyoo/image/upload/v1787990225/idf_memorials/pid_2283.webp"
2284,https://www.idf.il/media/yeqd4p5e/whatsapp-image-2024-01-23-at-09-15-56.jpeg,"https://res.cloudinary.com/dpol0pyoo/image/fetch/c_crop,g_face/w_150,h_195,g_north/https://res.cloudinary.com/dpol0pyoo/image/upload/v1787990226/idf_memorials/pid_2284.webp"
2285,https://www.idf.il/media/4bcj3go2/whatsapp-image-2024-01-23-at-09-16-07.jpeg,"https://res.cloudinary.com/dpol0pyoo/image/fetch/c_crop,g_face/w_150,h_195,g_north/https://res.cloudinary.com/dpol0pyoo/image/upload/v1787990228/idf_memorials/pid_2285.webp"
2290,https://www.idf.il/media/nizedw0u/whatsapp-image-2024-01-26-at-04-50-46.jpeg,"https://res.cloudinary.com/dpol0pyoo/image/fetch/c_crop,g_face/w_150,h_195,g_north/https://res.cloudinary.com/dpol0pyoo/image/upload/v1787990229/idf_memorials/pid_2290.webp"
2298,https://www.idf.il/media/hxtkgblz/whatsapp-image-2024-02-11-at-23-35-47.jpeg,"https://res.cloudinary.com/dpol0pyoo/image/fetch/c_crop,g_face/w_150,h_195,g_north/https://res.cloudinary.com/dpol0pyoo/image/upload/v1787990232/idf_memorials/pid_2298.webp"
2303,,
2304,https://www.idf.il/media/y10pqni4/whatsapp-image-2024-02-15-at-17-56-35.jpeg,"https://res.cloudinary.com/dpol0pyoo/image/fetch/c_crop,g_face/w_150,h_195,g_north/https://res.cloudinary.com/dpol0pyoo/image/upload/v1787990234/idf_memorials/pid_2304.webp"
2312,https://www.idf.il/media/dcffdnao/whatsapp-image-2024-03-07-at-21-01-23.jpeg,"https://res.cloudinary.com/dpol0pyoo/image/fetch/c_crop,g_face/w_150,h_195,g_north/https://res.cloudinary.com/dpol0pyoo/image/upload/v1787990235/idf_memorials/pid_2312.webp"
2336,https://www.idf.il/media/qbdnyskt/whatsapp-image-2024-04-01-at-05-03-19.jpeg,"https://res.cloudinary.com/dpol0pyoo/image/fetch/c_crop,g_face/w_150,h_195,g_north/https://res.cloudinary.com/dpol0pyoo/image/upload/v1787990237/idf_memorials/pid_2336.webp"
2341,https://www.idf.il/media/bbhnjrwe/whatsapp-image-2024-04-21-at-18-40-07.jpeg,"https://res.cloudinary.com/dpol0pyoo/image/fetch/c_crop,g_face/w_150,h_195,g_north/https://res.cloudinary.com/dpol0pyoo/image/upload/v1787990238/idf_memorials/pid_2341.webp"
2345,https://www.idf.il/media/ohfphibu/whatsapp-image-2024-04-29-at-20-42-01.jpeg,"https://res.cloudinary.com/dpol0pyoo/image/fetch/c_crop,g_face/w_150,h_195,g_north/https://res.cloudinary.com/dpol0pyoo/image/upload/v1787990240/idf_memorials/pid_2345.webp"
2346,https://www.idf.il/media/r4klheyu/whatsapp-image-2024-04-29-at-20-35-51-1.jpeg,"https://res.cloudinary.com/dpol0pyoo/image/fetch/c_crop,g_face/w_150,h_195,g_north/https://res.cloudinary.com/dpol0pyoo/image/upload/v1787990241/idf_memorials/pid_2346.webp"
2351,https://www.idf.il/media/s3rpya51/whatsapp-image-2024-05-06-at-23-01-29.jpeg,"https://res.cloudinary.com/dpol0pyoo/image/fetch/c_crop,g_face/w_150,h_195,g_north/https://res.cloudinary.com/dpol0pyoo/image/upload/v1787990242/idf_memorials/pid_2351.webp"
2352,https://www.idf.il/media/cycbbliu/whatsapp-image-2024-05-06-at-19-02-56.jpeg,"https://res.cloudinary.com/dpol0pyoo/image/fetch/c_crop,g_face/w_150,h_195,g_north/https://res.cloudinary.com/dpol0pyoo/image/upload/v1787990243/idf_memorials/pid_2352.webp"
2353,https://www.police.gov.il/gal-ed/noflim/PictureGallery/042195/L_NP_042195_0.jpeg,"https://res.cloudinary.com/dpol0pyoo/image/fetch/c_crop,g_face/w_150,h_195,g_north/https://res.cloudinary.com/dpol0pyoo/image/upload/v1787990244/police_memorials/pid_2353.jpg"
2360,https://www.idf.il/media/ropfmzm2/whatsapp-image-2024-05-15-at-02-15-49.jpeg,"https://res.cloudinary.com/dpol0pyoo/image/fetch/c_crop,g_face/w_150,h_195,g_north/https://res.cloudinary.com/dpol0pyoo/image/upload/v1787990245/idf_memorials/pid_2360.webp"
2371,https://www.idf.il/media/sqpbuuxt/whatsapp-image-2024-05-19-at-17-34-51.jpeg,"https://res.cloudinary.com/dpol0pyoo/image/fetch/c_crop,g_face/w_150,h_195,g_north/https://res.cloudinary.com/dpol0pyoo/image/upload/v1787990247/idf_memorials/pid_2371.webp"
2375,https://www.idf.il/media/jbhfjqe5/whatsapp-image-2024-05-26-at-17-21-37.jpeg,"https://res.cloudinary.com/dpol0pyoo/image/fetch/c_crop,g_face/w_150,h_195,g_north/https://res.cloudinary.com/dpol0pyoo/image/upload/v1787990248/idf_memorials/pid_2375.webp"
2376,https://www.idf.il/media/in3paypj/whatsapp-image-2024-05-26-at-20-01-19.jpeg,"https://res.cloudinary.com/dpol0pyoo/image/fetch/c_crop,g_face/w_150,h_195,g_north/https://res.cloudinary.com/dpol0pyoo/image/upload/v1787990249/idf_memorials/pid_2376.webp"
2389,https://www.idf.il/media/nkvjbm2t/whatsapp-image-2024-10-10-at-10-45-37.jpeg,"https://res.cloudinary.com/dpol0pyoo/image/fetch/c_crop,g_face/w_150,h_195,g_north/https://res.cloudinary.com/dpol0pyoo/image/upload/v1787990251/idf_memorials/pid_2389.webp"
2395,https://www.idf.il/media/cspncpb4/whatsapp-image-2024-06-06-at-00-44-53.jpeg,"https://res.cloudinary.com/dpol0pyoo/image/fetch/c_crop,g_face/w_150,h_195,g_north/https://res.cloudinary.com/dpol0pyoo/image/upload/v1787990253/idf_memorials/pid_2395.webp"
2402,https://www.idf.il/media/ft1icpwm/whatsapp-image-2024-06-16-at-01-19-17.jpeg,"https://res.cloudinary.com/dpol0pyoo/image/fetch/c_crop,g_face/w_150,h_195,g_north/https://res.cloudinary.com/dpol0pyoo/image/upload/v1787990254/idf_memorials/pid_2402.webp"
2403,https://www.idf.il/media/0vzbrrmz/whatsapp-image-2024-06-16-at-01-37-43.jpeg,"https://res.cloudinary.com/dpol0pyoo/image/fetch/c_crop,g_face/w_150,h_195,g_north/https://res.cloudinary.com/dpol0pyoo/image/upload/v1787990256/idf_memorials/pid_2403.webp"
2404,https://www.idf.il/media/4zod4aly/whatsapp-image-2024-06-16-at-01-19-05.jpeg,"https://res.cloudinary.com/dpol0pyoo/image/fetch/c_crop,g_face/w_150,h_195,g_north/https://res.cloudinary.com/dpol0pyoo/image/upload/v1787990257/idf_memorials/pid_2404.webp"
2405,https://www.idf.il/media/1kpfjq0k/whatsapp-image-2024-06-16-at-01-18-49.jpeg,"https://res.cloudinary.com/dpol0pyoo/image/fetch/c_crop,g_face/w_150,h_195,g_north/https://res.cloudinary.com/dpol0pyoo/image/upload/v1787990258/idf_memorials/pid_2405.webp"
2409,https://www.idf.il/media/nooa1ysx/whatsapp-image-2024-12-02-at-10-49-42.jpeg,"https://res.cloudinary.com/dpol0pyoo/image/fetch/c_crop,g_face/w_150,h_195,g_north/https://res.cloudinary.com/dpol0pyoo/image/upload/v1787990259/idf_memorials/pid_2409.webp"
2412,,
2416,,
2421,https://www.idf.il/media/u2cnw4za/whatsapp-image-2024-07-01-at-20-00-56.jpeg,"https://res.cloudinary.com/dpol0pyoo/image/fetch/c_crop,g_face/w_150,h_195,g_north/https://res.cloudinary.com/dpol0pyoo/image/upload/v1787990260/idf_memorials/pid_2421.webp"
2427,https://www.idf.il/media/mk3hx0uw/whatsapp-image-2024-07-04-at-18-10-04.jpeg,"https://res.cloudinary.com/dpol0pyoo/image/fetch/c_crop,g_face/w_150,h_195,g_north/https://res.cloudinary.com/dpol0pyoo/image/upload/v1787990261/idf_memorials/pid_2427.webp"
2428,https://www.idf.il/media/4u0nh1eu/whatsapp-image-2024-07-04-at-18-31-37.jpeg,"https://res.cloudinary.com/dpol0pyoo/image/fetch/c_crop,g_face/w_150,h_195,g_north/https://res.cloudinary.com/dpol0pyoo/image/upload/v1787990263/idf_memorials/pid_2428.webp"
2429,,
2430,https://www.idf.il/media/oizd4ou4/whatsapp-image-2024-07-10-at-00-05-53.jpeg,"https://res.cloudinary.com/dpol0pyoo/image/fetch/c_crop,g_face/w_150,h_195,g_north/https://res.cloudinary.com/dpol0pyoo/image/upload/v1787990264/idf_memorials/pid_2430.webp"
2431,,
2432,https://www.police.gov.il/gal-ed/noflim/PictureGallery/042196/L_NP_042196_0.jpg,"https://res.cloudinary.com/dpol0pyoo/image/fetch/c_crop,g_face/w_150,h_195,g_north/https://res.cloudinary.com/dpol0pyoo/image/upload/v1787990265/police_memorials/pid_2432.jpg"
2453,https://www.idf.il/media/ytgl4yqi/whatsapp-image-2024-07-28-at-00-17-21-1.jpeg,"https://res.cloudinary.com/dpol0pyoo/image/fetch/c_crop,g_face/w_150,h_195,g_north/https://res.cloudinary.com/dpol0pyoo/image/upload/v1787990267/idf_memorials/pid_2453.webp"
2472,https://www.idf.il/media/3g1p3iie/whatsapp-image-2024-08-17-at-21-34-10.jpeg,"https://res.cloudinary.com/dpol0pyoo/image/fetch/c_crop,g_face/w_150,h_195,g_north/https://res.cloudinary.com/dpol0pyoo/image/upload/v1787990268/idf_memorials/pid_2472.webp"
2474,https://www.idf.il/media/311bzh2m/whatsapp-image-2024-08-19-at-20-08-11.jpeg,"https://res.cloudinary.com/dpol0pyoo/image/fetch/c_crop,g_face/w_150,h_195,g_north/https://res.cloudinary.com/dpol0pyoo/image/upload/v1787990269/idf_memorials/pid_2474.webp"
2487,,
2490,https://www.idf.il/media/kkcks24p/whatsapp-image-2024-08-24-at-23-03-42-2.jpeg,"https://res.cloudinary.com/dpol0pyoo/image/fetch/c_crop,g_face/w_150,h_195,g_north/https://res.cloudinary.com/dpol0pyoo/image/upload/v1787990271/idf_memorials/pid_2490.webp"
2492,https://www.idf.il/media/vr3biarn/whatsapp-image-2024-08-25-at-20-14-28.jpeg,"https://res.cloudinary.com/dpol0pyoo/image/fetch/c_crop,g_face/w_150,h_195,g_north/https://res.cloudinary.com/dpol0pyoo/image/upload/v1787990272/idf_memorials/pid_2492.webp"
2501,https://www.police.gov.il/gal-ed/noflim/PictureGallery/042202/L_NP_042202_0.jpg,"https://res.cloudinary.com/dpol0pyoo/image/fetch/c_crop,g_face/w_150,h_195,g_north/https://res.cloudinary.com/dpol0pyoo/image/upload/v1787990273/police_memorials/pid_2501.jpg"
2502,https://www.police.gov.il/gal-ed/noflim/PictureGallery/042200/L_NP_042200_0.jpg,"https://res.cloudinary.com/dpol0pyoo/image/fetch/c_crop,g_face/w_150,h_195,g_north/https://res.cloudinary.com/dpol0pyoo/image/upload/v1787990274/police_memorials/pid_2502.jpg"
2503,https://www.police.gov.il/gal-ed/noflim/PictureGallery/042201/L_NP_042201_0.jpg,"https://res.cloudinary.com/dpol0pyoo/image/fetch/c_crop,g_face/w_150,h_195,g_north/https://res.cloudinary.com/dpol0pyoo/image/upload/v1787990275/police_memorials/pid_2503.jpg"
2527,,
2530,https://www.idf.il/media/xejl2ryt/whatsapp-image-2024-10-02-at-17-20-56.jpeg,"https://res.cloudinary.com/dpol0pyoo/image/fetch/c_crop,g_face/w_150,h_195,g_north/https://res.cloudinary.com/dpol0pyoo/image/upload/v1787990276/idf_memorials/pid_2530.webp"
2531,https://www.idf.il/media/nznfvuly/whatsapp-image-2024-10-02-at-17-10-38.jpeg,"https://res.cloudinary.com/dpol0pyoo/image/fetch/c_crop,g_face/w_150,h_195,g_north/https://res.cloudinary.com/dpol0pyoo/image/upload/v1787990277/idf_memorials/pid_2531.webp"
2539,https://www.idf.il/media/av2cunvu/whatsapp-image-2024-10-04-at-16-33-35-1.jpeg,"https://res.cloudinary.com/dpol0pyoo/image/fetch/c_crop,g_face/w_150,h_195,g_north/https://res.cloudinary.com/dpol0pyoo/image/upload/v1787990279/idf_memorials/pid_2539.webp"
2540,https://www.idf.il/media/sh4fhpnd/whatsapp-image-2024-10-04-at-16-33-35.jpeg,"https://res.cloudinary.com/dpol0pyoo/image/fetch/c_crop,g_face/w_150,h_195,g_north/https://res.cloudinary.com/dpol0pyoo/image/upload/v1787990280/idf_memorials/pid_2540.webp"
2542,https://www.police.gov.il/gal-ed/noflim/PictureGallery/042203/L_NP_042203_0.jpg,"https://res.cloudinary.com/dpol0pyoo/image/fetch/c_crop,g_face/w_150,h_195,g_north/https://res.cloudinary.com/dpol0pyoo/image/upload/v1787990281/police_memorials/pid_2542.jpg"
2551,https://www.idf.il/media/r0cjb41c/whatsapp-image-2024-10-10-at-20-08-06.jpeg,"https://res.cloudinary.com/dpol0pyoo/image/fetch/c_crop,g_face/w_150,h_195,g_north/https://res.cloudinary.com/dpol0pyoo/image/upload/v1787990283/idf_memorials/pid_2551.webp"
2552,https://www.idf.il/media/zcxjvjl1/whatsapp-image-2024-10-25-at-12-37-03.jpeg,"https://res.cloudinary.com/dpol0pyoo/image/fetch/c_crop,g_face/w_150,h_195,g_north/https://res.cloudinary.com/dpol0pyoo/image/upload/v1787990284/idf_memorials/pid_2552.webp"
2553,https://www.idf.il/media/vx3fm3g5/whatsapp-image-2024-10-10-at-20-03-14.jpeg,"https://res.cloudinary.com/dpol0pyoo/image/fetch/c_crop,g_face/w_150,h_195,g_north/https://res.cloudinary.com/dpol0pyoo/image/upload/v1787990285/idf_memorials/pid_2553.webp"
2562,https://www.police.gov.il/gal-ed/noflim/PictureGallery/042205/L_NP_042205_0.jpg,"https://res.cloudinary.com/dpol0pyoo/image/fetch/c_crop,g_face/w_150,h_195,g_north/https://res.cloudinary.com/dpol0pyoo/image/upload/v1787990286/police_memorials/pid_2562.jpg"
2568,https://www.idf.il/media/vgodbt3z/whatsapp-image-2024-10-19-at-16-21-53.jpeg,"https://res.cloudinary.com/dpol0pyoo/image/fetch/c_crop,g_face/w_150,h_195,g_north/https://res.cloudinary.com/dpol0pyoo/image/upload/v1787990289/idf_memorials/pid_2568.webp"
2569,https://www.idf.il/media/5mujjogd/whatsapp-image-2024-10-19-at-14-29-12.jpeg,"https://res.cloudinary.com/dpol0pyoo/image/fetch/c_crop,g_face/w_150,h_195,g_north/https://res.cloudinary.com/dpol0pyoo/image/upload/v1787990290/idf_memorials/pid_2569.webp"
2570,https://www.idf.il/media/amans2lv/whatsapp-image-2024-10-19-at-21-11-18.jpeg,"https://res.cloudinary.com/dpol0pyoo/image/fetch/c_crop,g_face/w_150,h_195,g_north/https://res.cloudinary.com/dpol0pyoo/image/upload/v1787990291/idf_memorials/pid_2570.webp"
2581,https://www.idf.il/media/emjjc5vp/whatsapp-image-2024-10-25-at-09-32-39-1.jpeg,"https://res.cloudinary.com/dpol0pyoo/image/fetch/c_crop,g_face/w_150,h_195,g_north/https://res.cloudinary.com/dpol0pyoo/image/upload/v1787990292/idf_memorials/pid_2581.webp"
2582,https://www.idf.il/media/4inp4bit/whatsapp-image-2024-10-25-at-09-33-02.jpeg,"https://res.cloudinary.com/dpol0pyoo/image/fetch/c_crop,g_face/w_150,h_195,g_north/https://res.cloudinary.com/dpol0pyoo/image/upload/v1787990294/idf_memorials/pid_2582.webp"
2583,https://www.idf.il/media/qjjmrtu5/whatsapp-image-2024-10-25-at-09-32-17.jpeg,"https://res.cloudinary.com/dpol0pyoo/image/fetch/c_crop,g_face/w_150,h_195,g_north/https://res.cloudinary.com/dpol0pyoo/image/upload/v1787990296/idf_memorials/pid_2583.webp"
2584,https://www.idf.il/media/4sch0lmw/whatsapp-image-2024-10-25-at-09-33-21.jpeg,"https://res.cloudinary.com/dpol0pyoo/image/fetch/c_crop,g_face/w_150,h_195,g_north/https://res.cloudinary.com/dpol0pyoo/image/upload/v1787990298/idf_memorials/pid_2584.webp"
2585,https://www.idf.il/media/x2gnn4jq/whatsapp-image-2024-10-25-at-09-31-51-2.jpeg,"https://res.cloudinary.com/dpol0pyoo/image/fetch/c_crop,g_face/w_150,h_195,g_north/https://res.cloudinary.com/dpol0pyoo/image/upload/v1787990300/idf_memorials/pid_2585.webp"
2586,https://www.idf.il/media/pvgpgm5s/whatsapp-image-2024-10-25-at-16-11-05-1.jpeg,"https://res.cloudinary.com/dpol0pyoo/image/fetch/c_crop,g_face/w_150,h_195,g_north/https://res.cloudinary.com/dpol0pyoo/image/upload/v1787990301/idf_memorials/pid_2586.webp"
2587,https://www.idf.il/media/cchhj3o1/whatsapp-image-2024-10-25-at-16-12-03-1.jpeg,"https://res.cloudinary.com/dpol0pyoo/image/fetch/c_crop,g_face/w_150,h_195,g_north/https://res.cloudinary.com/dpol0pyoo/image/upload/v1787990302/idf_memorials/pid_2587.webp"
2588,https://www.idf.il/media/dsulpn52/whatsapp-image-2024-10-25-at-16-10-42.jpeg,"https://res.cloudinary.com/dpol0pyoo/image/fetch/c_crop,g_face/w_150,h_195,g_north/https://res.cloudinary.com/dpol0pyoo/image/upload/v1787990304/idf_memorials/pid_2588.webp"
2593,https://www.idf.il/media/bizbr5kq/whatsapp-image-2024-10-27-at-16-17-41.jpeg,"https://res.cloudinary.com/dpol0pyoo/image/fetch/c_crop,g_face/w_150,h_195,g_north/https://res.cloudinary.com/dpol0pyoo/image/upload/v1787990305/idf_memorials/pid_2593.webp"
2594,https://www.idf.il/media/oxaeblfi/whatsapp-image-2024-10-27-at-16-16-39.jpeg,"https://res.cloudinary.com/dpol0pyoo/image/fetch/c_crop,g_face/w_150,h_195,g_north/https://res.cloudinary.com/dpol0pyoo/image/upload/v1787990307/idf_memorials/pid_2594.webp"
2604,https://www.idf.il/media/plkooqyj/whatsapp-image-2024-12-23-at-18-43-38.jpeg,"https://res.cloudinary.com/dpol0pyoo/image/fetch/c_crop,g_face/w_150,h_195,g_north/https://res.cloudinary.com/dpol0pyoo/image/upload/v1787990309/idf_memorials/pid_2604.webp"
2605,,
2645,,
2665,https://www.idf.il/media/apkn0njh/whatsapp-image-2024-12-17-at-10-17-57.jpeg,"https://res.cloudinary.com/dpol0pyoo/image/fetch/c_crop,g_face/w_150,h_195,g_north/https://res.cloudinary.com/dpol0pyoo/image/upload/v1787990310/idf_memorials/pid_2665.webp"
2668,https://www.idf.il/media/js1m5y0u/whatsapp-image-2024-12-23-at-19-07-57.jpeg,"https://res.cloudinary.com/dpol0pyoo/image/fetch/c_crop,g_face/w_150,h_195,g_north/https://res.cloudinary.com/dpol0pyoo/image/upload/v1787990312/idf_memorials/pid_2668.webp"
2669,https://www.idf.il/media/ohrppaq5/whatsapp-image-2024-12-23-at-19-17-21.jpeg,"https://res.cloudinary.com/dpol0pyoo/image/fetch/c_crop,g_face/w_150,h_195,g_north/https://res.cloudinary.com/dpol0pyoo/image/upload/v1787990323/idf_memorials/pid_2669.webp"
2670,https://www.idf.il/media/eb3cek0u/whatsapp-image-2024-12-23-at-19-58-07.jpeg,"https://res.cloudinary.com/dpol0pyoo/image/fetch/c_crop,g_face/w_150,h_195,g_north/https://res.cloudinary.com/dpol0pyoo/image/upload/v1787990325/idf_memorials/pid_2670.webp"
2676,https://www.police.gov.il/gal-ed/noflim/PictureGallery/042208/L_NP_042208_0.jpg,"https://res.cloudinary.com/dpol0pyoo/image/fetch/c_crop,g_face/w_150,h_195,g_north/https://res.cloudinary.com/dpol0pyoo/image/upload/v1787990326/police_memorials/pid_2676.jpg"
2682,https://www.idf.il/media/nepkbahy/whatsapp-image-2025-01-08-at-21-43-02.jpeg,"https://res.cloudinary.com/dpol0pyoo/image/fetch/c_crop,g_face/w_150,h_195,g_north/https://res.cloudinary.com/dpol0pyoo/image/upload/v1787990328/idf_memorials/pid_2682.webp"
2683,https://www.idf.il/media/kgnpsvtw/whatsapp-image-2025-01-08-at-21-00-57.jpeg,"https://res.cloudinary.com/dpol0pyoo/image/fetch/c_crop,g_face/w_150,h_195,g_north/https://res.cloudinary.com/dpol0pyoo/image/upload/v1787990329/idf_memorials/pid_2683.webp"
2684,https://www.idf.il/media/ctdlwa2v/whatsapp-image-2025-01-08-at-22-52-34.jpeg,"https://res.cloudinary.com/dpol0pyoo/image/fetch/c_crop,g_face/w_150,h_195,g_north/https://res.cloudinary.com/dpol0pyoo/image/upload/v1787990331/idf_memorials/pid_2684.webp"
2699,https://www.idf.il/media/35if3nhv/whatsapp-image-2025-01-30-at-18-34-51.jpeg,"https://res.cloudinary.com/dpol0pyoo/image/fetch/c_crop,g_face/w_150,h_195,g_north/https://res.cloudinary.com/dpol0pyoo/image/upload/v1787990332/idf_memorials/pid_2699.webp"
2713,https://www.police.gov.il/gal-ed/noflim/PictureGallery/042217/L_NP_042217_0.jpg,"https://res.cloudinary.com/dpol0pyoo/image/fetch/c_crop,g_face/w_150,h_195,g_north/https://res.cloudinary.com/dpol0pyoo/image/upload/v1787990334/police_memorials/pid_2713.jpg"
2776,https://www.idf.il/media/fi3i0tpt/whatsapp-image-2025-06-24-at-162539.jpeg,"https://res.cloudinary.com/dpol0pyoo/image/fetch/c_crop,g_face/w_150,h_195,g_north/https://res.cloudinary.com/dpol0pyoo/image/upload/v1787990335/idf_memorials/pid_2776.webp"
2830,https://www.idf.il/media/20wefhwv/%D7%A9%D7%97%D7%A8%D7%A0%D7%AA%D7%A0%D7%90%D7%9C%D7%91%D7%95%D7%96%D7%92%D7%9C%D7%95.jfif,"https://res.cloudinary.com/dpol0pyoo/image/fetch/c_crop,g_face/w_150,h_195,g_north/https://www.idf.il/media/20wefhwv/%D7%A9%D7%97%D7%A8%D7%A0%D7%AA%D7%A0%D7%90%D7%9C%D7%91%D7%95%D7%96%D7%92%D7%9C%D7%95.jfif"
2831,https://www.idf.il/media/304iwivq/%D7%A6%D7%90%D7%9C%D7%A6%D7%90%D7%95-%D7%A9%D7%9E%D7%A2%D7%95%D7%9F-%D7%93%D7%9E%D7%9C%D7%90%D7%A9.jfif,"https://res.cloudinary.com/dpol0pyoo/image/fetch/c_crop,g_face/w_150,h_195,g_north/https://www.idf.il/media/304iwivq/%D7%A6%D7%90%D7%9C%D7%A6%D7%90%D7%95-%D7%A9%D7%9E%D7%A2%D7%95%D7%9F-%D7%93%D7%9E%D7%9C%D7%90%D7%A9.jfif"
2847,,
2873,https://www.idf.il/media/4pzhmj5x/%D7%A2%D7%A4%D7%A8%D7%99-%D7%99%D7%A4%D7%94-%D7%96%D7%9C.jpeg,"https://res.cloudinary.com/dpol0pyoo/image/fetch/c_crop,g_face/w_150,h_195,g_north/https://res.cloudinary.com/dpol0pyoo/image/upload/v1787990338/idf_memorials/pid_2873.webp"
2877,https://laad.btl.gov.il/view_files/Nofel_Pic/045652/NP_045652_10.jpg,"https://res.cloudinary.com/dpol0pyoo/image/fetch/c_crop,g_face/w_150,h_195,g_north/https://res.cloudinary.com/dpol0pyoo/image/upload/v1787990339/new_images/pid_2877.jpg"
2878,,
2879,https://laad.btl.gov.il/view_files/Nofel_Pic/045660/NP_045660_10.jpg,"https://res.cloudinary.com/dpol0pyoo/image/fetch/c_crop,g_face/w_150,h_195,g_north/https://res.cloudinary.com/dpol0pyoo/image/upload/v1787990340/new_images/pid_2879.jpg"
2880,https://laad.btl.gov.il/view_files/Nofel_Pic/045661/NP_045661_10.jpg,"https://res.cloudinary.com/dpol0pyoo/image/fetch/c_crop,g_face/w_150,h_195,g_north/https://res.cloudinary.com/dpol0pyoo/image/upload/v1787990342/new_images/pid_2880.jpg"
2883,https://laad.btl.gov.il/view_files/Nofel_Pic/045665/NP_045665_10.jpg,"https://res.cloudinary.com/dpol0pyoo/image/fetch/c_crop,g_face/w_150,h_195,g_north/https://res.cloudinary.com/dpol0pyoo/image/upload/v1787990343/new_images/pid_2883.jpg"
2884,https://laad.btl.gov.il/view_files/Nofel_Pic/045668/NP_045668_10.jpg,"https://res.cloudinary.com/dpol0pyoo/image/fetch/c_crop,g_face/w_150,h_195,g_north/https://res.cloudinary.com/dpol0pyoo/image/upload/v1787990344/new_images/pid_2884.jpg"
2885,https://laad.btl.gov.il/view_files/Nofel_Pic/045667/NP_045667_10.jpg,"https://res.cloudinary.com/dpol0pyoo/image/fetch/c_crop,g_face/w_150,h_195,g_north/https://res.cloudinary.com/dpol0pyoo/image/upload/v1787990345/new_images/pid_2885.jpg"
2886,https://laad.btl.gov.il/view_files/Nofel_Pic/045669/NP_045669_10.jpg,"https://res.cloudinary.com/dpol0pyoo/image/fetch/c_crop,g_face/w_150,h_195,g_north/https://res.cloudinary.com/dpol0pyoo/image/upload/v1787990346/new_images/pid_2886.jpg"
2887,https://laad.btl.gov.il/view_files/Nofel_Pic/045670/NP_045670_10.jpg,"https://res.cloudinary.com/dpol0pyoo/image/fetch/c_crop,g_face/w_150,h_195,g_north/https://res.cloudinary.com/dpol0pyoo/image/upload/v1787990347/new_images/pid_2887.jpg"
2888,https://laad.btl.gov.il/view_files/Nofel_Pic/045675/NP_045675_10.jpg,"https://res.cloudinary.com/dpol0pyoo/image/fetch/c_crop,g_face/w_150,h_195,g_north/https://res.cloudinary.com/dpol0pyoo/image/upload/v1787990348/new_images/pid_2888.jpg"
2889,https://laad.btl.gov.il/view_files/Nofel_Pic/045674/NP_045674_10.jpg,"https://res.cloudinary.com/dpol0pyoo/image/fetch/c_crop,g_face/w_150,h_195,g_north/https://res.cloudinary.com/dpol0pyoo/image/upload/v1787990349/new_images/pid_2889.jpg"
2890,https://laad.btl.gov.il/view_files/Nofel_Pic/045672/NP_045672_10.jpg,"https://res.cloudinary.com/dpol0pyoo/image/fetch/c_crop,g_face/w_150,h_195,g_north/https://res.cloudinary.com/dpol0pyoo/image/upload/v1787990350/new_images/pid_2890.jpg"
2891,https://laad.btl.gov.il/view_files/Nofel_Pic/045671/NP_045671_10.jpg,"https://res.cloudinary.com/dpol0pyoo/image/fetch/c_crop,g_face/w_150,h_195,g_north/https://res.cloudinary.com/dpol0pyoo/image/upload/v1787990351/new_images/pid_2891.jpg"
2892,https://laad.btl.gov.il/view_files/Nofel_Pic/045673/NP_045673_10.jpg,"https://res.cloudinary.com/dpol0pyoo/image/fetch/c_crop,g_face/w_150,h_195,g_north/https://res.cloudinary.com/dpol0pyoo/image/upload/v1787990352/new_images/pid_2892.jpg"
2893,https://www.idf.il/media/avvhk1cz/%D7%A8%D7%A1-%D7%9C-%D7%97-%D7%98%D7%90%D7%A8-%D7%9E%D7%90%D7%94%D7%A8.jpeg,"https://res.cloudinary.com/dpol0pyoo/image/fetch/c_crop,g_face/w_150,h_195,g_north/https://res.cloudinary.com/dpol0pyoo/image/upload/v1787990353/idf_memorials/pid_2893.webp"
2894,https://www.idf.il/media/ks4l0fnf/%D7%90%D7%95%D7%A8-%D7%93%D7%9E%D7%A8%D7%99.jpeg,"https://res.cloudinary.com/dpol0pyoo/image/fetch/c_crop,g_face/w_150,h_195,g_north/https://res.cloudinary.com/dpol0pyoo/image/upload/v1787990354/idf_memorials/pid_2894.webp"
2897,https://laad.btl.gov.il/view_files/Nofel_Pic/045678/NP_045678_10.jpg,"https://res.cloudinary.com/dpol0pyoo/image/fetch/c_crop,g_face/w_150,h_195,g_north/https://res.cloudinary.com/dpol0pyoo/image/upload/v1787990355/new_images/pid_2897.jpg"
2898,https://laad.btl.gov.il/view_files/Nofel_Pic/045679/NP_045679_10.jpg,"https://res.cloudinary.com/dpol0pyoo/image/fetch/c_crop,g_face/w_150,h_195,g_north/https://res.cloudinary.com/dpol0pyoo/image/upload/v1787990356/new_images/pid_2898.jpg"
2899,,
2900,,
2901,https://laad.btl.gov.il/view_files/Nofel_Pic/045682/NP_045682_10.jpg,"https://res.cloudinary.com/dpol0pyoo/image/fetch/c_crop,g_face/w_150,h_195,g_north/https://res.cloudinary.com/dpol0pyoo/image/upload/v1787990358/new_images/pid_2901.jpg"
2902,https://laad.btl.gov.il/view_files/Nofel_Pic/045683/NP_045683_10.jpg,"https://res.cloudinary.com/dpol0pyoo/image/fetch/c_crop,g_face/w_150,h_195,g_north/https://res.cloudinary.com/dpol0pyoo/image/upload/v1787990359/new_images/pid_2902.jpg"
2904,https://laad.btl.gov.il/view_files/Nofel_Pic/045684/NP_045684_10.jpg,"https://res.cloudinary.com/dpol0pyoo/image/fetch/c_crop,g_face/w_150,h_195,g_north/https://res.cloudinary.com/dpol0pyoo/image/upload/v1787990360/new_images/pid_2904.jpg"
2905,https://www.idf.il/media/fflirrls/%D7%90%D7%95%D7%A8%D7%99-%D7%92%D7%A8%D7%99%D7%A0%D7%91%D7%A8%D7%92.jpeg,"https://res.cloudinary.com/dpol0pyoo/image/fetch/c_crop,g_face/w_150,h_195,g_north/https://res.cloudinary.com/dpol0pyoo/image/upload/v1787990363/idf_memorials/pid_2905.webp"
2906,https://www.idf.il/media/wfcdxhsa/%D7%A1%D7%9E%D7%9C-%D7%90%D7%91%D7%99%D7%A2%D7%93-%D7%90%D7%9C%D7%97%D7%A0%D7%9F-%D7%95%D7%95%D7%9C%D7%A0%D7%A1%D7%A7%D7%99.jpg,"https://res.cloudinary.com/dpol0pyoo/image/fetch/c_crop,g_face/w_150,h_195,g_north/https://res.cloudinary.com/dpol0pyoo/image/upload/v1787990365/idf_memorials/pid_2906.webp"
2907,https://laad.btl.gov.il/view_files/Nofel_Pic/045686/NP_045686_10.jpg,"https://res.cloudinary.com/dpol0pyoo/image/fetch/c_crop,g_face/w_150,h_195,g_north/https://res.cloudinary.com/dpol0pyoo/image/upload/v1787990366/new_images/pid_2907.jpg"
2908,https://laad.btl.gov.il/view_files/Nofel_Pic/045687/NP_045687_10.jpg,"https://res.cloudinary.com/dpol0pyoo/image/fetch/c_crop,g_face/w_150,h_195,g_north/https://res.cloudinary.com/dpol0pyoo/image/upload/v1787990367/new_images/pid_2908.jpg"
2909,https://laad.btl.gov.il/view_files/Nofel_Pic/045688/NP_045688_10.jpg,"https://res.cloudinary.com/dpol0pyoo/image/fetch/c_crop,g_face/w_150,h_195,g_north/https://res.cloudinary.com/dpol0pyoo/image/upload/v1787990368/new_images/pid_2909.jpg"
2910,https://www.idf.il/media/blshn2e4/%D7%A1%D7%9E%D7%9C-%D7%9E%D7%A9%D7%94-%D7%99%D7%A6%D7%97%D7%A7-%D7%94%D7%9B%D7%94%D7%9F-%D7%9B%D7%A5.jpg,"https://res.cloudinary.com/dpol0pyoo/image/fetch/c_crop,g_face/w_150,h_195,g_north/https://res.cloudinary.com/dpol0pyoo/image/upload/v1787990369/idf_memorials/pid_2910.webp"
2912,https://www.idf.il/media/rrzh1b41/%D7%A1%D7%9E%D7%9C-%D7%9C%D7%99%D7%A8%D7%9F-%D7%91%D7%9F-%D7%A6%D7%99%D7%95%D7%9F-%D7%96%D7%9C.png,"https://res.cloudinary.com/dpol0pyoo/image/fetch/c_crop,g_face/w_150,h_195,g_north/https://res.cloudinary.com/dpol0pyoo/image/upload/v1787990371/idf_memorials/pid_2912.webp"
2913,https://www.idf.il/media/dtfb3z3c/%D7%9E%D7%A7%D7%A1%D7%99%D7%9D-%D7%90%D7%A0%D7%98%D7%99%D7%A1-%D7%96%D7%9C.jpeg,"https://res.cloudinary.com/dpol0pyoo/image/fetch/c_crop,g_face/w_150,h_195,g_north/https://res.cloudinary.com/dpol0pyoo/image/upload/v1787990373/idf_memorials/pid_2913.webp"
2914,https://www.idf.il/media/j3nfh112/%D7%A0%D7%95%D7%A2%D7%9D-%D7%9E%D7%93%D7%9E%D7%95%D7%A0%D7%99-%D7%96%D7%9C.jpeg,"https://res.cloudinary.com/dpol0pyoo/image/fetch/c_crop,g_face/w_150,h_195,g_north/https://res.cloudinary.com/dpol0pyoo/image/upload/v1787990374/idf_memorials/pid_2914.webp"
2915,https://www.idf.il/media/kgwh0tug/%D7%91%D7%9F%D7%9B%D7%94%D7%9F%D7%96%D7%9C.jpeg,"https://res.cloudinary.com/dpol0pyoo/image/fetch/c_crop,g_face/w_150,h_195,g_north/https://res.cloudinary.com/dpol0pyoo/image/upload/v1787990375/idf_memorials/pid_2915.webp"
2916,https://www.idf.il/media/3tim0tob/%D7%92%D7%9C%D7%A2%D7%93-%D7%94%D7%A8%D7%90%D7%9C.jpg,"https://res.cloudinary.com/dpol0pyoo/image/fetch/c_crop,g_face/w_150,h_195,g_north/https://res.cloudinary.com/dpol0pyoo/image/upload/v1787990376/idf_memorials/pid_2916.webp"
2917,https://www.idf.il/media/5v1lo4ym/%D7%92%D7%99%D7%90-%D7%9C%D7%95%D7%93%D7%A8-%D7%96%D7%9C.jpeg,"https://res.cloudinary.com/dpol0pyoo/image/fetch/c_crop,g_face/w_150,h_195,g_north/https://res.cloudinary.com/dpol0pyoo/image/upload/v1787990377/idf_memorials/pid_2917.webp"
2918,https://laad.btl.gov.il/view_files/Nofel_Pic/045689/NP_045689_10.jpg,"https://res.cloudinary.com/dpol0pyoo/image/fetch/c_crop,g_face/w_150,h_195,g_north/https://res.cloudinary.com/dpol0pyoo/image/upload/v1787990379/new_images/pid_2918.jpg"
2919,https://laad.btl.gov.il/view_files/Nofel_Pic/045690/NP_045690_10.jpg,"https://res.cloudinary.com/dpol0pyoo/image/fetch/c_crop,g_face/w_150,h_195,g_north/https://res.cloudinary.com/dpol0pyoo/image/upload/v1787990380/new_images/pid_2919.jpg"
2920,https://laad.btl.gov.il/view_files/Nofel_Pic/045691/NP_045691_10.jpg,"https://res.cloudinary.com/dpol0pyoo/image/fetch/c_crop,g_face/w_150,h_195,g_north/https://res.cloudinary.com/dpol0pyoo/image/upload/v1787990381/new_images/pid_2920.jpg"
2921,https://laad.btl.gov.il/view_files/Nofel_Pic/045692/NP_045692_10.jpg,"https://res.cloudinary.com/dpol0pyoo/image/fetch/c_crop,g_face/w_150,h_195,g_north/https://res.cloudinary.com/dpol0pyoo/image/upload/v1787990382/new_images/pid_2921.jpg"
2923,https://www.idf.il/media/fzfgnptu/%D7%98%D7%95%D7%91%D7%90%D7%9C-%D7%99%D7%95%D7%A1%D7%A3-%D7%9C%D7%99%D7%A4%D7%A9%D7%99%D7%A5.jpeg,"https://res.cloudinary.com/dpol0pyoo/image/fetch/c_crop,g_face/w_150,h_195,g_north/https://res.cloudinary.com/dpol0pyoo/image/upload/v1787990383/idf_memorials/pid_2923.webp"
2927,https://www.idf.il/media/0smpgbjb/whatsapp-image-2026-04-14-at-044101.jpeg,"https://res.cloudinary.com/dpol0pyoo/image/fetch/c_crop,g_face/w_150,h_195,g_north/https://res.cloudinary.com/dpol0pyoo/image/upload/v1787990384/idf_memorials/pid_2927.webp"
2930,https://www.idf.il/media/gp2fjv20/%D7%91%D7%A8%D7%A7-%D7%9B%D7%9C%D7%A4%D7%95%D7%9F-%D7%96%D7%9C.jpeg,"https://res.cloudinary.com/dpol0pyoo/image/fetch/c_crop,g_face/w_150,h_195,g_north/https://res.cloudinary.com/dpol0pyoo/image/upload/v1787990385/idf_memorials/pid_2930.webp"
2931,https://www.idf.il/media/tcdls5n0/%D7%9C%D7%99%D7%93%D7%95%D7%A8-%D7%A4%D7%95%D7%A8%D7%AA-%D7%96%D7%9C.jpeg,"https://res.cloudinary.com/dpol0pyoo/image/fetch/c_crop,g_face/w_150,h_195,g_north/https://res.cloudinary.com/dpol0pyoo/image/upload/v1787990386/idf_memorials/pid_2931.webp"
2932,https://laad.btl.gov.il/view_files/Nofel_Pic/045695/NP_045695_10.jpg,"https://res.cloudinary.com/dpol0pyoo/image/fetch/c_crop,g_face/w_150,h_195,g_north/https://res.cloudinary.com/dpol0pyoo/image/upload/v1787990387/new_images/pid_2932.jpg"
2933,https://www.idf.il/media/1vxlhxzx/%D7%A1%D7%9E%D7%9C-%D7%A2%D7%99%D7%93%D7%9F-%D7%A4%D7%95%D7%A7%D7%A1-%D7%96%D7%9C.jpeg,"https://res.cloudinary.com/dpol0pyoo/image/fetch/c_crop,g_face/w_150,h_195,g_north/https://res.cloudinary.com/dpol0pyoo/image/upload/v1787990389/idf_memorials/pid_2933.webp"
2934,https://www.idf.il/media/ns2l03yg/%D7%9C%D7%99%D7%90%D7%9D-%D7%91%D7%9F-%D7%97%D7%9E%D7%95.jpeg,"https://res.cloudinary.com/dpol0pyoo/image/fetch/c_crop,g_face/w_150,h_195,g_north/https://res.cloudinary.com/dpol0pyoo/image/upload/v1787990391/idf_memorials/pid_2934.webp"
2935,https://laad.btl.gov.il/view_files/Nofel_Pic/045696/NP_045696_10.jpg,"https://res.cloudinary.com/dpol0pyoo/image/fetch/c_crop,g_face/w_150,h_195,g_north/https://res.cloudinary.com/dpol0pyoo/image/upload/v1787990392/new_images/pid_2935.jpg"
2936,https://www.idf.il/media/rvchei5s/%D7%90%D7%9C%D7%9B%D7%A1%D7%A0%D7%93%D7%A8-%D7%92%D7%9C%D7%95%D7%91%D7%A0%D7%99%D7%95%D7%91-%D7%96%D7%9C.jpeg,"https://res.cloudinary.com/dpol0pyoo/image/fetch/c_crop,g_face/w_150,h_195,g_north/https://res.cloudinary.com/dpol0pyoo/image/upload/v1787990394/idf_memorials/pid_2936.webp"
2937,https://www.idf.il/media/ny5ehinc/%D7%A1%D7%9E%D7%A8-%D7%A0%D7%92%D7%91-%D7%93%D7%9F-%D7%96%D7%9C.jpeg,"https://res.cloudinary.com/dpol0pyoo/image/fetch/c_crop,g_face/w_150,h_195,g_north/https://res.cloudinary.com/dpol0pyoo/image/upload/v1787990396/idf_memorials/pid_2937.webp"
2938,https://www.idf.il/media/oqzmwn53/%D7%9E%D7%A2%D7%95%D7%96-%D7%99%D7%A9%D7%A8%D7%90%D7%9C-%D7%A8%D7%A7%D7%A0%D7%98%D7%99.jpeg,"https://res.cloudinary.com/dpol0pyoo/image/fetch/c_crop,g_face/w_150,h_195,g_north/https://res.cloudinary.com/dpol0pyoo/image/upload/v1787990397/idf_memorials/pid_2938.webp"
2939,https://www.idf.il/media/b5ddbaxb/%D7%90%D7%99%D7%AA%D7%9E%D7%A8-%D7%A1%D7%A4%D7%99%D7%A8.jpeg,"https://res.cloudinary.com/dpol0pyoo/image/fetch/c_crop,g_face/w_150,h_195,g_north/https://res.cloudinary.com/dpol0pyoo/image/upload/v1787990398/idf_memorials/pid_2939.webp"
2940,https://www.idf.il/media/jpjoqqgb/%D7%A1%D7%9E%D7%A8-%D7%A0%D7%95%D7%A2%D7%9D-%D7%94%D7%9E%D7%91%D7%95%D7%A8%D7%92%D7%A8-%D7%96%D7%9C.jpeg,"https://res.cloudinary.com/dpol0pyoo/image/fetch/c_crop,g_face/w_150,h_195,g_north/https://res.cloudinary.com/dpol0pyoo/image/upload/v1787990399/idf_memorials/pid_2940.webp"
2941,https://www.idf.il/media/svkghjxq/%D7%A0%D7%94%D7%95%D7%A8%D7%90%D7%99-%D7%9C%D7%99%D7%99%D7%96%D7%A8.jpeg,"https://res.cloudinary.com/dpol0pyoo/image/fetch/c_crop,g_face/w_150,h_195,g_north/https://res.cloudinary.com/dpol0pyoo/image/upload/v1787990400/idf_memorials/pid_2941.webp"
2942,https://www.idf.il/media/pksfchjx/%D7%A8%D7%95%D7%AA%D7%9D-%D7%99%D7%A0%D7%90%D7%99-2.jpeg,"https://res.cloudinary.com/dpol0pyoo/image/fetch/c_crop,g_face/w_150,h_195,g_north/https://res.cloudinary.com/dpol0pyoo/image/upload/v1787990402/idf_memorials/pid_2942.webp"
2943,https://www.idf.il/media/vlmegdhz/%D7%A1%D7%9E%D7%A8%D7%9E%D7%99%D7%9B%D7%90%D7%9C%D7%98%D7%99%D7%95%D7%A7%D7%99%D7%9F.png,"https://res.cloudinary.com/dpol0pyoo/image/fetch/c_crop,g_face/w_150,h_195,g_north/https://res.cloudinary.com/dpol0pyoo/image/upload/v1787990404/idf_memorials/pid_2943.webp"
2944,https://www.idf.il/media/ohlp1oas/%D7%90%D7%93%D7%9D-%D7%A6%D7%A8%D7%A4%D7%AA%D7%99.jpeg,"https://res.cloudinary.com/dpol0pyoo/image/fetch/c_crop,g_face/w_150,h_195,g_north/https://res.cloudinary.com/dpol0pyoo/image/upload/v1787990404/idf_memorials/pid_2944.webp"
2945,https://www.idf.il/media/gxdj3poj/%D7%A1%D7%A8%D7%9F-%D7%90%D7%95%D7%A8%D7%99-%D7%99%D7%95%D7%A1%D7%A3-%D7%A1%D7%99%D7%9C%D7%91%D7%A1%D7%98%D7%A8.jpeg,"https://res.cloudinary.com/dpol0pyoo/image/fetch/c_crop,g_face/w_150,h_195,g_north/https://res.cloudinary.com/dpol0pyoo/image/upload/v1787990405/idf_memorials/pid_2945.webp"
2946,https://www.idf.il/media/tlmn4z4f/%D7%90%D7%99%D7%AA%D7%9F-%D7%A9%D7%9E%D7%95%D7%90%D7%9C-%D7%9C%D7%9E%D7%91%D7%A8%D7%92-%D7%96%D7%9C.jpeg,"https://res.cloudinary.com/dpol0pyoo/image/fetch/c_crop,g_face/w_150,h_195,g_north/https://res.cloudinary.com/dpol0pyoo/image/upload/v1787990406/idf_memorials/pid_2946.webp"
2947,https://www.idf.il/media/5mpls0hb/%D7%A1%D7%9E%D7%9C-%D7%90%D7%94%D7%93-%D7%99%D7%A2%D7%A8%D7%99.jpeg,"https://res.cloudinary.com/dpol0pyoo/image/fetch/c_crop,g_face/w_150,h_195,g_north/https://res.cloudinary.com/dpol0pyoo/image/upload/v1787990407/idf_memorials/pid_2947.webp"
2948,https://www.idf.il/media/bziistho/%D7%A9%D7%97%D7%A8-%D7%92%D7%9E%D7%9C%D7%90-%D7%96%D7%9C.jpeg,"https://res.cloudinary.com/dpol0pyoo/image/fetch/c_crop,g_face/w_150,h_195,g_north/https://res.cloudinary.com/dpol0pyoo/image/upload/v1787990409/idf_memorials/pid_2948.webp"
2949,https://www.idf.il/media/tjefn3cz/%D7%A8%D7%A1%D7%A8-%D7%91%D7%9E%D7%99%D7%9C-%D7%97%D7%99%D7%99%D7%9D-%D7%A7%D7%9C%D7%95%D7%9E%D7%99%D7%98%D7%99.jpeg,"https://res.cloudinary.com/dpol0pyoo/image/fetch/c_crop,g_face/w_150,h_195,g_north/https://res.cloudinary.com/dpol0pyoo/image/upload/v1787990412/idf_memorials/pid_2949.webp"
2950,https://www.idf.il/media/ohtplnrx/%D7%90%D7%9C%D7%9B%D7%A1%D7%A0%D7%93%D7%A8-%D7%A4%D7%99%D7%9C%D7%99%D7%9F.jpeg,"https://res.cloudinary.com/dpol0pyoo/image/fetch/c_crop,g_face/w_150,h_195,g_north/https://res.cloudinary.com/dpol0pyoo/image/upload/v1787990413/idf_memorials/pid_2950.webp"
2951,https://www.idf.il/media/m5gddvl5/%D7%93%D7%95%D7%A8-%D7%92%D7%93%D7%9C%D7%99%D7%94-%D7%91%D7%9F-%D7%A9%D7%9E%D7%97%D7%95%D7%9F.jpeg,"https://res.cloudinary.com/dpol0pyoo/image/fetch/c_crop,g_face/w_150,h_195,g_north/https://res.cloudinary.com/dpol0pyoo/image/upload/v1787990415/idf_memorials/pid_2951.webp"
2952,https://www.idf.il/media/f3wfot3u/%D7%99%D7%95%D7%90%D7%91-%D7%A7%D7%9C%D7%99%D7%99%D7%9F.jpeg,"https://res.cloudinary.com/dpol0pyoo/image/fetch/c_crop,g_face/w_150,h_195,g_north/https://res.cloudinary.com/dpol0pyoo/image/upload/v1787990417/idf_memorials/pid_2952.webp"
2953,https://www.idf.il/media/z2rl1z2b/%D7%A0%D7%99%D7%A8-%D7%91%D7%9F-%D7%90%D7%A8%D7%99.jpeg,"https://res.cloudinary.com/dpol0pyoo/image/fetch/c_crop,g_face/w_150,h_195,g_north/https://res.cloudinary.com/dpol0pyoo/image/upload/v1787990418/idf_memorials/pid_2953.webp"
2954,https://www.idf.il/media/yc3lk0bt/%D7%9C%D7%99%D7%90%D7%91-%D7%9B%D7%91%D7%91%D7%99%D7%94.jpeg,"https://res.cloudinary.com/dpol0pyoo/image/fetch/c_crop,g_face/w_150,h_195,g_north/https://res.cloudinary.com/dpol0pyoo/image/upload/v1787990419/idf_memorials/pid_2954.webp"
2955,https://www.idf.il/media/jrep1prk/%D7%A0%D7%95%D7%94-%D7%97%D7%91%D7%A9%D7%95%D7%A9.jpeg,"https://res.cloudinary.com/dpol0pyoo/image/fetch/c_crop,g_face/w_150,h_195,g_north/https://res.cloudinary.com/dpol0pyoo/image/upload/v1787990420/idf_memorials/pid_2955.webp"
2956,https://laad.btl.gov.il/view_files/Nofel_Pic/045700/NP_045700_10.jpg,"https://res.cloudinary.com/dpol0pyoo/image/fetch/c_crop,g_face/w_150,h_195,g_north/https://res.cloudinary.com/dpol0pyoo/image/upload/v1787990421/new_images/pid_2956.jpg"
2957,https://www.idf.il/media/tyqdt30o/%D7%91%D7%90%D7%A1%D7%99%D7%9C%D7%A1%D7%95%D7%99%D7%93%D7%96%D7%9C.jpeg,"https://res.cloudinary.com/dpol0pyoo/image/fetch/c_crop,g_face/w_150,h_195,g_north/https://res.cloudinary.com/dpol0pyoo/image/upload/v1787990423/idf_memorials/pid_2957.webp"
2959,,
2960,https://www.idf.il/media/rvphmx1j/%D7%93%D7%95%D7%93-%D7%97%D7%96%D7%95%D7%AA.jpeg,"https://res.cloudinary.com/dpol0pyoo/image/fetch/c_crop,g_face/w_150,h_195,g_north/https://res.cloudinary.com/dpol0pyoo/image/upload/v1787990426/idf_memorials/pid_2960.webp"
2961,https://www.idf.il/media/aftmdefm/%D7%99%D7%95%D7%91%D7%9C-%D7%A2%D7%96%D7%A8%D7%90.jpeg,"https://res.cloudinary.com/dpol0pyoo/image/fetch/c_crop,g_face/w_150,h_195,g_north/https://res.cloudinary.com/dpol0pyoo/image/upload/v1787990427/idf_memorials/pid_2961.webp"
2962,https://www.idf.il/media/psej1zlq/%D7%91%D7%A0%D7%99%D7%94%D7%95-%D7%9E%D7%9C%D7%98.jpeg,"https://res.cloudinary.com/dpol0pyoo/image/fetch/c_crop,g_face/w_150,h_195,g_north/https://res.cloudinary.com/dpol0pyoo/image/upload/v1787990428/idf_memorials/pid_2962.webp"
2963,https://www.idf.il/media/zize1rei/%D7%AA%D7%9E%D7%99%D7%A8-%D7%95%D7%A7%D7%A0%D7%99%D7%9F-%D7%96%D7%9C.jpeg,"https://res.cloudinary.com/dpol0pyoo/image/fetch/c_crop,g_face/w_150,h_195,g_north/https://res.cloudinary.com/dpol0pyoo/image/upload/v1787990429/idf_memorials/pid_2963.webp"
2964,https://www.idf.il/media/oebbabqb/%D7%94%D7%A8%D7%90%D7%9C-%D7%91%D7%99%D7%A8%D7%A0%D7%A9%D7%98%D7%95%D7%A7.jpeg,"https://res.cloudinary.com/dpol0pyoo/image/fetch/c_crop,g_face/w_150,h_195,g_north/https://res.cloudinary.com/dpol0pyoo/image/upload/v1787990430/idf_memorials/pid_2964.webp"