"pid","first name","last name","middle name","nickname","שם פרטי","שם משפחה","שם נוסף","כינוי","Gender","Age","Residence","Country","Role","Party","Status","Event date","Death date","מקום האירוע","מקום המוות","front","סיבת המוות","הנצחה","הספריה הלאומית","Event location","Event location class","Death location","Death location class","event_coordinates","Lat","Lon","Main Death Loc","new maub death loc","Sum","LEN Desth Location","Image URL","Image","Map Locations?","Location Match","",""
"2040","Maxim","Rizkov","","","מקסים","ריז׳קוב","","","M","31","באר שבע","ישראל","שוטר","","killed","2023-10-19","2023-10-19","טול כרם; מחנה הפליטים נור א־שמס","כפר סבא; בי""ח מאיר","West Bank","מטען","https://lezichram.police.gov.il/main/nofel/42181","987012976371205171","Tulkarm; Nur Shams","","Kefar Sava; Meir Medical Center","","","","","Tulkarm","Other","1","31","#N/A","#N/A","","","",""
"2079","Rose","Lubin","Elisheva Ida","","רוז","לובין","איידה רות אלישבע","","F","20","סעד","ישראל","שוטר","","killed","2023-11-06","2023-11-06","ירושלים; העיר העתיקה תחנת שלם","ירושלים; העיר העתיקה תחנת שלם","West Bank","פיגוע דקירה","https://lezichram.police.gov.il/main/nofel/42182","","Jerusalem; Old city shalem post","","Jerusalem; Old city shalem post","","","","","Jerusalem","Other","1","31","#N/A","#N/A","","","",""
"2111","Jamal","Abbas","","","ג׳מאל","עבאס","","","M","23","פקיעין","ישראל","חייל","","killed","2023-11-18","2023-11-18","רצועת עזה; עזה; שיח עג'לין","רצועת עזה; עזה; שיח עג'לין","Gaza","ירי","https://www.idf.il/נופלים/חללי-המלחמה/ג-מאל-עבאס/","987012802851605171","Gaza Strip; Gaza; Sheikh Ijlin","","Gaza Strip; Gaza; Sheikh Ijlin","","","","","Gaza Strip","#N/A","1","30","#N/A","#N/A","","","",""
"2119","Dvir","Barazani","","","דביר","ברזני","","","M","20","ירושלים","ישראל","חייל","","killed","2023-11-19","2023-11-19","רצועת עזה; עזה; זייתון","רצועת עזה; עזה; זייתון","Gaza","ירי בשוגג","https://www.idf.il/נופלים/חללי-המלחמה/דביר-ברזני/","987012803651505171","Gaza Strip; Gaza; Zaytun Quarter","","Gaza Strip; Gaza; Zaytun Quarter","","","","","Gaza Strip","#N/A","1","32","#N/A","#N/A","","","",""
"2131","Aschalwu","Sama","","Asi","אסצ׳אלו","סמה","","אסי","M","20","פתח תקווה","ישראל","חייל","","killed","2023-11-14","2023-12-02","רצועת עזה; עזה; רימאל","אשדוד; בי""ח אסותא","Gaza","מטען","https://www.idf.il/נופלים/חללי-המלחמה/אסצ-אלו-סמה/","987012803629805171","Gaza Strip; Gaza; Rimal","","Ashdod; Asuta hospital","","","","","Gaza Strip","#N/A","1","22","#N/A","#N/A","","","",""
"2132","Or","Brandes","","","אור","ברנדס","","","M","25","שוהם","ישראל","חייל","","killed","2023-12-02","2023-12-02","רצועת עזה; אל-קרארה","רצועת עזה; אל-קרארה","Gaza","צלף","https://www.idf.il/נופלים/חללי-המלחמה/אור-ברנדס/","987012803648205171","Gaza Strip; Al-Qarara","","Gaza Strip; Al-Qarara","","","","","Gaza Strip","#N/A","1","21","#N/A","#N/A","","","",""
"2148","Maor","Gershoni","","","מאור","גרשוני","","","M","24","יקנעם עילית","ישראל","חייל","","killed","2023-12-06","2023-12-06","רצועת עזה; עזה; שג'אעיה","רצועת עזה; עזה; שג'אעיה","Gaza","נ.ט.","https://www.idf.il/נופלים/חללי-המלחמה/מאור-גרשוני/","987012673590505171","Gaza Strip; Gaza; Shejaiya","","Gaza Strip; Gaza; Shejaiya","","","","","Gaza Strip","#N/A","1","26","#N/A","#N/A","","","",""
"2168","Tzvika","Lavi","","","צביקה","לביא","","","M","30","עלי","ישראל","חייל","","killed","2023-11-20","2023-12-11","רצועת עזה; בית לאהיא","תל אביב; בי""ח איכילוב","Gaza","נ.ט.","https://www.idf.il/נופלים/חללי-המלחמה/צביקה-לביא/","987012673594705171","Gaza Strip; Beit Lahia","","Tel Aviv; Ichilov Medical Center","","","","","Gaza Strip","#N/A","1","32","#N/A","#N/A","","","",""
"2174","Oriya","Yaakov","","","אוריה","יעקב","","","M","19","אשקלון","ישראל","חייל","","killed","2023-12-12","2023-12-12","רצועת עזה; ג'באליה","רצועת עזה; ג'באליה","Gaza","נ.ט.","https://www.idf.il/נופלים/חללי-המלחמה/אוריה-יעקב/","987012673595805171","Gaza Strip; Jabalia","","Gaza Strip; Jabalia","","","","","Gaza Strip","#N/A","1","19","#N/A","#N/A","","","",""
"2179","Elisha","Levinshtern","","","אלישע","לוינשטרן","","","M","38","חריש","ישראל","חייל","","killed","2023-12-13","2023-12-13","רצועת עזה; בני סוהילה","רצועת עזה; בני סוהילה","Gaza","נ.ט.","https://www.idf.il/נופלים/חללי-המלחמה/אלישע-לוינשטרן/","987012673593905171","Gaza Strip; Bani Suheila","","Gaza Strip; Bani Suheila","","","","","Gaza Strip","#N/A","1","24","#N/A","#N/A","","","",""
"2184","Joseph","Duran","Avner","","יוסף","דורן","אבנר","ג׳וזף","M","26","ירושלים","ישראל","חייל","","killed","2023-12-16","2023-12-16","צפון רצועת עזה","צפון רצועת עזה","Gaza","מטען","https://www.idf.il/נופלים/חללי-המלחמה/יוסף-אבנר-דורן/","987012673589905171","North Gaza Strip","","North Gaza Strip","","","","","North Gaza Strip","Other","1","16","#N/A","#N/A","","","",""
"2201","Shai","Ayeli","","","שי","איילי","","","M","21","אשקלון","ישראל","חייל","","killed","2023-12-21","2023-12-21","רצועת עזה; ג'באליה; נזלה","רצועת עזה; ג'באליה; נזלה","Gaza","ירי","https://www.idf.il/נופלים/חללי-המלחמה/שי-איילי/","987012673597305171","Gaza Strip; Jabalia; Nazla","","Gaza Strip; Jabalia; Nazla","","","","","Gaza Strip","#N/A","1","26","#N/A","#N/A","","","",""
"2202","Tal","Shua","","","טל","שועה","","","M","31","באר שבע","ישראל","חייל","","killed","2023-12-21","2023-12-21","רצועת עזה; חאן יונס","רצועת עזה; חאן יונס","Gaza","נ.ט.","https://www.idf.il/נופלים/חללי-המלחמה/טל-שועה/","987012673589605171","Gaza Strip; Khan Yunis","","Gaza Strip; Khan Yunis","","","","","Gaza Strip","#N/A","1","22","#N/A","#N/A","","","",""
"2233","Harel","Sharvit","","","הראל","שרביט","","","M","33","כוכב יעקב","ישראל","חייל","","killed","2023-12-29","2023-12-29","צפון רצועת עזה","צפון רצועת עזה","Gaza","תאונה","https://www.idf.il/נופלים/חללי-המלחמה/הראל-שרביט/","987012770621805171","North Gaza Strip","","North Gaza Strip","","","","","North Gaza Strip","Other","1","16","#N/A","#N/A","","","",""
"2235","Harel","Ittah","","","הראל","איתח","","","M","22","נתניה","ישראל","חייל","","killed","2023-12-22","2023-12-30","רצועת עזה; בני סוהילה; קסבה","באר שבע; בי""ח סורוקה","Gaza","מטען","https://www.idf.il/נופלים/חללי-המלחמה/הראל-איתח/","987012770623005171","Gaza Strip; Bani Suheila; Kasba","","Be’er Sheva; Soroka Medical Center","","","","","Gaza Strip","#N/A","1","34","#N/A","#N/A","","","",""
"2242","Shai","Garmai","","","שי","גרמאי","","","F","19","כרמיאל","ישראל","שוטר","","killed","2024-01-07","2024-01-07","ג’נין","ג’נין","West Bank","מטען","https://lezichram.police.gov.il/main/nofel/42186","","Jenin","","Jenin","","32.461362867968454, 35.28754210285402","32.461362867968454"," 35.28754210285402","Jenin","#N/A","1","5","#N/A","#N/A","","","",""
"2264","Ori","Gerby","","","אורי","ג׳רבי","","","M","20","הרצליה","ישראל","חייל","","killed","2024-01-17","2024-01-18","רצועת עזה; חאן יונס; בטן א-סמין","באר שבע; בי""ח סורוקה","Gaza","נ.ט.","https://www.idf.il/נופלים/חללי-המלחמה/אורי-ג-רבי/","987012803676805171","Gaza Strip; Khan Yunis; Batn As-Sameen","","Be’er Sheva; Soroka Medical Center","","","","","Gaza Strip","#N/A","1","34","#N/A","#N/A","","","",""
"2283","Ariel","Wollfstal","Mordechay","","אריאל","וולפסטל","מרדכי","","M","28","אלעזר","ישראל","חייל","","killed","2024-01-22","2024-01-22","רצועת עזה; אל-מוסדר","רצועת עזה; אל-מוסדר","Gaza","נ.ט.","https://www.idf.il/נופלים/חללי-המלחמה/אריאל-מרדכי-וולפסטל/","987012803653105171","Gaza Strip; Al-Musaddar","","Gaza Strip; Al-Musaddar","","","","","Gaza Strip","#N/A","1","23","#N/A","#N/A","","","",""
"2284","Sagi","Idan","","","שגיא","עידן","","","M","24","ראש העין","ישראל","חייל","","killed","2024-01-22","2024-01-22","רצועת עזה; אל-מוסדר","רצועת עזה; אל-מוסדר","Gaza","נ.ט.","https://www.idf.il/נופלים/חללי-המלחמה/שגיא-עידן/","987012802842005171","Gaza Strip; Al-Musaddar","","Gaza Strip; Al-Musaddar","","","","","Gaza Strip","#N/A","1","23","#N/A","#N/A","","","",""
"2285","Mark","Kononovich","","","מארק","קונונוביץ׳","","","M","35","הרצליה","ישראל","חייל","","killed","2024-01-22","2024-01-22","רצועת עזה; אל-מוסדר","רצועת עזה; אל-מוסדר","Gaza","נ.ט.","https://www.idf.il/נופלים/חללי-המלחמה/מארק-קונונוביץ/","987012802854605171","Gaza Strip; Al-Musaddar","","Gaza Strip; Al-Musaddar","","","","","Gaza Strip","#N/A","1","23","#N/A","#N/A","","","",""
"2290","Eliran","Yeger","","","אלירן","יגר","","","M","36","תל אביב-יפו","ישראל","חייל","","killed","2024-01-25","2024-01-25","רצועת עזה; חאן יונס; אל אמאל","במסוק","Gaza","צלף","https://www.idf.il/נופלים/חללי-המלחמה/אלירן-יגר/","987009828076605171","Gaza Strip; Khan Yunis; Al Amal","","In a Helicopter","","","","","Gaza Strip","#N/A","1","15","#N/A","#N/A","","","",""
"2298","Alon","Kleinman","","","אלון","קליינמן","","","M","21","תל אביב-יפו","ישראל","חייל","","killed","2024-02-11","2024-02-11","רצועת עזה; חאן יונס; מחנה הפליטים","רצועת עזה; חאן יונס; מחנה הפליטים","Gaza","נ.ט.","https://www.idf.il/נופלים/חללי-המלחמה/אלון-קליינמן/","987012802843205171","Gaza Strip; Khan Yunis; Refugee camp","","Gaza Strip; Khan Yunis; Refugee camp","","","","","Gaza Strip","#N/A","1","36","#N/A","#N/A","","","",""
"2303","Omer","Benjo","Sarah","","עמר","בנג׳ו","שרה","","F","20","גיאה","ישראל","חייל","","killed","2024-02-14","2024-02-14","צפת; פיקוד צפון","צפת; פיקוד צפון","North","רקטה","https://www.idf.il/נופלים/חללי-המלחמה/עמר-שרה-בנג-ו/","987012770623805171","Safed; Pikud Tsafon","","Safed; Pikud Tsafon","","","","","Safed","Other","1","19","#N/A","#N/A","","","",""
"2304","Rotem","Sahar-Hadar","","","רותם","סהר הדר","","","M","20","כפר אביב","ישראל","חייל","","killed","2024-02-15","2024-02-15","רצועת עזה; חאן יונס; מחנה הפליטים","באר שבע; בי""ח סורוקה","Gaza","רימון","https://www.idf.il/נופלים/חללי-המלחמה/רותם-סהר-הדר/","987012770623705171","Gaza Strip; Khan Yunis; Refugee camp","","Be’er Sheva; Soroka Medical Center","","","","","Gaza Strip","#N/A","1","34","#N/A","#N/A","","","",""
"2312","Eyal","Shuminov","","","אייל","שומינוב","","","M","24","כרמיאל","ישראל","חייל","","killed","2024-02-24","2024-02-24","רצועת עזה; עזה; זייתון","רצועת עזה; עזה; זייתון","Gaza","מטען","https://www.idf.il/נופלים/חללי-המלחמה/אייל-שומינוב/","987012770622805171","Gaza Strip; Gaza; Zaytun Quarter","","Gaza Strip; Gaza; Zaytun Quarter","","","","","Gaza Strip","#N/A","1","32","#N/A","#N/A","","","",""
"2336","Nadav","Cohen","","Nadi","נדב","כהן","","נדי","M","20","חיפה","ישראל","חייל","","killed","2024-03-31","2024-03-31","רצועת עזה; חאן יונס; אל-קטיבה","רצועת עזה; חאן יונס; אל-קטיבה","Gaza","נ.ט.","https://www.idf.il/נופלים/חללי-המלחמה/נדב-כהן/","987012802848305171","Gaza Strip; Khan Yunis; Al Katibah","exact","Gaza Strip; Khan Yunis; Al Katibah","exact","","","","Gaza Strip","#N/A","1","34","#N/A","#N/A","","","",""
"2341","Dor","Zimel","","","דור","זימל","","","M","27","אבן יהודה","ישראל","חייל","","killed","2024-04-17","2024-04-21","ערב אל-עראמשה","נהריה; בי""ח גליל","North","כטב""מ","https://www.idf.il/נופלים/חללי-המלחמה/דור-זימל/","987012803666805171","Arab al-Aramshe","","Nahariyya; Galilee Medical Center","","","","","Arab al-Aramshe","Other","1","33","#N/A","#N/A","","","",""
"2345","Kalkidan","Mehar","","","קאלקידן","מהרי","","","M","37","פתח תקווה","ישראל","חייל","","killed","2024-04-28","2024-04-28","רצועת עזה; עזה; ליד מסדרון נצרים","רצועת עזה; עזה; ליד מסדרון נצרים","Gaza","ירי בשוגג","https://www.idf.il/נופלים/חללי-המלחמה/קאלקידן-מהרי/","987012802861805171","Gaza Strip; Gaza; Near Netzarim Corridor","","Gaza Strip; Gaza; Near Netzarim Corridor","","","","","Gaza Strip","#N/A","1","40","#N/A","#N/A","","","",""
"2346","Ido","Aviv","Yosef","","עידו","אביב","יוסף","","M","28","כרמיאל","ישראל","חייל","","killed","2024-04-28","2024-04-28","רצועת עזה; עזה; ליד מסדרון נצרים","רצועת עזה; עזה; ליד מסדרון נצרים","Gaza","ירי בשוגג","https://www.idf.il/נופלים/חללי-המלחמה/עידו-אביב/","987012802867805171","Gaza Strip; Gaza; Near Netzarim Corridor","","Gaza Strip; Gaza; Near Netzarim Corridor","","","","","Gaza Strip","#N/A","1","40","#N/A","#N/A","","","",""
"2351","Dan","Kamkagi","","","דן","קמחג׳י","","","M","31","כפר האורנים","ישראל","חייל","","killed","2024-05-06","2024-05-06","אזור מטולה","אזור מטולה","North","כטב""מ","https://www.idf.il/נופלים/חללי-המלחמה/דן-קמחג-י/","987012802828505171","Metula area","","Metula area","","","","","Metula area","Other","1","11","#N/A","#N/A","","","",""
"2352","Nahman","Hertz","Natan","","נחמן","הרץ","נתן","","M","31","אלעזר","ישראל","חייל","","killed","2024-05-06","2024-05-06","אזור מטולה","אזור מטולה","North","כטב""מ","https://www.idf.il/נופלים/חללי-המלחמה/נחמן-נתן-הרץ/","987012803662105171","Metula area","","Metula area","","","","","Metula area","Other","1","11","#N/A","#N/A","","","",""
"2353","Yitav","Halevi","Lev","","ייטב","הלוי","לב","","M","28","הר גילה","ישראל","שוטר","","killed","2024-05-04","2024-05-08","טול כרם","פתח תקווה; בי""ח בילינסון","West Bank","ירי","https://lezichram.police.gov.il/main/nofel/42195","987012803673505171","Tulkarm","","Petah Tikva; Beilinson hospital","","32.351536, 35.082373","32.351536"," 35.082373","Tulkarm","Other","1","31","#N/A","#N/A","","","",""
"2360","Ira","Gispan","Yair","","עירא","גיספן","יאיר","","M","19","פתח תקווה","ישראל","חייל","","killed","2024-05-14","2024-05-14","רצועת עזה; רפיח; ליד ציר פילדלפי","רצועת עזה; רפיח; ליד ציר פילדלפי","Gaza","תאונה","https://www.idf.il/נופלים/חללי-המלחמה/עירא-יאיר-גיספן/","987012789364305171","Gaza Strip; Rafah; Near Philadelphi Corridor","","Gaza Strip; Rafah; Near Philadelphi Corridor","","","","","Gaza Strip","#N/A","1","44","#N/A","#N/A","","","",""
"2371","Gal","Shabbat","","","גל","שבת","","","M","24","קציר","ישראל","חייל","","killed","2024-05-15","2024-05-19","רצועת עזה; ג'באליה","באר שבע; בי""ח סורוקה","Gaza","צלף","https://www.idf.il/נופלים/חללי-המלחמה/גל-שבת/","987012794268605171","Gaza Strip; Jabalia","","Be’er Sheva; Soroka Medical Center","","","","","Gaza Strip","#N/A","1","34","#N/A","#N/A","","","",""
"2375","Betzalel","Kovach","Zvi","","בצלאל","קובץ","צבי","","M","20","ירושלים","ישראל","חייל","","killed","2024-05-22","2024-05-26","רצועת עזה; בית חאנון","באר שבע; בי""ח סורוקה","Gaza","צלף","https://www.idf.il/נופלים/חללי-המלחמה/בצלאל-צבי-קובץ/","987012798771705171","Gaza Strip; Beit Hanoun","","Be’er Sheva; Soroka Medical Center","","","","","Gaza Strip","#N/A","1","34","#N/A","#N/A","","","",""
"2376","Sahar","Sudaei","","","סהר","סודאי","","","M","20","תל אביב-יפו","ישראל","חייל","","killed","2024-05-26","2024-05-26","רצועת עזה; ג'באליה","רצועת עזה; ג'באליה","Gaza","נ.ט.","https://www.idf.il/נופלים/חללי-המלחמה/סהר-סודאי/","987012798771405171","Gaza Strip; Jabalia","","Gaza Strip; Jabalia","","","","","Gaza Strip","#N/A","1","19","#N/A","#N/A","","","",""
"2389","Eliya","Hilel","","","אליה","הלל","","","M","20","תל ציון","ישראל","חייל","","killed","2024-05-30","2024-05-30","צומת המטווחים כבישים 555  5077","צומת המטווחים כבישים 555  5077","West Bank","פיגוע דריסה","https://www.idf.il/נופלים/חללי-המלחמה/אליה-הלל/","987012798758205171","Shooting range jct roads 555 5077","","Shooting range jct roads 555 5077","","32.179803, 35.282521","32.179803"," 35.282521","Shooting range jct roads 555 5077","?","1","33","#N/A","#N/A","","","",""
"2395","Refael","Kauders","","","רפאל","קאודרס","","","M","39","צור הדסה","ישראל","חייל","","killed","2024-06-05","2024-06-05","חורפיש","חורפיש","North","כטב""מ","https://www.idf.il/נופלים/חללי-המלחמה/רפאל-קאודרס","987010362764805171","Hurfeish","","Hurfeish","","","","","Hurfeish","Other","1","8","#N/A","#N/A","","","",""
"2402","Eitan","Koplovich","","","איתן","קופלוביץ","","","M","28","ירושלים","ישראל","חייל","","killed","2024-06-15","2024-06-15","רצועת עזה; עזה; ליד מסדרון נצרים","רצועת עזה; עזה; ליד מסדרון נצרים","Gaza","מטען","https://www.idf.il/נופלים/חללי-המלחמה/איתן-קופלוביץ","987012832176605171","Gaza Strip; Gaza; Near Netzarim Corridor","","Gaza Strip; Gaza; Near Netzarim Corridor","","","","","Gaza Strip","#N/A","1","40","#N/A","#N/A","","","",""
"2403","Elon","Waiss","","","אילון","ויס","","","M","49","פסגות","ישראל","חייל","","killed","2024-06-15","2024-06-15","רצועת עזה; עזה; ליד מסדרון נצרים","רצועת עזה; עזה; ליד מסדרון נצרים","Gaza","מטען","https://www.idf.il/נופלים/חללי-המלחמה/אילון-ויס","987012832176105171","Gaza Strip; Gaza; Near Netzarim Corridor","","Gaza Strip; Gaza; Near Netzarim Corridor","","","","","Gaza Strip","#N/A","1","40","#N/A","#N/A","","","",""
"2404","Elyahu","Zimbalist","Moshe Shlomo","","אליהו","צימבליסט","משה שלמה","","M","21","בית שמש","ישראל","חייל","","killed","2024-06-15","2024-06-15","רצועת עזה; רפיח; תל א-סולטאן","רצועת עזה; רפיח; תל א-סולטאן","Gaza","נ.ט.","https://www.idf.il/נופלים/חללי-המלחמה/אליהו-משה-צימבליסט","987012832176205171","Gaza Strip; Rafah; Tel al-Sultan","","Gaza Strip; Rafah; Tel al-Sultan","","","","","Gaza Strip","#N/A","1","32","#N/A","#N/A","","","",""
"2405","Itay","Amar","","","איתי","עמר","","","M","19","כוכב יאיר-צור יגאל","ישראל","חייל","","killed","2024-06-15","2024-06-15","רצועת עזה; רפיח; תל א-סולטאן","רצועת עזה; רפיח; תל א-סולטאן","Gaza","נ.ט.","https://www.idf.il/נופלים/חללי-המלחמה/איתי-עמר","987012832176705171","Gaza Strip; Rafah; Tel al-Sultan","","Gaza Strip; Rafah; Tel al-Sultan","","","","","Gaza Strip","#N/A","1","32","#N/A","#N/A","","","",""
"2409","Yakir","Levi","Ya'akov","","יקיר","לוי","יעקב","","M","21","חפץ חיים","ישראל","חייל","","killed","2024-06-15","2024-06-15","רצועת עזה; רפיח; תל א-סולטאן","רצועת עזה; רפיח; תל א-סולטאן","Gaza","נ.ט.","https://www.idf.il/נופלים/חללי-המלחמה/יקיר-יעקב-לוי","987012832176805171","Gaza Strip; Rafah; Tel al-Sultan","","Gaza Strip; Rafah; Tel al-Sultan","","","","","Gaza Strip","#N/A","1","32","#N/A","#N/A","","","",""
"2412","Omer","Smadga","","","עומר","סמדג׳ה","","","M","25","גנות הדר","ישראל","חייל","","killed","2024-06-20","2024-06-20","רצועת עזה; עזה; ליד מסדרון נצרים","רצועת עזה; עזה; ליד מסדרון נצרים","Gaza","פצמ""ר","https://www.idf.il/נופלים/חללי-המלחמה/עומר-סמדג-ה","987012837972405171","Gaza Strip; Gaza; Near Netzarim Corridor","","Gaza Strip; Gaza; Near Netzarim Corridor","","","","","Gaza Strip","#N/A","1","40","#N/A","#N/A","","","",""
"2416","Alon","Scagio","","","אלון","סקאג׳יו","","","M","22","חדרה","ישראל","חייל","","killed","2024-06-27","2024-06-27","ג’נין; מחנה הפליטים","עפולה; בי""ח העמק","West Bank","מטען","https://www.idf.il/נופלים/חללי-המלחמה/אלון-סקאג-יו","987012846875105171","Jenin; Refugee camp","","Afula; Emek Medical Center","","32.461362867968454, 35.28754210285402","32.461362867968454"," 35.28754210285402","Jenin","Other","1","26","#N/A","#N/A","","","",""
"2421","Yehuda","Geto","","","יהודה","גטו","","","M","22","פרדס חנה-כרכור","ישראל","חייל","","killed","2024-07-01","2024-07-01","טול כרם; מחנה הפליטים נור א־שמס","טול כרם; מחנה הפליטים נור א־שמס","West Bank","מטען","https://www.idf.il/נופלים/חללי-המלחמה/יהודה-גטו","987012846861205171","Tulkarm; Nur Shams","","Tulkarm; Nur Shams","","","","","Tulkarm","Other","1","18","#N/A","#N/A","","","",""
"2427","Itay","Galea","","","איתי","גלאה","","","M","38","רמת גן","ישראל","חייל","","killed","2024-07-04","2024-07-04","מחנה ירדן","מחנה ירדן","North","רקטה","https://www.idf.il/נופלים/חללי-המלחמה/איתי-גלאה","987012846848605171","Yarden base","","Yarden base","","","","","Yarden base","Other","1","11","#N/A","#N/A","","","",""
"2428","Eyal","Mimran","","","אייל","מימרן","","","M","20","נס ציונה","ישראל","חייל","","killed","2024-07-04","2024-07-04","רצועת עזה; עזה; שג'אעיה","רצועת עזה; עזה; שג'אעיה","Gaza","ירי","https://www.idf.il/נופלים/חללי-המלחמה/אייל-מימרן","987012846848505171","Gaza Strip; Gaza; Shejaiya","","Gaza Strip; Gaza; Shejaiya","","","","","Gaza Strip","#N/A","1","26","#N/A","#N/A","","","",""
"2429","Jalaa","Ibrahem","","","ג׳לאא","אבראהים","","","M","25","סאג'ור","ישראל","חייל","","killed","2024-07-07","2024-07-07","רצועת עזה; רפיח; תל א-סולטאן","רצועת עזה; רפיח; תל א-סולטאן","Gaza","נ.ט.","https://www.idf.il/נופלים/חללי-המלחמה/ג-לאא-אבראהים","987012852471305171","Gaza Strip; Rafah; Tel al-Sultan","","Gaza Strip; Rafah; Tel al-Sultan","","","","","Gaza Strip","#N/A","1","32","#N/A","#N/A","","","",""
"2430","Tal","Lahat","Binyamin","","טל","להט","בנימין","","M","21","כפר סבא","ישראל","חייל","","killed","2024-07-09","2024-07-09","רצועת עזה; עזה; רימאל","רצועת עזה; עזה; רימאל","Gaza","צלף","https://www.idf.il/נופלים/חללי-המלחמה/טל-להט","987012855376905171","Gaza Strip; Gaza; Rimal","","Gaza Strip; Gaza; Rimal","","","","","Gaza Strip","#N/A","1","23","#N/A","#N/A","","","",""
"2431","Valeri","Chefonov","","","ולרי","צ׳פונוב","","","M","33","נתניה","ישראל","חייל","","killed","2024-07-11","2024-07-11","כברי","נהריה; בי""ח גליל","North","כטב""מ","https://www.idf.il/נופלים/חללי-המלחמה/ולרי-צ-פונוב/","987012856577105171","Kabri","","Nahariyya; Galilee Medical Center","","","","","Kabri","Other","1","33","#N/A","#N/A","","","",""
"2432","Arnon","Zmora","","","ארנון","זמורה","","","M","37","שדה דוד","ישראל","שוטר","","killed","2024-06-08","2024-06-08","רצועת עזה; נוסייראת","רמת גן; בי""ח תל השומר","Gaza","ירי","https://lezichram.police.gov.il/main/nofel/42196","987012807573005171","Gaza Strip; Nuseirat Camp","","Ramat Gan; Tel Hashomer hospital","","31.451921, 34.390411","31.451921"," 34.390411","Gaza Strip","#N/A","1","32","#N/A","#N/A","","","",""
"2453","Yonatan","Greenblatt","Aharon","Yoni","יונתן","גרינבלט","אהרן","יוני","M","21","בית שמש","ישראל","חייל","","killed","2024-07-20","2024-07-27","רצועת עזה; רפיח","באר שבע; בי""ח סורוקה","Gaza","נ.ט.","https://www.idf.il/נופלים/חללי-המלחמה/יונתן-אהרן-גרינבלט/","987012858640305171","Gaza Strip; Rafah","","Be’er Sheva; Soroka Medical Center","","","","","Gaza Strip","#N/A","1","34","#N/A","#N/A","","","",""
"2472","Mordechai","Ben Shoam","Yosef","","מרדכי","בן שועם","יוסף","","M","34","גבע בנימין","ישראל","חייל","","killed","2024-08-17","2024-08-17","רצועת עזה; עזה; זייתון","רצועת עזה; עזה; זייתון","Gaza","מטען","https://www.idf.il/נופלים/חללי-המלחמה/מרדכי-יוסף-בן-שועם/","987012882759005171","Gaza Strip; Gaza; Zaytun Quarter","","Gaza Strip; Gaza; Zaytun Quarter","","","","","Gaza Strip","#N/A","1","32","#N/A","#N/A","","","",""
"2474","Shahar","Ben Nun","","","שחר","בן נון","","","M","21","פתח תקווה","ישראל","חייל","","killed","2024-08-19","2024-08-19","רצועת עזה; חאן יונס; אל-ג'לאא; מגדלי חמד","רצועת עזה; חאן יונס; אל-ג'לאא; מגדלי חמד","Gaza","ירי בשוגג","https://www.idf.il/נופלים/חללי-המלחמה/שחר-בן-נון/","987012882750905171","Gaza Strip; Khan Yunis; Al Jala; Hamad project","","Gaza Strip; Khan Yunis; Al Jala; Hamad project","","","","","Gaza Strip","#N/A","1","46","#N/A","#N/A","","","",""
"2487","Danil","Pechenyuk","","","דניל","פצ׳ניוק","","","M","26","בת ים","ישראל","חייל","","killed","2024-08-23","2024-08-23","רצועת עזה; עזה; זייתון","רצועת עזה; עזה; זייתון","Gaza","מטען","https://www.idf.il/נופלים/חללי-המלחמה/דניל-פצ-ניוק/","987012882163205171","Gaza Strip; Gaza; Zaytun Quarter","","Gaza Strip; Gaza; Zaytun Quarter","","","","","Gaza Strip","#N/A","1","32","#N/A","#N/A","","","",""
"2490","Amit","Tsadikov","","","עמית","צדיקוב","","","M","20","בית דגן","ישראל","חייל","","killed","2024-08-24","2024-08-24","רצועת עזה; דיר אל בלח","רצועת עזה; דיר אל בלח","Gaza","מטען","https://www.idf.il/נופלים/חללי-המלחמה/עמית-צדיקוב/","987012882738605171","Gaza Strip; Deir al-Balah","","Gaza Strip; Deir al-Balah","","","","","Gaza Strip","#N/A","1","25","#N/A","#N/A","","","",""
"2492","Shlomo","Hazut","Yehonatan","Shlomi","שלמה","חזוט","יהונתן","שלומי","M","36","אשדוד","ישראל","חייל","","killed","2024-08-25","2024-08-25","רצועת עזה; עזה; זייתון","רצועת עזה; עזה; זייתון","Gaza","מטען","https://www.idf.il/נופלים/חללי-המלחמה/שלמה-יהונתן-חזוט/","987012882738405171","Gaza Strip; Gaza; Zaytun Quarter","","Gaza Strip; Gaza; Zaytun Quarter","","","","","Gaza Strip","#N/A","1","32","#N/A","#N/A","","","",""
"2501","Arik","Ben Eliahu","","","אריק","בן אליהו","","","M","37","קרית גת","ישראל","שוטר","","killed","2024-09-01","2024-09-01","תרקומיא","תרקומיא","West Bank","פיגוע ירי","https://lezichram.police.gov.il/main/nofel/42202","","Tarqumiyah","","Tarqumiyah","","","","","Tarqumiyah","Other","1","10","#N/A","#N/A","","","",""
"2502","Roni","Shakuri","","","רוני","שקורי","","","M","61","שדרות","ישראל","שוטר","","killed","2024-09-01","2024-09-01","תרקומיא","באר שבע; בי""ח סורוקה","West Bank","פיגוע ירי","https://lezichram.police.gov.il/main/nofel/42200","","Tarqumiyah","","Be’er Sheva; Soroka Medical Center","","","","","Tarqumiyah","Other","1","34","#N/A","#N/A","","","",""
"2503","Hadas","Brantz","","","הדס","ברנץ","","","F","53","שדה משה","ישראל","שוטר","","killed","2024-09-01","2024-09-01","תרקומיא","תרקומיא","West Bank","פיגוע ירי","https://lezichram.police.gov.il/main/nofel/42201","","Tarqumiyah","","Tarqumiyah","","","","","Tarqumiyah","Other","1","10","#N/A","#N/A","","","",""
"2527","Ilia","Nozadze","","","איליה","נוזאדזה","","","M","42","גיאורגיה","גיאורגיה","אזרח","","killed","2024-10-01","2024-10-01","יפו","תל אביב; בי""ח איכילוב","Home","פיגוע ירי","https://www.gov.il/en/pages/ilia-nozadze","","Jaffa","","Tel Aviv; Ichilov Medical Center","","32.04616165861175, 34.75833607617758","32.04616165861175"," 34.75833607617758","Jaffa","Other","1","32","#N/A","#N/A","","","",""
"2530","Almken","Terefe","","","עלמקאן","טרפה","אבטה","","M","21","ירושלים","ישראל","חייל","","killed","2024-10-02","2024-10-02","דרום לבנון; מארון א-ראס","דרום לבנון","North","נ.ט.","https://www.idf.il/נופלים/חללי-המלחמה/עלמקאן-טרפה/","987012945067105171","South Lebanon; Maroun al-Ras","","South Lebanon","","","","","South Lebanon","#N/A","1","13","#N/A","#N/A","","","",""
"2531","Ido","Broyer","","","עידו","ברויר","","","M","21","נס ציונה","ישראל","חייל","","killed","2024-10-02","2024-10-02","דרום לבנון; מארון א-ראס","דרום לבנון","North","נ.ט.","https://www.idf.il/נופלים/חללי-המלחמה/עידו-ברויר/","987012945067005171","South Lebanon; Maroun al-Ras","","South Lebanon","","","","","South Lebanon","#N/A","1","13","#N/A","#N/A","","","",""
"2539","Tal","Dror","","","טל","דרור","","","M","19","ירושלים","ישראל","חייל","","killed","2024-10-03","2024-10-03","מוצב בצפון הגולן","חיפה; בי""ח רמבם","Iraq","כטב""מ","https://www.idf.il/נופלים/חללי-המלחמה/טל-דרור/","987012945066605171","A base in northen Golan Heights","","Haifa; Rambam hospital","","","","","A base in northen Golan Heights","Other","1","22","#N/A","#N/A","","","",""
"2540","Daniel","Sofer","Aviv Haim","","דניאל","סופר","אביב חיים","","M","19","אשקלון","ישראל","חייל","","killed","2024-10-03","2024-10-03","מוצב בצפון הגולן","","Iraq","כטב""מ","https://www.idf.il/נופלים/חללי-המלחמה/דניאל-אביב-חיים-סופר/","987012945066505171","A base in northen Golan Heights","","","","","","","A base in northen Golan Heights","Other","1","0","#N/A","#N/A","","","",""
"2542","Shira","Suslik","Chaya","","שירה","סוסליק","חיה","","F","19","באר שבע","ישראל","שוטר","","killed","2024-10-06","2024-10-06","באר שבע; תחנה מרכזית","","Home","פיגוע ירי","https://lezichram.police.gov.il/main/nofel/42203","987012966175405171","Be’er Sheva; Central station","","","","","","","Be’er Sheva","Other","1","0","#N/A","#N/A","","","",""
"2551","Ori","Borenstein","Moshe","","אורי","בורנשטיין","משה","","M","32","מורשת","ישראל","חייל","","killed","2024-10-10","2024-10-10","רצועת עזה; ג'באליה","רצועת עזה; ג'באליה","Gaza","מטען","https://www.idf.il/נופלים/חללי-המלחמה/אורי-משה-בורנשטיין/","987012976172705171","Gaza Strip; Jabalia","","Gaza Strip; Jabalia","","","","","Gaza Strip","#N/A","1","19","#N/A","#N/A","","","",""
"2552","Netanel","Hershkovitz","","","נתנאל","הרשקוביץ","","","M","37","ירושלים","ישראל","חייל","","killed","2024-10-10","2024-10-10","רצועת עזה; ג'באליה","רצועת עזה; ג'באליה","Gaza","מטען","https://www.idf.il/נופלים/חללי-המלחמה/נתנאל-הרשקוביץ-1/","987012976172605171","Gaza Strip; Jabalia","","Gaza Strip; Jabalia","","","","","Gaza Strip","#N/A","1","19","#N/A","#N/A","","","",""
"2553","Marantz","Matityahu","Tzvi","","צבי","מרנץ","מתתיהו","","M","32","בני אדם","ישראל","חייל","","killed","2024-10-10","2024-10-10","רצועת עזה; ג'באליה","רצועת עזה; ג'באליה","Gaza","מטען","https://www.idf.il/נופלים/חללי-המלחמה/צבי-מתתיהו-מרנץ/","987012976172505171","Gaza Strip; Jabalia","","Gaza Strip; Jabalia","","","","","Gaza Strip","#N/A","1","19","#N/A","#N/A","","","",""
"2562","Adir","Kadosh","","","אדיר","קדוש","","","M","33","תל אביב-יפו","ישראל","שוטר","","killed","2024-10-15","2024-10-15","מחלף יבנה","מחלף יבנה","Home","פיגוע ירי","https://lezichram.police.gov.il/main/nofel/42205","","Yavne int","","Yavne int","","","","","Yavne int","Other","1","9","#N/A","#N/A","","","",""
"2568","Elishai","Young","","","אלישי","יונג","","","M","19","דימונה","ישראל","חייל","","killed","2024-10-19","2024-10-19","רצועת עזה; ג'באליה","רצועת עזה; ג'באליה","Gaza","נ.ט.","https://www.idf.il/נופלים/חללי-המלחמה/אלישי-יונג/","987012976166305171","Gaza Strip; Jabalia","","Gaza Strip; Jabalia","","","","","Gaza Strip","#N/A","1","19","#N/A","#N/A","","","",""
"2569","Ofir","Berkovich","","","אופיר","ברקוביץ'","","","M","20","מודיעין מכבים רעות","ישראל","חייל","","killed","2024-10-19","2024-10-19","רצועת עזה; ג'באליה","רצועת עזה; ג'באליה","Gaza","נ.ט.","https://www.idf.il/נופלים/חללי-המלחמה/אופיר-ברקוביץ/","987012976166405171","Gaza Strip; Jabalia","","Gaza Strip; Jabalia","","","","","Gaza Strip","#N/A","1","19","#N/A","#N/A","","","",""
"2570","Yishai","Greenbaum","Netanel","","ישי","גרינבאום","נתנאל","","M","38","לוד","ישראל","חייל","","killed","2024-10-09","2024-10-18","דרום לבנון; מייס אל-ג'בל","חיפה; בי""ח רמבם","North","נ.ט.","https://www.idf.il/נופלים/חללי-המלחמה/ישי-נתנאל-גרינבאום/","987012976166505171","South Lebanon; Mais al-Jabal","","Haifa; Rambam hospital","","","","","South Lebanon","#N/A","1","22","#N/A","#N/A","","","",""
"2581","Guy","Idan","","","גיא","עידן","","","M","51","שמרת","ישראל","חייל","","killed","2024-10-24","2024-10-24","דרום לבנון; חולא","דרום לבנון","North","רקטה","https://www.idf.il/נופלים/חללי-המלחמה/גיא-עידן/","987012976164105171","South Lebanon; Houla","","South Lebanon","","","","","South Lebanon","#N/A","1","13","#N/A","#N/A","","","",""
"2582","Omri","Lotan","","","עמרי","לוטן","","","M","47","בת חפר","ישראל","חייל","","killed","2024-10-24","2024-10-24","דרום לבנון; חולא","דרום לבנון","North","רקטה","https://www.idf.il/נופלים/חללי-המלחמה/עמרי-לוטן/","987012976163705171","South Lebanon; Houla","","South Lebanon","","","","","South Lebanon","#N/A","1","13","#N/A","#N/A","","","",""
"2583","Alon","Safrai","","","אלון","ספראי","","","M","28","ירושלים","ישראל","חייל","","killed","2024-10-24","2024-10-24","דרום לבנון; חולא","","North","רקטה","https://www.idf.il/נופלים/חללי-המלחמה/אלון-ספראי/","987012976163805171","South Lebanon; Houla","","","","","","","South Lebanon","#N/A","1","0","#N/A","#N/A","","","",""
"2584","Dan","Maori","","","דן","מאורי","","","M","43","בית יצחק-שער חפר","ישראל","חייל","","killed","2024-10-24","2024-10-24","דרום לבנון; חולא","","North","רקטה","https://www.idf.il/נופלים/חללי-המלחמה/דן-מאורי/","987012976163905171","South Lebanon; Houla","","","","","","","South Lebanon","#N/A","1","0","#N/A","#N/A","","","",""
"2585","Tom","Segal","","","תום","סגל","","","M","28","עין הבשור","ישראל","חייל","","killed","2024-10-24","2024-10-24","דרום לבנון; חולא","דרום לבנון","North","רקטה","https://www.idf.il/נופלים/חללי-המלחמה/תום-סגל/","987012976164005171","South Lebanon; Houla","","South Lebanon","","","","","South Lebanon","#N/A","1","13","#N/A","#N/A","","","",""
"2586","Hillel","Ovadia","Eliyahu","","אליהו","עובדיה","הלל","","M","22","ירושלים","ישראל","חייל","","killed","2024-10-25","2024-10-25","רצועת עזה; בית לאהיא; בית החולים כאמל עדואן","רצועת עזה; בית לאהיא; בית החולים כאמל עדואן","Gaza","מטען","https://www.idf.il/נופלים/חללי-המלחמה/הלל-אליהו-עובדיה/","987012976163405171","Gaza Strip; Beit Lahia; Kamal Adwan Hospital","","Gaza Strip; Beit Lahia; Kamal Adwan Hospital","","","","","Gaza Strip","#N/A","1","44","#N/A","#N/A","","","",""
"2587","Ido","Ben Zvi","","","עידו","בן צבי","","","M","21","שמרת","ישראל","חייל","","killed","2024-10-25","2024-10-25","רצועת עזה; בית לאהיא; בית החולים כאמל עדואן","רצועת עזה; בית לאהיא; בית החולים כאמל עדואן","Gaza","מטען","https://www.idf.il/נופלים/חללי-המלחמה/עידו-בן-צבי/","987012976163505171","Gaza Strip; Beit Lahia; Kamal Adwan Hospital","","Gaza Strip; Beit Lahia; Kamal Adwan Hospital","","","","","Gaza Strip","#N/A","1","44","#N/A","#N/A","","","",""
"2588","Barak","Sagan","Israel","","ברק","סגן","ישראל","","M","22","פתח תקווה","ישראל","חייל","","killed","2024-10-25","2024-10-25","רצועת עזה; בית לאהיא; בית החולים כאמל עדואן","רצועת עזה; בית לאהיא; בית החולים כאמל עדואן","Gaza","מטען","https://www.idf.il/נופלים/חללי-המלחמה/ברק-ישראל-סגן/","987012976163605171","Gaza Strip; Beit Lahia; Kamal Adwan Hospital","","Gaza Strip; Beit Lahia; Kamal Adwan Hospital","","","","","Gaza Strip","#N/A","1","44","#N/A","#N/A","","","",""
"2593","Shaul","Moyal","","","שאול","מויאל","","","M","47","קרני שומרון","ישראל","חייל","","killed","2024-10-26","2024-10-26","דרום לבנון; עייתרון","דרום לבנון; עייתרון","North","","https://www.idf.il/נופלים/חללי-המלחמה/שאול-מויאל/","987012976161805171","South Lebanon; Aitaroun","","South Lebanon; Aitaroun","","","","","South Lebanon","#N/A","1","23","#N/A","#N/A","","","",""
"2594","Malachi","Harari","Yehuda","","מלאכי","הררי","יהודה","","M","22","אבן שמואל","ישראל","חייל","","killed","2024-10-18","2024-10-27","רצועת עזה; ג'באליה","באר שבע; בי""ח סורוקה","Gaza","ירי בשוגג","https://www.idf.il/נופלים/חללי-המלחמה/מלאכי-יהודה-הררי/","987012976161905171","Gaza Strip; Jabalia","","Be’er Sheva; Soroka Medical Center","","","","","Gaza Strip","#N/A","1","34","#N/A","#N/A","","","",""
"2604","Nisim","Meytal","","","ניסים","מיטל","","","M","20","חדרה","ישראל","חייל","","killed","2024-10-29","2024-10-29","רצועת עזה; ג'באליה","רצועת עזה; ג'באליה","Gaza","מטען","https://www.idf.il/נופלים/חללי-המלחמה/ניסים-מיטל/","987012976159405171","Gaza Strip; Jabalia","","Gaza Strip; Jabalia","","","","","Gaza Strip","#N/A","1","19","#N/A","#N/A","","","",""
"2605","Yehonatan","Keren","","Joni","יהונתן","קרן","","ג'וני","M","22","מולדת","ישראל","חייל","","killed","2024-10-29","2024-10-29","רצועת עזה; ג'באליה","רצועת עזה; ג'באליה","Gaza","מטען","https://www.idf.il/נופלים/חללי-המלחמה/יהונתן-ג-וני-קרן/","987012976159305171","Gaza Strip; Jabalia","","Gaza Strip; Jabalia","","","","","Gaza Strip","#N/A","1","19","#N/A","#N/A","","","",""
"2645","Ze’ev","Erlich","Hanoch","Jabo","זאב","ארליך","חנוך","ז'אבו","M","70","עפרה","ישראל","אזרח","","killed","2024-11-20","2024-11-20","דרום לבנון; מבצר קלעת שמע","דרום לבנון","North","ירי","https://www.idf.il/נופלים/חללי-המלחמה/זאב-חנוך-ז-אבו-ארליך/","987007310333005171","South Lebanon; Chamaa Castle","","South Lebanon","","","","","South Lebanon","#N/A","1","13","#N/A","#N/A","","","",""
"2665","Moshiko","Rozenwald","Maxim","","מושיקו","רוזנוולד","מקסים","","M","35","מודיעין מכבים רעות","ישראל","חייל","","killed","2024-12-17","2024-12-17","רצועת עזה; רפיח; שאבורה","רצועת עזה; רפיח; שאבורה","Gaza","תאונה","https://www.idf.il/נופלים/חללי-המלחמה/מושיקו-מקסים-רוזנוולד/","987013168392605171","Gaza Strip; Rafah; Shabura","","Gaza Strip; Rafah; Shabura","","","","","Gaza Strip","#N/A","1","26","#N/A","#N/A","","","",""
"2668","Ilay","Atedgi","Gavriel","","איליי","אטדגי","גבריאל","","M","22","קרית מוצקין","ישראל","חייל","","killed","2024-12-23","2024-12-23","רצועת עזה; בית לאהיא; שייח זאיד","רצועת עזה; בית לאהיא; שייח זאיד","Gaza","מטען","https://www.idf.il/נופלים/חללי-המלחמה/איליי-גבריאל-אטדגי/","987013168373405171","Gaza Strip; Beit Lahia; Sheikh Za’id","","Gaza Strip; Beit Lahia; Sheikh Za’id","","","","","Gaza Strip","#N/A","1","36","#N/A","#N/A","","","",""
"2669","Netanel","Pessach","","","נתנאל","פסח","","","M","21","אלעזר","ישראל","חייל","","killed","2024-12-23","2024-12-23","רצועת עזה; בית לאהיא; שייח זאיד","רצועת עזה; בית לאהיא; שייח זאיד","Gaza","מטען","https://www.idf.il/נופלים/חללי-המלחמה/נתנאל-פסח/","987013168893405171","Gaza Strip; Beit Lahia; Sheikh Za’id","","Gaza Strip; Beit Lahia; Sheikh Za’id","","","","","Gaza Strip","#N/A","1","36","#N/A","#N/A","","","",""
"2670","Hillel","Diener","","","הלל","דינר","","","M","21","טלמון","ישראל","חייל","","killed","2024-12-23","2024-12-23","רצועת עזה; בית לאהיא; שייח זאיד","רצועת עזה; בית לאהיא; שייח זאיד","Gaza","מטען","https://www.idf.il/נופלים/חללי-המלחמה/הלל-דינר/","987013168893305171","Gaza Strip; Beit Lahia; Sheikh Za’id","","Gaza Strip; Beit Lahia; Sheikh Za’id","","","","","Gaza Strip","#N/A","1","36","#N/A","#N/A","","","",""
"2676","Elad","Winkelstein","Yaakov","","אלעד","וינקלשטיין","יעקב","","M","35","עין הנצי״ב","ישראל","אזרח","","killed","2025-01-06","2025-01-06","אל פונדוק","אל פונדוק","West Bank","פיגוע ירי","https://lezichram.police.gov.il/main/nofel/42208","987013184289405171","Al Funduq","","Al Funduq","","","","","Al Funduq","Other","1","9","#N/A","#N/A","","","",""
"2682","Kenew","Kasa","","","קנאו","קאסה","","","M","22","בית שמש","ישראל","חייל","","killed","2025-01-08","2025-01-08","רצועת עזה; בית חאנון","רצועת עזה; בית חאנון","Gaza","מטען","https://www.idf.il/נופלים/חללי-המלחמה/קנאו-קאסה/","987013184279305171","Gaza Strip; Beit Hanoun","","Gaza Strip; Beit Hanoun","","","","","Gaza Strip","#N/A","1","23","#N/A","#N/A","","","",""
"2683","Matityahu","Perel","Ya’akov","","מתתיהו","פרל","יעקב","","M","22","בית אל","ישראל","חייל","","killed","2025-01-08","2025-01-08","רצועת עזה; בית חאנון","רצועת עזה; בית חאנון","Gaza","מטען","https://www.idf.il/נופלים/חללי-המלחמה/מתתיהו-יעקב-פרל/","987013184279405171","Gaza Strip; Beit Hanoun","","Gaza Strip; Beit Hanoun","","","","","Gaza Strip","#N/A","1","23","#N/A","#N/A","","","",""
"2684","Nevo","Fisher","","","נבו","פישר","","","M","20","ברוכין","ישראל","חייל","","killed","2025-01-08","2025-01-08","רצועת עזה; בית חאנון","ירושלים; בי""ח שערי צדק","Gaza","מטען","https://www.idf.il/נופלים/חללי-המלחמה/נבו-פישר/","987013184279205171","Gaza Strip; Beit Hanoun","","Jerusalem; Sha’are Zedek Medical Center","","","","","Gaza Strip","#N/A","1","39","#N/A","#N/A","","","",""
"2699","Liam","Hazi","","","ליאם","חזי","","","M","20","ראש העין","ישראל","חייל","","killed","2025-01-30","2025-01-30","ג’נין; מחנה הפליטים","ג’נין; מחנה הפליטים","West Bank","ירי","https://www.idf.il/נופלים/חללי-המלחמה/ליאם-חזי/","987013406242705171","Jenin; Refugee camp","","Jenin; Refugee camp","","","","","Jenin","Other","1","19","#N/A","#N/A","","","",""
"2713","Neta","Kahane","Yitzhak","","נטע","כהנא","יצחק","","M","19","איתן","ישראל","שוטר","","killed","2025-04-25","2025-04-25","רצועת עזה; עזה; שג'אעיה","רצועת עזה; עזה; שג'אעיה","Gaza","ירי","https://lezichram.police.gov.il/main/nofel/42217","987013406246605171","Gaza Strip; Gaza; Shejaiya","","Gaza Strip; Gaza; Shejaiya","","","","","Gaza Strip","#N/A","1","26","#N/A","#N/A","","","",""
"2776","Eitan","Zacks","","","איתן","זקס","","","M","18","באר שבע","ישראל","אזרח","","killed","2025-06-24","2025-06-24","באר שבע","באר שבע","Iran","רקטה","https://www.idf.il/נופלים/חללי-המלחמה/איתן-זקס/","987013508531705171","Be’er Sheva","","Be’er Sheva","","","","","Be’er Sheva","Other","1","11","#N/A","#N/A","","","",""
"2830","Shahar","Bozaglo","Netanel","","שחר","בוזגלו","נתנאל","","M","27","מגדל העמק","ישראל","חייל","","killed","2025-09-22","2025-09-22","רצועת עזה; עזה; שיח' רדואן","באר שבע; בי""ח סורוקה","Gaza","נ.ט.","https://www.idf.il/נופלים/חללי-המלחמה/שחר-נתנאל-בוזגלו/","987013725857605171","Gaza Strip; Gaza; Sheikh Radwan","","Be’er Sheva; Soroka Medical Center","","","","","Gaza Strip","#N/A","1","34","#N/A","#N/A","","","",""
"2831","Chalachew","Demalash","Shimon","","צ'אלצ'או","דמלאש","שמעון","","M","21","באר שבע","ישראל","חייל","","killed","2025-09-24","2025-09-24","רצועת עזה; עזה; שיח' רדואן","רצועת עזה; עזה; שיח' רדואן","Gaza","צלף","https://www.idf.il/נופלים/חללי-המלחמה/צאלצאו-שמעון-דמלאש/","987013725857505171","Gaza Strip; Gaza; Sheikh Radwan","","Gaza Strip; Gaza; Sheikh Radwan","","","","","Gaza Strip","#N/A","1","31","#N/A","#N/A","","","",""
"2847","Shay","Michali","","","שי","מיכאלי","","","M","19","ראשון לציון","ישראל","חייל","","killed","2024-04-04","2024-04-04","רצועת עזה (מיקום לא פורסם)","","Gaza","","https://www.izkor.gov.il/שי-מיכאלי/en_ec04401e4819cb670700008b373d9f20","","Gaza strip (location unknown)","","","","","","","Gaza strip (location unknown)","Other","1","0","#N/A","#N/A","","","",""
"2873","Ofri","Yafe","","","עפרי","יפה","","","M","21","יישוב היוגב","ישראל","חייל","","killed","2026-02-18","2026-02-18","רצועת עזה; חאן יונס","רצועת עזה; חאן יונס","Gaza","ירי בשוגג","https://www.idf.il/נופלים/חללי-המלחמה/עפרי-יפה/","987014353902305171","Gaza Strip; Khan Yunis","","Gaza Strip; Khan Yunis","","","","","Gaza Strip","#N/A","1","22","#N/A","#N/A","","","",""
"2877","Aharon","Cohen","","","אהרון","כהן","","","M","71","קרית ארבע","ישראל","אזרח","","killed","","","צומת גוש עציון","","West Bank","פיגוע דקירה","https://laad.btl.gov.il/Web/He/TerrorVictims/Page/Default.aspx?ID=45652","","Gush Etzion jct","","","","","","","","#N/A","1","0","#N/A","#N/A","","","",""
"2878","Olga","Weissberg","","","אולגה","וייסברג","","","F","91","רחובות","ישראל","אזרח","","killed","","","רחובות","רחובות","Iran","רקטה","https://laad.btl.gov.il/Web/He/TerrorVictims/Page/Default.aspx?ID=45654","987014407681705171","Rehovot","","Rehovot","","","","","Rehovot","Other","1","7","#N/A","#N/A","","","",""
"2879","Aviv","Maor","","","אביב","מאור","","","F","18","עין חרוד איחוד","ישראל","אזרח","","killed","","","צומת תל יוסף","","Home","פיגוע דקירה","https://laad.btl.gov.il/Web/He/TerrorVictims/Page/Default.aspx?ID=45660","","Tel Yosef jct","","","","","","","Tel Yosef jct","#N/A","1","0","#N/A","#N/A","","","",""
"2880","Shimshon","Mordechai","","","שמשון","מרדכי","","","M","68","בית שאן","ישראל","אזרח","","killed","","","בית שאן","","Home","פיגוע דריסה","https://laad.btl.gov.il/Web/He/TerrorVictims/Page/Default.aspx?ID=45661","","Beit She'an","","","","","","","Beit She'an","#N/A","1","0","#N/A","#N/A","","","",""
"2883","Mary Ann","de Vera","","","מארי אן","דה ורה","","מישל","F","32","תל אביב","הפיליפינים","אזרח","","killed","","","תל אביב","תל אביב","Iran","רקטה","https://laad.btl.gov.il/Web/He/TerrorVictims/Page/Default.aspx?ID=45665","987014402892005171","Tel Aviv","","Tel Aviv","","","","","Tel Aviv","#N/A","1","8","#N/A","#N/A","","","",""
"2884","Sara","Elimelech","","","שרה","אלימלך","","","F","","בית שמש","ישראל","אזרח","","killed","","","בית שמש","בית שמש","Iran","רקטה","https://laad.btl.gov.il/Web/He/TerrorVictims/Page/Default.aspx?ID=45668","987014402891905171","Beit Shemesh","","Beit Shemesh","","","","","Beit Shemesh","#N/A","1","12","#N/A","#N/A","","","",""
"2885","Ronit","Elimelech","","","רונית","אלימלך","","","F","45","בית שמש","ישראל","אזרח","","killed","","","בית שמש","בית שמש","Iran","רקטה","https://laad.btl.gov.il/Web/He/TerrorVictims/Page/Default.aspx?ID=45667","987014402891805171","Beit Shemesh","","Beit Shemesh","","","","","","#N/A","1","12","#N/A","#N/A","","","",""
"2886","Oren","Katz","","","אורן","כץ","","","M","46","בית שמש","ישראל","אזרח","","killed","","","בית שמש","בית שמש","Iran","רקטה","https://laad.btl.gov.il/Web/He/TerrorVictims/Page/Default.aspx?ID=45669","987014402891705171","Beit Shemesh","","Beit Shemesh","","","","","Beit Shemesh","#N/A","1","12","#N/A","#N/A","","","",""
"2887","Gavriel","Ravach","Baruch","","גבריאל","רווח","ברוך","","M","16","בית שמש","ישראל","אזרח","","killed","","","בית שמש","בית שמש","Iran","רקטה","https://laad.btl.gov.il/Web/He/TerrorVictims/Page/Default.aspx?ID=45670","987014402891505171","Beit Shemesh","","Beit Shemesh","","","","","Beit Shemesh","#N/A","1","12","#N/A","#N/A","","","",""
"2888","Yosef","Cohen","","","יוסף","כהן","","יוסי","M","41","בית שמש","ישראל","אזרח","","killed","","","בית שמש","בית שמש","Iran","רקטה","https://laad.btl.gov.il/Web/He/TerrorVictims/Page/Default.aspx?ID=45675","987014406382305171","Beit Shemesh","","Beit Shemesh","","","","","Beit Shemesh","#N/A","1","12","#N/A","#N/A","","","",""
"2889","Bluria","Cohen","","","בלוריה","כהן","","","F","76","בית שמש","ישראל","אזרח","","killed","","","בית שמש","בית שמש","Iran","רקטה","https://laad.btl.gov.il/Web/He/TerrorVictims/Page/Default.aspx?ID=45674","987014406382405171","Beit Shemesh","","Beit Shemesh","","","","","Beit Shemesh","#N/A","1","12","#N/A","#N/A","","","",""
"2890","Avigail","Biton","","","אביגיל","ביטון","","","F","15","בית שמש","ישראל","אזרח","","killed","","","בית שמש","בית שמש","Iran","רקטה","https://laad.btl.gov.il/Web/He/TerrorVictims/Page/Default.aspx?ID=45672","987014406382505171","Beit Shemesh","","Beit Shemesh","","","","","Beit Shemesh","#N/A","1","12","#N/A","#N/A","","","",""
"2891","Yaakov","Biton","","","יעקב","ביטון","","","M","16","בית שמש","ישראל","אזרח","","killed","","","בית שמש","בית שמש","Iran","רקטה","https://laad.btl.gov.il/Web/He/TerrorVictims/Page/Default.aspx?ID=45671","987014406382705171","Beit Shemesh","","Beit Shemesh","","","","","","#N/A","1","12","#N/A","#N/A","","","",""
"2892","Sara","Biton","","","שרה","ביטון","","","F","13","בית שמש","ישראל","אזרח","","killed","","","בית שמש","בית שמש","Iran","רקטה","https://laad.btl.gov.il/Web/He/TerrorVictims/Page/Default.aspx?ID=45673","987014406382605171","Beit Shemesh","","Beit Shemesh","","","","","Beit Shemesh","#N/A","1","12","#N/A","#N/A","","","",""
"2893","Maher","Khatar","","","מאהר","ח'טאר","","","M","38","מג'דל שמס","ישראל","חייל","","killed","","","דרום לבנון; מוצב מגן צבעוני","","North","","https://www.idf.il/נופלים/חללי-המלחמה/מאהר-חטאר/","987014406382205171","South Lebanon; Magen Tzivoni outpost","","","","","","","South Lebanon","#N/A","1","0","#N/A","#N/A","","","",""
"2894","Or","Demry","","","אור","דמרי","","","M","20","לימן","ישראל","חייל","","killed","","","דרום לבנון; מוצב מגן צבעוני","","North","","https://www.idf.il/נופלים/חללי-המלחמה/אור-דמרי/","987014407678005171","South Lebanon; Magen Tzivoni outpost","","","","","","","South Lebanon","#N/A","1","0","#N/A","#N/A","","","",""
"2897","Rostam","Golumov","","","רוסטם","גולומוב","","","M","61","פתח תקווה","ישראל","אזרח","","killed","","","יהוד","יהוד","Iran","רקטה","https://laad.btl.gov.il/Web/He/TerrorVictims/Page/Default.aspx?ID=45678","987014407674805171","Yehud","","Yehud","","","","","","","","","","","","","",""
"2898","Amid","Mortozov","","","אמיד","מורטוזוב","","","M","40","פתח תקווה","ישראל","אזרח","","killed","","","יהוד","רמת גן; בי""ח תל השומר","Iran","רקטה","https://laad.btl.gov.il/Web/He/TerrorVictims/Page/Default.aspx?ID=45679","987014407673505171","Yehud","","Ramat Gan; Tel Hashomer hospital","","","","","","","","","","","","","",""
"2899","Yaron","Moshe","","","ירון","משה","","","M","70","רמת גן","ישראל","אזרח","","killed","","","רמת גן","רמת גן","Iran","רקטה","https://laad.btl.gov.il/Web/He/TerrorVictims/Page/Default.aspx?ID=45680","987014407656605171","Ramat Gan","","Ramat Gan","","","","","","","","","","","","","",""
"2900","Ilana","Moshe","","","אילנה","משה","","","F","70","רמת גן","ישראל","אזרח","","killed","","","רמת גן","רמת גן","Iran","רקטה","https://laad.btl.gov.il/Web/He/TerrorVictims/Page/Default.aspx?ID=45681","987014407656705171","Ramat Gan","","Ramat Gan","","","","","","","","","","","","","",""
"2901","Chaiwat","Waewnil","","","צ'אוואט","ואלניל","","וואט","M","34","עדנים","תאילנד","אזרח","","killed","","","עדנים","עדנים","Iran","רקטה","https://laad.btl.gov.il/Web/He/TerrorVictims/Page/Default.aspx?ID=45682","987014416378705171","Adanim","","Adanim","","","","","","","","","","","","","",""
"2902","Ofer","Moskovitz","","Pushko","עופר","מוסקוביץ","","פושקו","M","60","משגב עם","ישראל","אזרח","","killed","","","משגב עם","משגב עם","North","ירי צה""ל; ארטילריה","https://laad.btl.gov.il/Web/He/TerrorVictims/Page/Default.aspx?ID=45683","987014416374405171","Misgav Am","","Misgav Am","","","","","","","","","","","","","",""
"2904","Nuriel","Dubin","","","נוריאל","דובין","","","F","27","מרגליות","ישראל","אזרח","","killed","","","סמוך לאיילת השחר","סמוך לאיילת השחר","North","רקטה","https://laad.btl.gov.il/Web/He/TerrorVictims/Page/Default.aspx?ID=45684","987014437095405171","Near Ayelet HaShahar","","Near Ayelet HaShahar","","","","","","","","","","","","","",""
"2905","Ori","Greenberg","","","אורי","גרינברג","","","M","21","פתח תקווה","ישראל","חייל","","killed","","","דרום לבנון; א-טייבה","","North","ירי","https://www.idf.il/נופלים/חללי-המלחמה/אורי-גרינברג/","987014437092705171","South Lebanon; Taybeh","","","","","","","","","","","","","","","",""
"2906","Aviaad","Volansky","Elchanan","","אביעד","וולנסקי","אלחנן","","M","21","ירושלים","ישראל","חייל","","killed","","","דרום לבנון; דיר סיריאן","","North","נ.ט.","https://www.idf.il/נופלים/חללי-המלחמה/אביעד-אלחנן-וולנסקי/","987014437793105171","South Lebanon; Deir Siryan","","","","","","","","","","","","","","","",""
"2907","Uri","Peretz","","","אורי","פרץ","","","M","43","נהריה","ישראל","אזרח","","killed","","","נהריה","נהריה","North","רקטה","https://laad.btl.gov.il/Web/He/TerrorVictims/Page/Default.aspx?ID=45686","987014437792205171","Nahariyya","","Nahariyya","","","","","","","","","","","","","",""
"2908","Yehuda","Sherman","","","יהודה","שרמן","","","M","18","אלון מורה","ישראל","אזרח","","killed","","","סמוך לחומש","כפר סבא; בי""ח מאיר","West Bank","פיגוע דריסה","https://laad.btl.gov.il/Web/He/TerrorVictims/Page/Default.aspx?ID=45687","","Near Homesh","","Kefar Sava; Meir Medical Center","","","","","","","","","","","","","",""
"2909","Vyacheslav","Vidamant","","Slava","ויאצסלב","וידאמנט","","סלבה","M","52","אשדוד","ישראל","אזרח","","killed","","","תל אביב","תל אביב","Iran","רקטה","https://laad.btl.gov.il/Web/He/TerrorVictims/Page/Default.aspx?ID=45688","987014437792105171","Tel Aviv","","Tel Aviv","","","","","","","","","","","","","",""
"2910","Moshe","Hacohen Katz","Yitzchak","","משה","הכהן כץ","יצחק","","M","22","ניו הייבן","ישראל","חייל","","killed","","","דרום לבנון; מערבית לדיר מימאס","דרום לבנון","North","רקטה","https://www.idf.il/נופלים/חללי-המלחמה/משה-יצחק-הכהן-כץ/","987014437792305171","South Lebanon; West of Deir Mimas","","South Lebanon","","","","","","","","","","","","","",""
"2912","Liran","Ben Zion","","","לירן","בן ציון","","","M","19","חולון","ישראל","חייל","","killed","","","דרום לבנון; ליד בית ליף","דרום לבנון; ליד בית ליף","North","נ.ט.","https://www.idf.il/נופלים/חללי-המלחמה/לירן-בן-ציון/","987014437789805171","South Lebanon; Near Beit Lif","","South Lebanon; Near Beit Lif","","","","","","","","","","","","","",""
"2913","Maxim","Entis","","","מקסים","אנטיס","","","M","21","בת ים","ישראל","חייל","","killed","","","דרום לבנון; ליד בית ליף","דרום לבנון","North","ירי","https://www.idf.il/נופלים/חללי-המלחמה/מקסים-אנטיס/","987014437787705171","South Lebanon; Near Beit Lif","","South Lebanon","","","","","","","","","","","","","",""
"2914","Noam","Madmoni","","","נועם","מדמוני","","","M","22","שדרות","ישראל","חייל","","killed","","","דרום לבנון; ליד בית ליף","דרום לבנון","North","ירי","https://www.idf.il/נופלים/חללי-המלחמה/נועם-מדמוני/","987014437787805171","South Lebanon; Near Beit Lif","","South Lebanon","","","","","","","","","","","","","",""
"2915","Ben","Cohen","","","בן","כהן","","","M","21","להבים","ישראל","חייל","","killed","","","דרום לבנון; ליד בית ליף","דרום לבנון","North","ירי","https://www.idf.il/נופלים/חללי-המלחמה/בן-כהן/","987014437787905171","South Lebanon; Near Beit Lif","","South Lebanon","","","","","","","","","","","","","",""
"2916","Gilad","Harel","","","גלעד","הראל","","","M","21","מודיעין-מכבים-רעות","ישראל","חייל","","killed","","","דרום לבנון; ליד בית ליף","","North","ירי","https://www.idf.il/נופלים/חללי-המלחמה/גלעד-הראל/","987014437787205171","South Lebanon; Near Beit Lif","","","","","","","","","","","","","","","",""
"2917","Guy","Ludar","","","גיא","לודר","","","M","21","יובלים","ישראל","חייל","","killed","","","דרום לבנון; שבעא","","North","ירי בשוגג","https://www.idf.il/נופלים/חללי-המלחמה/גיא-לודר/","987014437785105171","South Lebanon; Shebaa","","","","","","","","","","","","","","","",""
"2918","Vladimir","Gershovitz","","Vova","ולדימיר","גרשוביץ'","","וובה","M","73","חיפה","ישראל","אזרח","","killed","","","חיפה","חיפה","Iran","רקטה","https://laad.btl.gov.il/Web/He/TerrorVictims/Page/Default.aspx?ID=45689","987014437783705171","Haifa","exact","Haifa","","","","","","","","","","","","","",""
"2919","Yelena","Gershovitz Ostrovsky","","Lena","ילנה","גרשוביץ' אוסטרובסקי","","לנה","F","68","חיפה","ישראל","אזרח","","killed","","","חיפה","חיפה","Iran","רקטה","https://laad.btl.gov.il/Web/He/TerrorVictims/Page/Default.aspx?ID=45690","987014437784405171","Haifa","exact","Haifa","","","","","","","","","","","","","",""
"2920","Dimitri","Gershovitz","","Dima","דימיטרי","גרשוביץ'","","דימה","M","42","חיפה","ישראל","אזרח","","killed","","","חיפה","חיפה","Iran","רקטה","https://laad.btl.gov.il/Web/He/TerrorVictims/Page/Default.aspx?ID=45691","987014437783605171","Haifa","exact","Haifa","","","","","","","","","","","","","",""
"2921","Lucille","Gershovitz","Jane","","לוסיל","גרשוביץ'","ג'יין","","F","29","חיפה","ישראל","אזרח","","killed","","","חיפה","חיפה","Iran","רקטה","https://laad.btl.gov.il/Web/He/TerrorVictims/Page/Default.aspx?ID=45692","987014437783505171","Haifa","exact","Haifa","","","","","","","","","","","","","",""
"2923","Touvel","Lifshiz","Yosef","","טובאל","ליפשיץ","יוסף","","M","20","בית שאן","ישראל","חייל","","killed","","","דרום לבנון; א-טייבה","","North","ירי","https://www.idf.il/נופלים/חללי-המלחמה/טובאל-יוסף-ליפשיץ/","987014437783405171","South Lebanon; Taybeh","","","","","","","","","","","","","","","",""
"2927","Ayal","Bianco","Uriel","","אייל","ביאנקו","אוריאל","","M","30","קצרין","ישראל","חייל","","killed","","","דרום לבנון","","North","תאונה","https://www.idf.il/נופלים/חללי-המלחמה/אייל-אוריאל-ביאנקו/","987014459832905171","South Lebanon","","","","","","","","","","","","","","","",""
"2930","Barak","Kalfon","","","ברק","כלפון","","","M","48","עדי","ישראל","חייל","","killed","","","דרום לבנון; אל-ג'יביין","חיפה; בי""ח רמבם","North","מטען","https://www.idf.il/נופלים/חללי-המלחמה/ברק-כלפון/","987013431452705171","South Lebanon; Al-Jibbain","","Haifa; Rambam hospital","","","","","","","","","","","","","",""
"2931","Lidor","Porat","","","לידור","פורת","","","M","31","אשדוד","ישראל","חייל","","killed","","","דרום לבנון; כפר כילא","דרום לבנון","North","מטען","https://www.idf.il/נופלים/חללי-המלחמה/לידור-פורת/","987014459197305171","South Lebanon; Kfar Kila","","South Lebanon","","","","","","","","","","","","","",""
"2932","Nesya","Karadi","","","נסיה","כראדי","","","F","11","בני ברק","ישראל","אזרח","","killed","","","בני ברק","רמת גן; בי""ח תל השומר","Iran","רקטה","https://laad.btl.gov.il/Web/He/TerrorVictims/Page/Default.aspx?ID=45695","987014459824005171","Bnei Brak","","Ramat Gan; Tel Hashomer hospital","","","","","","","","","","","","","",""
"2933","Idan","Fooks","","","עידן","פוקס","","","M","19","פתח תקווה","ישראל","חייל","","killed","","","דרום לבנון; א-טייבה","דרום לבנון","North","רחפן נפץ","https://www.idf.il/נופלים/חללי-המלחמה/עידן-פוקס/","987014459196405171","South Lebanon; Taybeh","","South Lebanon","","","","","","","","","","","","","",""
"2934","Liem","Ben Hamo","","","ליאם","בן חמו","","","M","19","הרצליה","ישראל","חייל","","killed","","","דרום לבנון; קנטרה","דרום לבנון; קנטרה","North","רחפן נפץ","https://www.idf.il/נופלים/חללי-המלחמה/ליאם-בן-חמו/","987014459819205171","South Lebanon; Al Qantara","","South Lebanon; Al Qantara","","","","","","","","","","","","","",""
"2935","Amer","Hujirat","","","עאמר","חוג'יראת","","","M","44","שפרעם","ישראל","אזרח","","killed","","","דרום לבנון; עייתרון","דרום לבנון; עייתרון","North","רחפן נפץ","https://laad.btl.gov.il/Web/He/TerrorVictims/Page/Default.aspx?ID=45696","987014459820705171","South Lebanon; Aitaroun","","South Lebanon; Aitaroun","","","","","","","","","","","","","",""
"2936","Alexander","Glovanyov","","","אלכסנדר","גלובניוב","","","M","47","פתח תקווה","ישראל","חייל","","killed","","","סמוך למוצב מרגליות","סמוך למוצב מרגליות","North","רחפן נפץ","https://www.idf.il/נופלים/חללי-המלחמה/אלכסנדר-גלובניוב/","987014610879705171","Near Margaliot Base","","Near Margaliot Base","","","","","","","","","","","","","",""
"2937","Negev","Dagan","","","נגב","דגן","","","M","20","דקל","ישראל","חייל","","killed","","","דרום לבנון; דיר סיריאן","דרום לבנון; דיר סיריאן","North","פצמ""ר","https://www.idf.il/נופלים/חללי-המלחמה/נגב-דגן/","987014614077205171","South Lebanon; Deir Siryan","","South Lebanon; Deir Siryan","","","","","","","","","","","","","",""
"2938","Maoz","Recanati","Israel","","מעוז","רקנטי","ישראל","","M","24","איתמר","ישראל","חייל","","killed","","","דרום לבנון; דיר סיריאן","דרום לבנון; דיר סיריאן","North","רחפן נפץ","https://www.idf.il/נופלים/חללי-המלחמה/מעוז-ישראל-רקנטי/","987014614077105171","South Lebanon; Deir Siryan","","South Lebanon; Deir Siryan","","","","","","","","","","","","","",""
"2939","Itamar","Sapir","","","איתמר","ספיר","","","M","27","עלי","ישראל","חייל","","killed","","","דרום לבנון; קוזח","דרום לבנון; קוזח","North","ירי","https://www.idf.il/נופלים/חללי-המלחמה/איתמר-ספיר/","987014630484305171","South Lebanon; Al-Qaouzah","","South Lebanon; Al-Qaouzah","","","","","","","","","","","","","",""
"2940","Noam","Hamburger","","","נועם","המבורגר","","","M","23","עתלית","ישראל","חייל","","killed","","","מחנה בירנית","מחנה בירנית","North","רחפן נפץ","https://www.idf.il/נופלים/חללי-המלחמה/נועם-המבורגר/","987014630484205171","Biranit base","","Biranit base","","","","","","","","","","","","","",""
"2941","Nehoray","Leizer","","","נהוראי","לייזר","","","M","19","אילת","ישראל","חייל","","killed","","","דרום לבנון; דבל","","North","רחפן נפץ","https://www.idf.il/נופלים/חללי-המלחמה/נהוראי-לייזר/","987014630483805171","South Lebanon; Debel","","","","","","","","","","","","","","","",""
"2942","Rotem","Yanai","","","רותם","ינאי","","","F","20","גבעת עדה","ישראל","חייל","","killed","","","מוצב שומרה","מוצב שומרה","North","רחפן נפץ","https://www.idf.il/נופלים/חללי-המלחמה/רותם-ינאי/","987014635384305171","Shomera Base","","Shomera Base","","","","","","","","","","","","","",""
"2943","Michael","Tyukin","","","מיכאל","טיוקין","","","M","21","אשקלון","ישראל","חייל","","killed","","","דרום לבנון; זוטר א-שרקיה","","North","רחפן נפץ","https://www.idf.il/נופלים/חללי-המלחמה/מיכאל-טיוקין/","987014635382205171","South Lebanon; Zawtar al-Sharqiyah","","","","","","","","","","","","","","","",""
"2944","Adam","Tzarfati","","","אדם","צרפתי","","","M","20","ראש העין","ישראל","חייל","","killed","","","דרום לבנון; יוחמור","","North","רחפן נפץ","https://www.idf.il/נופלים/חללי-המלחמה/אדם-צרפתי/","987014635379405171","South Lebanon; Yohmor","","","","","","","","","","","","","","","",""
"2945","Ori","Silvester","Yosef","","אורי","סילבסטר","יוסף","","M","30","תל אביב","ישראל","חייל","","killed","","","דרום לבנון; זוטר א-שרקיה","","North","רחפן נפץ","https://www.idf.il/נופלים/חללי-המלחמה/אורי-יוסף-סילבסטר/","987014635375105171","South Lebanon; Zawtar al-Sharqiyah","","","","","","","","","","","","","","","",""
"2946","Eitan","Lemberg","Shmuel","","איתן","למברג","שמואל","","M","21","משמר השבעה","ישראל","חייל","","killed","","","דרום לבנון; צפונית לליטאני; סמוך לבופור","","North","נ.ט.","https://www.idf.il/נופלים/חללי-המלחמה/איתן-שמואל-למברג/","987014651566205171","South Lebanon; North of Litani river; Near the Beaufort Castle","","","","","","","","","","","","","","","",""
"2947","Ohad","Yaari","","","אהד","יערי","","","M","21","רחובות","ישראל","חייל","","killed","","","דרום לבנון","","North","ירי בשוגג","https://www.idf.il/נופלים/חללי-המלחמה/אהד-יערי/","987014651566105171","South Lebanon","","","","","","","","","","","","","","","",""
"2948","Shahar","Gamla","","","שחר","גמלא","","","M","23","נטור","ישראל","חייל","","killed","","","דרום לבנון; צפונית לליטאני; סמוך לבופור","חיפה; בי""ח רמבם","North","רחפן נפץ","https://www.idf.il/נופלים/חללי-המלחמה/שחר-גמלא/","987014651566005171","South Lebanon; North of Litani river; Near the Beaufort Castle","","Haifa; Rambam hospital","","","","","","","","","","","","","",""
"2949","Haim","Kalomiti","","","חיים","קלומיטי","","","M","55","צור נתן","ישראל","כיתת כוננות","","killed","","","מערבית לסלעית","מערבית לסלעית","Home","פיגוע ירי","https://www.idf.il/נופלים/חללי-המלחמה/חיים-קלומיטי/","987014651565905171","West of Sal'it","","West of Sal'it","","","","","","","","","","","","","",""
"2950","Alexander","Filin","","","אלכסנדר","פילין","","","M","29","חיפה","ישראל","חייל","","killed","","","דרום לבנון; א-טייבה","דרום לבנון; א-טייבה","North","מטען","https://www.idf.il/נופלים/חללי-המלחמה/אלכסנדר-פילין/","987014671146305171","South Lebanon; Taybeh","","South Lebanon; Taybeh","","","","","","","","","","","","","",""
"2951","Dor","Ben Simhon","Gedalia","","דור","בן שמחון","גדליה","","M","32","בית השיטה","ישראל","חייל","","killed","","","דרום לבנון; רכס עלי טאהר","דרום לבנון; רכס עלי טאהר","North","רחפן נפץ","https://www.idf.il/נופלים/חללי-המלחמה/דור-גדליה-בן-שמחון/","987014671145805171","South Lebanon; Ali Taher Ridge","","South Lebanon; Ali Taher Ridge","","","","","","","","","","","","","",""
"2952","Yoav","Klein","","","יואב","קליין","","","M","21","הרצליה","ישראל","חייל","","killed","","","דרום לבנון; רכס עלי טאהר","דרום לבנון; רכס עלי טאהר","North","רחפן נפץ","https://www.idf.il/נופלים/חללי-המלחמה/יואב-קליין/","987014671145605171","South Lebanon; Ali Taher Ridge","","South Lebanon; Ali Taher Ridge","","","","","","","","","","","","","",""
"2953","Nir","Ben Ari","","","ניר","בן ארי","","","M","21","כרם מהר""ל","ישראל","חייל","","killed","","","דרום לבנון; כפר תיבנית","דרום לבנון; כפר תיבנית","North","","https://www.idf.il/נופלים/חללי-המלחמה/ניר-בן-ארי/","987014671145405171","South Lebanon; Kfar Tebnit","","South Lebanon; Kfar Tebnit","","","","","","","","","","","","","",""
"2954","Liav","Kababia","","","ליאב","כבביה","","","M","20","הוד השרון","ישראל","חייל","","killed","","","דרום לבנון; רכס עלי טאהר","דרום לבנון; רכס עלי טאהר","North","רחפן נפץ","https://www.idf.il/נופלים/חללי-המלחמה/ליאב-כבביה/","987014671145205171","South Lebanon; Ali Taher Ridge","","South Lebanon; Ali Taher Ridge","","","","","","","","","","","","","",""
"2955","Nave","Habshoosh","","","נוה","חבשוש","","","M","20","גבע בנימין","ישראל","חייל","","killed","","","דרום לבנון; רכס עלי טאהר","דרום לבנון; רכס עלי טאהר","North","רחפן נפץ","https://www.idf.il/נופלים/חללי-המלחמה/נוה-חבשוש/","987014671145105171","South Lebanon; Ali Taher Ridge","","South Lebanon; Ali Taher Ridge","","","","","","","","","","","","","",""
"2956","Raad","Abu al-Qi'an","","","ראאד","אבו אלקיעאן","","","M","49","חורה","ישראל","אזרח","","killed","","","רצועת עזה; בית לאהיא","רצועת עזה; בית לאהיא","Gaza","תאונה","https://laad.btl.gov.il/Web/He/TerrorVictims/Page/Default.aspx?ID=45700","987014671126605171","Gaza Strip; Beit Lahia","","Gaza Strip; Beit Lahia","","","","","","","","","","","","","",""
"2957","Basil","Sweid","","","באסל","סויד","","","M","32","פקיעין","ישראל","חייל","","killed","","","דרום לבנון; רב א-ת'לאת'ין","דרום לבנון; רב א-ת'לאת'ין","North","תאונה","https://www.idf.il/נופלים/חללי-המלחמה/באסל-סויד/","987014671126805171","South Lebanon; Rab El Thalathine","","South Lebanon; Rab El Thalathine","","","","","","","","","","","","","",""
"2959","Michael","Katz","","","מיכאל","כץ","","","M","82","חיפה","ישראל","אזרח","","killed","","","חיפה","חיפה; בי""ח רמבם","Iran","רקטה","","987014803991105171","Haifa","","Haifa; Rambam hospital","","","","","","","","","","","","","",""
"2960","David","Hazutt","","","דוד","חזות","","","M","21","אשקלון","ישראל","חייל","","killed","","","דרום לבנון; דיר סיריאן","דרום לבנון; דיר סיריאן","North","ירי","https://www.idf.il/נופלים/חללי-המלחמה/דוד-חזות/","987014671123605171","South Lebanon; Deir Siryan","","South Lebanon; Deir Siryan","","","","","","","","","","","","","",""
"2961","Yuval","Ezra","","","יובל","עזרא","","","M","27","הרצליה","ישראל","חייל","","killed","","","דרומית לתל","תל אביב; בי""ח איכילוב","West Bank","ירי","https://www.idf.il/נופלים/חללי-המלחמה/יובל-עזרא/","987014808471105171","South of Tell","exact","Tel Aviv; Ichilov Medical Center","","","","","","","","","","","","","",""
"2962","Benayahu","Mellet","","","בניהו","מלט","","","M","32","יצהר","ישראל","כיתת כוננות","","killed","","","דרומית לתל","דרומית לתל","West Bank","ירי \ ירי בשוגג","https://www.idf.il/נופלים/חללי-המלחמה/בניהו-מלט/","987014808471005171","South of Tell","exact","South of Tell","exact","","","","","","","","","","","","",""
"2963","Tamir","Vaknin","","","תמיר","וקנין","","","M","33","אילת","ישראל","חייל","","killed","","","דרום לבנון; מג'דל זון","דרום לבנון; מג'דל זון","North","מטען","https://www.idf.il/נופלים/חללי-המלחמה/תמיר-וקנין/","","South Lebanon; Majdal Zoun","","South Lebanon; Majdal Zoun","","","","","","","","","","","","","",""
"2964","Harel","Birenstock","","","הראל","בירנשטוק","","","M","34","נוקדים","ישראל","חייל","","killed","","","דרום לבנון; מג'דל זון","דרום לבנון; מג'דל זון","North","מטען","https://www.idf.il/נופלים/חללי-המלחמה/הראל-בירנשטוק/","","South Lebanon; Majdal Zoun","","South Lebanon; Majdal Zoun","","","","","","","","","","","","","",""