"pid","first name","last name","middle name","nickname","שם פרטי","שם משפחה","שם נוסף","כינוי","Gender","Age","Residence","Country","Role","Party","Status","Event date","Death date","מקום האירוע","מקום המוות","front","סיבת המוות","הנצחה","הספריה הלאומית","Event location","Event location class","Death location","Death location class","event_coordinates","Lon","Lat","Main Death Loc","","Location Name"
"11","Dipesh","Bista","Raj","","דיפש","ביסט","ראג׳","","M","32","עלומים","נפאל","אזרח","","killed","2023-10-07","2023-10-07","עלומים; מיגונית סטודנטים","עלומים; מיגונית סטודנטים","Gaza","","https://laad.btl.gov.il/Web/He/TerrorVictims/Page/Default.aspx?ID=43309","987012802875705171","Alumim; Students' shelter","Exact location","Alumim; Students' shelter","Exact location","31.450865, 34.511655","31.450865"," 34.511655","Alumim","","Ashkelon"
"12","Ganesh","Nepali","Kumar","","גאנש","נפאלי","קומאר","","M","31","עלומים","נפאל","אזרח","","killed","2023-10-07","2023-10-07","עלומים; מיגונית סטודנטים","עלומים; מיגונית סטודנטים","Gaza","","https://laad.btl.gov.il/Web/He/TerrorVictims/Page/Default.aspx?ID=43307","987012802868405171","Alumim; Students' shelter","Exact location","Alumim; Students' shelter","Exact location","31.450865, 34.511655","31.450865"," 34.511655","Alumim","","Sderot"
"13","Padam","Thapa","","","פדאם","ת׳אפה","","","M","26","עלומים","נפאל","אזרח","","killed","2023-10-07","2023-10-07","עלומים; מטבחון עובדים","עלומים; מטבחון עובדים","Gaza","","https://laad.btl.gov.il/Web/He/TerrorVictims/Page/Default.aspx?ID=43313","987012802875005171","Alumim; Workers' kitchen","Exact location","Alumim; Workers' kitchen","Exact location","31.450557, 34.511546","31.450557"," 34.511546","Alumim","","Netivot"
"14","Ashish","Chaudhary","","","אשיש","צ׳אודהארי","","","M","33","עלומים","נפאל","אזרח","","killed","2023-10-07","2023-10-07","עלומים; מטבחון עובדים","עלומים; מטבחון עובדים","Gaza","","https://laad.btl.gov.il/Web/He/TerrorVictims/Page/Default.aspx?ID=43308","987012802872805171","Alumim; Workers' kitchen","Exact location","Alumim; Workers' kitchen","Exact location","31.450557, 34.511546","31.450557"," 34.511546","Alumim","","Ofakim"
"15","Rajan","Phulara","","","רגאן","פולארה","","","M","27","עלומים","נפאל","אזרח","","killed","2023-10-07","2023-10-07","עלומים; מטבחון עובדים","עלומים; מטבחון עובדים","Gaza","","https://laad.btl.gov.il/Web/He/TerrorVictims/Page/Default.aspx?ID=43312","987012802865205171","Alumim; Workers' kitchen","Exact location","Alumim; Workers' kitchen","Exact location","31.450557, 34.511546","31.450557"," 34.511546","Alumim","","Be'er Sheva"
"16","Lekendora","Dahami","Sing","","לוקנדרה","דוהאמי","סינג","","M","25","עלומים","נפאל","אזרח","","killed","2023-10-07","2023-10-07","עלומים; מיגונית סטודנטים","עלומים; מגורי סטודנטים","Gaza","","https://laad.btl.gov.il/Web/He/TerrorVictims/Page/Default.aspx?ID=43315","987012802869205171","Alumim; Students' shelter","Exact location","Alumim; Students' quarters","Exact location","31.450865, 34.511655","31.450865"," 34.511655","Alumim","","Kiryat Gat"
"17","Narayan","Neupane","Prasad","","נריאן","ניאופיין","פרסאד","","M","26","עלומים","נפאל","אזרח","","killed","2023-10-07","2023-10-07","עלומים; מגורי סטודנטים","עלומים; מגורי סטודנטים","Gaza","","https://laad.btl.gov.il/Web/He/TerrorVictims/Page/Default.aspx?ID=43306","987012802868105171","Alumim; Students' quarters","Exact location","Alumim; Students' quarters","Exact location","31.450827, 34.51167","31.450827"," 34.51167","Alumim","","Netiv HaAsara"
"20","Ananda","Shah","","","אנאנד","סאה","","","M","25","עלומים","נפאל","אזרח","","killed","2023-10-07","2023-10-07","עלומים; מיגונית סטודנטים","עלומים; מיגונית סטודנטים","Gaza","","https://laad.btl.gov.il/Web/He/TerrorVictims/Page/Default.aspx?ID=43310","987012802863305171","Alumim; Students' shelter","Exact location","Alumim; Students' shelter","Exact location","31.450865, 34.511655","31.450865"," 34.511655","Alumim","","Erez"
"21","Rajesh","Swarnakar","Kumar","","רג׳ש","סווארנקר","קומאר","","M","29","עלומים","נפאל","אזרח","","killed","2023-10-07","2023-10-07","עלומים; מטבחון עובדים","עלומים; מטבחון עובדים","Gaza","","https://laad.btl.gov.il/Web/He/TerrorVictims/Page/Default.aspx?ID=43311","987012802875805171","Alumim; Workers' kitchen","Exact location","Alumim; Workers' kitchen","Exact location","31.450557, 34.511546","31.450557"," 34.511546","Alumim","","Nir Am"
"22","Prabesh","Bhandari","","","פראבש","בהנדרי","","","M","23","עלומים","נפאל","אזרח","","killed","2023-10-07","2023-10-07","עלומים; מטבחון עובדים","עלומים; מטבחון עובדים","Gaza","","https://laad.btl.gov.il/Web/He/TerrorVictims/Page/Default.aspx?ID=43314","987012802876005171","Alumim; Workers' kitchen","Exact location","Alumim; Workers' kitchen","Exact location","31.450557, 34.511546","31.450557"," 34.511546","Alumim","","Mefalsim"
"23","Ran","Gvili","","Rani","רן","גואילי","","רני","M","24","מיתר","ישראל","שוטר","","killed; kidnapped","2023-10-07","2023-10-07","עלומים","עלומים","Gaza","","https://lezichram.police.gov.il/main/nofel/42188","987012803671305171","Alumim","","Alumim","","31.447081721481776, 34.51244783346703","31.447081721481776"," 34.51244783346703","Alumim","","Kfar Aza"
"27","Noam","Slotki","","","נועם","סלוטקי","","","M","31","ירושלים","ישראל","חייל","","killed","2023-10-07","2023-10-07","עלומים","עלומים","Gaza","","https://www.idf.il/נופלים/חללי-המלחמה/נועם-סלוטקי/","987012803631005171","Alumim","","Alumim","","31.450255958845197, 34.51617500083195","31.450255958845197"," 34.51617500083195","Alumim","","Alumim"
"28","Yishai","Slotki","","","ישי","סלוטקי","","","M","24","באר שבע","ישראל","חייל","","killed","2023-10-07","2023-10-07","עלומים","עלומים","Gaza","","https://www.idf.il/נופלים/חללי-המלחמה/ישי-סלוטקי/","987012803631405171","Alumim","","Alumim","","31.450255958845197, 34.51617500083195","31.450255958845197"," 34.51617500083195","Alumim","","Be'eri"
"29","Ofir","Tzarfati","","","אופיר","צרפתי","","","M","27","קרית אתא","ישראל","אזרח","Nova","kidnapped; killed; retrieved","2023-10-07","","בכניסה לעלומים","עזה; ביה""ח שיפא","Gaza","","https://laad.btl.gov.il/Web/He/TerrorVictims/Page/Default.aspx?ID=44093","987012802858605171","Near Alumim","Exact location","Gaza; Shifa Hospital","","31.449941406523507, 34.51611966145062","31.449941406523507"," 34.51611966145062","Near Alumim","","Re'im"
"382","Adi","Tzur","","","עדי","צור","","","M","20","ירושלים","ישראל","חייל","","killed","2023-10-07","2023-10-07","אנטנה מדרום לכיסופים","אנטנה מדרום לכיסופים","Gaza","","https://www.idf.il/נופלים/חללי-המלחמה/עדי-צור/","987012770610505171","Antenna south of Kisufim","Exact location","Antenna south of Kisufim","Exact location","31.36919413768079, 34.39592731813984","","","Antenna south of Kisufim","",""
"686","Ofek","Atun","","","אופק","אטון","","","M","24","חולון","ישראל","אזרח","Nova","killed","2023-10-07","2023-10-07","ירי בשוגג בעלומים","ירי בשוגג בעלומים","Gaza","ירי בשוגג","https://laad.btl.gov.il/Web/He/TerrorVictims/Page/Default.aspx?ID=43696","987012803667305171","Friendly fire in Alumim","Exact location","Friendly fire in Alumim","Exact location","31.45344192499641, 34.51712352721483","","","Friendly fire in Alumim","",""
"770","Gaya","Halifa","","","גאיה","חליפה","","","F","23","קרית אונו","ישראל","אזרח","Nova","killed","2023-10-07","2023-10-07","בכניסה לעלומים","בכניסה לעלומים","Gaza","","https://laad.btl.gov.il/Web/He/TerrorVictims/Page/Default.aspx?ID=43835","987012803645005171","Near Alumim","Exact location","Near Alumim","Exact location","31.449941406523507, 34.51611966145062","","","Near Alumim","",""
"862","Ben","Shimoni","Benjamin","","בן","שמעוני","בנימין","","M","31","אשקלון","ישראל","אזרח","Nova","killed","2023-10-07","2023-10-07","בכניסה לעלומים","בכניסה לעלומים","Gaza","","https://laad.btl.gov.il/Web/He/TerrorVictims/Page/Default.aspx?ID=43996","987012802830905171","Near Alumim","Exact location","Near Alumim","Exact location","31.449941406523507, 34.51611966145062","","","Near Alumim","",""
"957","Karin","Vernikov","","","קרין","ורניקוב","","","F","22","ראשון לציון","ישראל","אזרח","Nova","killed","2023-10-07","2023-10-07","בכניסה לעלומים","בכניסה לעלומים","Gaza","","https://laad.btl.gov.il/Web/He/TerrorVictims/Page/Default.aspx?ID=43816","987012803642605171","Near Alumim","Exact location","Near Alumim","Exact location","31.450865, 34.516406","","","Near Alumim","",""
"1079","Ido","Rosental","","Crido","עידו","רוזנטל","","קרידו","M","45","בן שמן","ישראל","חייל","","killed","2023-10-07","2023-10-07","עלומים","עלומים","Gaza","","https://www.idf.il/נופלים/חללי-המלחמה/עידו-רוזנטל/","987012803633005171","Alumim","Exact location","Alumim","Exact location","31.44732511609111, 34.5121990973598","","","Alumim","",""
"1302","Arie","Hefetz","","Arik","אריה","חפץ","","אריק","M","28","רמלה","ישראל","אזרח","Nova","killed","2023-10-07","2023-10-07","בכניסה לעלומים","מגן עלומים","Gaza","","https://laad.btl.gov.il/Web/He/TerrorVictims/Page/Default.aspx?ID=43838","987012803641605171","Near Alumim","Exact location","Magen Alumim","Approximate location","31.451043, 34.516374","","","Near Alumim","",""
"1397","Nanthawat","Pinjai","","","נאטוואט","פינג׳אי","","","M","24","עלומים","תאילנד","אזרח","","killed","2023-10-07","2023-10-07","עלומים; מגורי עובדים","עלומים; מכון חליבה","Gaza","","https://laad.btl.gov.il/Web/He/TerrorVictims/Page/Default.aspx?ID=44029","987012802866105171","Alumim; Workers' quarters","Exact location","Alumim; Milking parlor","Exact location","31.4507246937438, 34.511533004173465","","","Alumim","",""
"1398","Meechai","Ritthiphon","","","מיצ׳אי","ריטהיפון","","","M","31","עלומים","תאילנד","אזרח","","killed","2023-10-07","2023-10-07","בכניסה לעלומים","בכניסה לעלומים","Gaza","ירי בשוגג","https://laad.btl.gov.il/Web/He/TerrorVictims/Page/Default.aspx?ID=44135","987012802864805171","Near Alumim","Exact location","Near Alumim","Exact location","31.4507246937438, 34.511533004173465","","","Near Alumim","",""
"1401","Charoon","Chatdamdee","","","ג׳ארון","צאטדומדי","","","M","24","עלומים","תאילנד","אזרח","","killed","2023-10-07","2023-10-07","עלומים; מגורי עובדים","עלומים; מגורי עובדים","Gaza","","https://laad.btl.gov.il/Web/He/TerrorVictims/Page/Default.aspx?ID=44030","987012802873105171","Alumim; Workers' quarters","Exact location","Alumim; Workers' quarters","Exact location","31.4507246937438, 34.511533004173465","","","Alumim","",""
"1419","Anan","Phetkaew","","","ארנאן","פטרקאו","","","M","29","עלומים","תאילנד","אזרח","","killed","2023-10-07","2023-10-07","עלומים; מגורי עובדים","עלומים; מגורי עובדים","Gaza","","https://laad.btl.gov.il/Web/He/TerrorVictims/Page/Default.aspx?ID=43402","987012802867205171","Alumim; Workers' quarters","Exact location","Alumim; Workers' quarters","Exact location","31.4507246937438, 34.511533004173465","","","Alumim","",""
"1443","Michael","Ben Chemo","","Mikey","מיכאל","בן חמו","","מייקל מייקי","M","21","רחובות","ישראל","חייל","","killed","2023-10-07","2023-10-07","אנטנה מדרום לכיסופים","אנטנה מדרום לכיסופים","Gaza","","https://www.idf.il/נופלים/חללי-המלחמה/מיכאל-בן-חמו/","987012803650005171","Antenna south of Kisufim","Exact location","Antenna south of Kisufim","Exact location","31.369172867058776, 34.3960481881783","","","Antenna south of Kisufim","",""
"1038","Itay","Cohen","","","איתי","כהן","","","M","22","רחובות","ישראל","חייל","","killed","2023-10-07","2023-10-07","עלומים","עלומים","Gaza","","https://www.idf.il/נופלים/חללי-המלחמה/איתי-כהן/","987012802850505171","Alumim","","Alumim","","31.454726, 34.512944","","","Alumim","",""
"1497","Dolev","Amouyal","","","דולב","אמויאל","","","M","21","נתניה","ישראל","חייל","","killed","2023-10-07","2023-10-07","בין עלומים לפגה","בין עלומים לפגה","Gaza","","https://www.idf.il/נופלים/חללי-המלחמה/דולב-אמויאל/","987012770626905171","Between Alumim and Paga","","Between Alumim and Paga","","31.454232, 34.487217","","","Between Alumim and Paga","",""
"1523","Karla","Stelzer Mendes","","","קרלה","סטלזר מנדס","","","F","41","קרית מלאכי","ישראל","אזרח","Nova","killed","2023-10-07","2023-10-07","כביש עלומים - בארי","כביש עלומים - בארי","Gaza","","https://laad.btl.gov.il/Web/He/TerrorVictims/Page/Default.aspx?ID=43916","987012803635205171","Alumim - Be’eri road","","Alumim - Be’eri road","","31.435792, 34.501678","","","Alumim - Be’eri road","",""
"1583","Sapir","Bilmes","","","ספיר","בילמס","","","F","24","ראשון לציון","ישראל","אזרח","Nova","killed","2023-10-07","2023-10-07","בכניסה לעלומים","בכניסה לעלומים","Gaza","","https://laad.btl.gov.il/Web/He/TerrorVictims/Page/Default.aspx?ID=43735","987012803665205171","Near Alumim","Exact location","Near Alumim","Exact location","31.450787, 34.516436","","","Near Alumim","",""
"1662","Phonsawan","Pinakalo","","","פונסוואן","פינאגאלו","","","M","","עלומים","תאילנד","אזרח","","kidnapped; released","2023-10-07","","עלומים; מגורי עובדים","","Gaza","","","","Alumim; Workers' quarters","Exact location","","Exact location","31.4507246937438, 34.511533004173465","","","Alumim","",""
"1677","Tianchai","Yotthongdee","","","טיאנצאי","יוטונגדי","","","M","32","עלומים","תאילנד","אזרח","","killed","2023-10-07","2023-10-07","עלומים; מגורי עובדים","עלומים; מגורי עובדים","Gaza","","https://laad.btl.gov.il/Web/He/TerrorVictims/Page/Default.aspx?ID=44103","987012802873905171","Alumim; Workers' quarters","Exact location","Alumim; Workers' quarters","Exact location","31.4507246937438, 34.511533004173465","","","Alumim","",""
"1678","Chakraphan","Diaothaisong","","","גקפאמן","דיאוטציסונג","","","M","37","עלומים","תאילנד","אזרח","","killed","2023-10-07","2023-10-07","עלומים; מגורי עובדים","עלומים; מגורי עובדים","Gaza","","https://laad.btl.gov.il/Web/He/TerrorVictims/Page/Default.aspx?ID=44033","","Alumim; Workers' quarters","Exact location","Alumim; Workers' quarters","Exact location","31.4507246937438, 34.511533004173465","","","Alumim","",""
"1679","Chaiya","Raksanon","","","צ׳איה","רוקסון","","","M","28","עלומים","תאילנד","אזרח","","killed","2023-10-07","2023-10-07","עלומים; מגורי עובדים","עלומים; מגורי עובדים","Gaza","","https://laad.btl.gov.il/Web/He/TerrorVictims/Page/Default.aspx?ID=44032","987012802864505171","Alumim; Workers' quarters","Exact location","Alumim; Workers' quarters","Exact location","31.4507246937438, 34.511533004173465","","","Alumim","",""
"1680","Saksit","Champasim","","","סאסקיט","צאמפאסים","","","M","25","עלומים","תאילנד","אזרח","","killed","2023-10-07","2023-10-07","עלומים; מגורי עובדים","עלומים; מגורי עובדים","Gaza","","https://laad.btl.gov.il/Web/He/TerrorVictims/Page/Default.aspx?ID=43404","987012802873805171","Alumim; Workers' quarters","Exact location","Alumim; Workers' quarters","Exact location","31.4507246937438, 34.511533004173465","","","Alumim","",""
"1681","Sumchai","Sae-Yang","","","סומאצי","סייאנג","","","M","26","עלומים","תאילנד","אזרח","","killed","2023-10-07","2023-10-07","עלומים; מגורי עובדים","עלומים; מגורי עובדים","Gaza","","https://laad.btl.gov.il/Web/He/TerrorVictims/Page/Default.aspx?ID=44106","987012770631005171","Alumim; Workers' quarters","Exact location","Alumim; Workers' quarters","Exact location","31.4507246937438, 34.511533004173465","","","Alumim","",""
"1683","Thawatchai","Saethao","Cheng","","טאואטשי","סטאו","","","M","26","עלומים","תאילנד","אזרח","","killed","2023-10-07","2023-10-07","עלומים; מגורי עובדים","עלומים; מכון חליבה","Gaza","","https://laad.btl.gov.il/Web/He/TerrorVictims/Page/Default.aspx?ID=44102","987012802863905171","Alumim; Workers' quarters","Exact location","Alumim; Milking parlor","Exact location","31.4507246937438, 34.511533004173465","","","Alumim","",""
"1684","Dua","Seayang","","","דיו","סייאנג","","","M","34","עלומים","תאילנד","אזרח","","killed","2023-10-07","2023-10-07","עלומים; מגורי עובדים","עלומים; מכון חליבה","Gaza","","https://laad.btl.gov.il/Web/He/TerrorVictims/Page/Default.aspx?ID=44101","987012802863505171","Alumim; Workers' quarters","Exact location","Alumim; Milking parlor","Exact location","31.4507246937438, 34.511533004173465","","","Alumim","",""
"1685","Thumyoma","Kraisorn","","","קראיסורן","טומיומה","","","M","29","עלומים","תאילנד","אזרח","","killed","2023-10-07","2023-10-07","עלומים; מגורי עובדים","עלומים; מגורי עובדים","Gaza","","https://laad.btl.gov.il/Web/He/TerrorVictims/Page/Default.aspx?ID=44110","987012802870005171","Alumim; Workers' quarters","Exact location","Alumim; Workers' quarters","Exact location","31.4507246937438, 34.511533004173465","","","Alumim","",""