pid,name,memorial_url,nli_id,image_url,source,status,error,crop_url
367,אביב ורטהיים,https://laad.btl.gov.il/Web/He/TerrorVictims/Page/Default.aspx?ID=43495,987012803642805171,https://laad.btl.gov.il/view_files/Nofel_Pic/043495/NP_043495_10.jpg,btl-direct,uploaded,,"https://res.cloudinary.com/dpol0pyoo/image/fetch/c_crop,g_face/w_150,h_195,g_north/https://res.cloudinary.com/dpol0pyoo/image/upload/v1787996066/btl_memorials/pid_367.jpg"
368,דורית ורטהיים בר אילן,https://laad.btl.gov.il/Web/He/TerrorVictims/Page/Default.aspx?ID=43496,987012803643105171,https://laad.btl.gov.il/view_files/Nofel_Pic/043496/NP_043496_10.jpg,btl-direct,uploaded,,"https://res.cloudinary.com/dpol0pyoo/image/fetch/c_crop,g_face/w_150,h_195,g_north/https://res.cloudinary.com/dpol0pyoo/image/upload/v1787996070/btl_memorials/pid_368.jpg"
1186,דרור אלטון,https://lezichram.police.gov.il/main/nofel/4,987012803654505171,,,failed,police gallery missing,
1395,באנצ׳ה דאשטויאוואט,https://laad.btl.gov.il/Web/He/TerrorVictims/Page/Default.aspx?ID=44025,987012802872105171,,,failed,BTL image not found,
1396,טואו קאי לי,https://laad.btl.gov.il/Web/He/TerrorVictims/Page/Default.aspx?ID=44031,987012802874405171,,,failed,BTL image not found,
1399,פאריניה טמקנג,https://laad.btl.gov.il/Web/He/TerrorVictims/Page/Default.aspx?ID=44027,987012802875505171,,,failed,BTL image not found,
1400,סמוקהון פנסה ארד,https://laad.btl.gov.il/Web/He/TerrorVictims/Page/Default.aspx?ID=44028,987012802863005171,,,failed,BTL image not found,
1402,ווטיפאט וויסטדונוואי,https://laad.btl.gov.il/Web/He/TerrorVictims/Page/Default.aspx?ID=44026,987012802874205171,,,failed,BTL image not found,
1403,פיטק טולאנג,https://laad.btl.gov.il/Web/He/TerrorVictims/Page/Default.aspx?ID=43398,987012802874805171,,,failed,BTL image not found,
1404,סאטאוואט פאהייה,https://laad.btl.gov.il/Web/He/TerrorVictims/Page/Default.aspx?ID=43356,987012802866705171,,,failed,BTL image not found,
1405,ג׳קפונג גנטרסנה,https://laad.btl.gov.il/Web/He/TerrorVictims/Page/Default.aspx?ID=43358,987012802871005171,,,failed,BTL image not found,
1406,סקסיט קוטמי,https://laad.btl.gov.il/Web/He/TerrorVictims/Page/Default.aspx?ID=43401,987012802870805171,,,failed,BTL image not found,
1407,תנקריט פרקוטוונג,https://laad.btl.gov.il/Web/He/TerrorVictims/Page/Default.aspx?ID=43410,987012802865505171,,,failed,BTL image not found,
1408,סרית׳אט קווי,https://laad.btl.gov.il/Web/He/TerrorVictims/Page/Default.aspx?ID=43406,987012802876705171,,,failed,BTL image not found,
1409,פונג׳תפ קוסרם,https://laad.btl.gov.il/Web/He/TerrorVictims/Page/Default.aspx?ID=43407,987012802869505171,,,failed,BTL image not found,
1410,אנוצ׳ה סופקון,https://laad.btl.gov.il/Web/He/TerrorVictims/Page/Default.aspx?ID=43354,987012802877005171,,,failed,BTL image not found,
1411,ניטיקורן סה וונג,https://laad.btl.gov.il/Web/He/TerrorVictims/Page/Default.aspx?ID=43403,987012802864405171,,,failed,BTL image not found,
1412,פיצ׳יט נאג׳אן,https://laad.btl.gov.il/Web/He/TerrorVictims/Page/Default.aspx?ID=43408,987012802868705171,,,failed,BTL image not found,
1413,אפיצ׳רט גוסרם,https://laad.btl.gov.il/Web/He/TerrorVictims/Page/Default.aspx?ID=43399,987012802869705171,,,failed,BTL image not found,
1414,פירון טנונפים,https://laad.btl.gov.il/Web/He/TerrorVictims/Page/Default.aspx?ID=43409,987012802875405171,,,failed,BTL image not found,
1415,סאקדה סורקאי,https://laad.btl.gov.il/Web/He/TerrorVictims/Page/Default.aspx?ID=43405,987012802876105171,,,failed,BTL image not found,
1416,הונסריי פונגסטורן,https://laad.btl.gov.il/Web/He/TerrorVictims/Page/Default.aspx?ID=43353,987012802870505171,,,failed,BTL image not found,
1417,תרפונג קלנגסואן,https://laad.btl.gov.il/Web/He/TerrorVictims/Page/Default.aspx?ID=43359,987012802870205171,,,failed,BTL image not found,
1418,צ׳אירט סנוסן,https://laad.btl.gov.il/Web/He/TerrorVictims/Page/Default.aspx?ID=43355,987012802863805171,,,failed,BTL image not found,
1469,סמי ג׳רגאווי,https://laad.btl.gov.il/Web/He/TerrorVictims/Page/Default.aspx?ID=43286,987012803658905171,,,failed,BTL image not found,
1634,עאישה אלזיאדנה,,,,,failed,no image from memorial/NLI/Mako,
1644,סנטי בונפרום,,,,,failed,no image from memorial/NLI/Mako,
1646,מונגקול פג׳ואבון,,,,,failed,no image from memorial/NLI/Mako,
1648,וויצ׳אי קלאפאט,,987012976164805171,,,failed,NLI images not publicly accessible via IIIF; set NLI_API_KEY for search API,
1649,בנצ׳ה קונגמאני,,,,,failed,no image from memorial/NLI/Mako,
1650,בודי סאאנגבון,,,,,failed,no image from memorial/NLI/Mako,
1651,אוטאי טונסרי,,,,,failed,no image from memorial/NLI/Mako,
1652,אוטאי סאאנגוואן,,,,,failed,no image from memorial/NLI/Mako,
1656,אנוצ׳ה אנגאו,,,,,failed,no image from memorial/NLI/Mako,
1657,מאני ג׳ירצ׳אט,,,,,failed,no image from memorial/NLI/Mako,
1660,וויצ׳אן טמטונג,,,,,failed,no image from memorial/NLI/Mako,
1661,סורין גסונגנן,,,,,failed,no image from memorial/NLI/Mako,
1669,פאטאיאנוט טונסאקרי,,,,,failed,no image from memorial/NLI/Mako,
1671,פַּאיְבּוּן רַטַאנִיל,,,,,failed,no image from memorial/NLI/Mako,
1673,צַ׳קְרַפַּאן סִיקֶנַה,,,,,failed,no image from memorial/NLI/Mako,
1674,צַ׳לֶרְמְצַ׳אי סַאאֶנְגְקַאוּ,,,,,failed,no image from memorial/NLI/Mako,
1682,קלמנס מטנג׳ה,https://laad.btl.gov.il/Web/He/TerrorVictims/Page/Default.aspx?ID=44136,987012802872405171,,,failed,BTL image not found,
1686,סטה הומסורן,https://laad.btl.gov.il/Web/He/TerrorVictims/Page/Default.aspx?ID=44107,987012802871305171,,,failed,BTL image not found,
1687,קייסין ארנתין,https://laad.btl.gov.il/Web/He/TerrorVictims/Page/Default.aspx?ID=43357,987012802876405171,,,failed,BTL image not found,
1688,קיאדטיסאק פטאיי,https://laad.btl.gov.il/Web/He/TerrorVictims/Page/Default.aspx?ID=44109,987012802867505171,,,failed,BTL image not found,
1689,סאראיוט פנקיטואנטארו,https://laad.btl.gov.il/Web/He/TerrorVictims/Page/Default.aspx?ID=44104,987012802867705171,,,failed,BTL image not found,
1700,דלי זואו,https://laad.btl.gov.il/Web/He/TerrorVictims/Page/Default.aspx?ID=44050,987012802873705171,,,failed,BTL image not found,
1701,ג׳יסהון וון,https://laad.btl.gov.il/Web/He/TerrorVictims/Page/Default.aspx?ID=44049,987012802874505171,,,failed,BTL image not found,
1702,שי זנהונג,https://laad.btl.gov.il/Web/He/TerrorVictims/Page/Default.aspx?ID=44051,,,,failed,BTL image not found,
1704,חיים עדן,https://www.idf.il/נופלים/חללי-המלחמה/חיים-מאיר-עדן/,987012673592205171,,,failed,idf page blocked (Incapsula),
1724,פונגפט סוצ׳אט,https://laad.btl.gov.il/Web/He/TerrorVictims/Page/Default.aspx?ID=43400,,,,failed,BTL image not found,
2007,סאו יונגקאי,https://laad.btl.gov.il/Web/He/TerrorVictims/Page/Default.aspx?ID=44134,987012802874105171,,,failed,BTL image not found,
2014,נעאמה אבו ראשד,https://laad.btl.gov.il/Web/He/TerrorVictims/Page/Default.aspx?ID=44048,987012802868805171,,,failed,BTL image not found,
2015,נטליה דמידובה,https://laad.btl.gov.il/Web/He/TerrorVictims/Page/Default.aspx?ID=44062,987012802866005171,,,failed,BTL image not found,
2019,פפונתנאי פונגקרואה,https://laad.btl.gov.il/Web/He/TerrorVictims/Page/Default.aspx?ID=44108,987012802865805171,,,failed,BTL image not found,
2031,ג׳יאנה ליו,https://laad.btl.gov.il/Web/He/TerrorVictims/Page/Default.aspx?ID=44100,,,,failed,BTL image not found,
2032,זהיגו ליו,https://laad.btl.gov.il/Web/He/TerrorVictims/Page/Default.aspx?ID=44099,,,,failed,BTL image not found,
2128,חנה איפרגן,https://laad.btl.gov.il/Web/He/TerrorVictims/Page/Default.aspx?ID=44095,,,,failed,BTL image not found,
2323,פטניבין מקסוול,https://laad.btl.gov.il/Web/He/TerrorVictims/Page/Default.aspx?ID=44142,987012770616005171,,,failed,BTL image not found,
2378,לאמנאו סוראסאק,,,,,failed,no image from memorial/NLI/Mako,
2379,טהנה פונגסאק,,,,,failed,no image from memorial/NLI/Mako,
2381,סהטאן באנאוואט,,,,,failed,no image from memorial/NLI/Mako,
2394,זייד מזאריב,https://www.idf.il/נופלים/חללי-המלחמה/זייד-מזאריב,987012807574405171,,,failed,idf page blocked (Incapsula),
2413,סעדיה דרעי,https://www.idf.il/נופלים/חללי-המלחמה/סעדיה-יעקב-דרעי,987012837972305171,,,failed,idf page blocked (Incapsula),
2457,לארא טנוס,https://laad.btl.gov.il/Web/He/TerrorVictims/Page/Default.aspx?ID=44154,,,,failed,BTL image not found,
2473,מחמוד עמרייה,https://www.idf.il/נופלים/חללי-המלחמה/מחמוד-עמרייה/,987012882751305171,,,failed,idf page blocked (Incapsula),
2497,אברהם סומיכי,https://laad.btl.gov.il/Web/He/TerrorVictims/Page/Default.aspx?ID=44193,,,,failed,BTL image not found,
2545,אביב מגן,https://www.idf.il/נופלים/חללי-המלחמה/אביב-מגן/,987012966172605171,,,failed,idf page blocked (Incapsula),
2737,רביד גז,https://laad.btl.gov.il/Web/He/TerrorVictims/Page/Default.aspx?ID=45604,,,,failed,BTL image not found,
2759,אולנה סוקולובה,https://laad.btl.gov.il/Web/He/TerrorVictims/Page/Default.aspx?ID=45625,987013502461405171,,,failed,BTL image not found,
2811,מוריס מרזוק,https://laad.btl.gov.il/Web/He/TerrorVictims/Page/Default.aspx?ID=45642,987013772296905171,,,failed,BTL image not found,
1697,גויטום גברהיווט,,,,,failed,no image from memorial/NLI/Mako,
1698,אדם ברימה,,987012802875105171,,,failed,NLI images not publicly accessible via IIIF; set NLI_API_KEY for search API,
2023,וולדרפאל האגוס-ברהה,,,,,failed,no image from memorial/NLI/Mako,
2024,האשם בראווי,,,,,failed,no image from memorial/NLI/Mako,
2027,סוהייל מסרי,,,,,failed,no image from memorial/NLI/Mako,
2028,חורי אלמסרי,,,,,failed,no image from memorial/NLI/Mako,
2029,סלימאן אלעטאר,,,,,failed,no image from memorial/NLI/Mako,
2030,זיאד גאנם,,,,,failed,no image from memorial/NLI/Mako,