"PID","Image URL","Cloudinary URL","Face URL","","","","","","","","",""
"23","https://www.police.gov.il/gal-ed/noflim/PictureGallery/042156/L_NP_042156_0.jpg","https://res.cloudinary.com/dpol0pyoo/image/upload/v1772207983/police_memorials/pid_23.jpg","https://res.cloudinary.com/dpol0pyoo/image/fetch/c_crop,g_face/w_150,h_195,g_north/https://res.cloudinary.com/dpol0pyoo/image/upload/v1772207983/police_memorials/pid_23.jpg","","","","","","","","",""
"30","https://www.police.gov.il/gal-ed/noflim/PictureGallery/042156/L_NP_042156_0.jpg","https://res.cloudinary.com/dpol0pyoo/image/upload/v1772207986/police_memorials/pid_30.jpg","https://res.cloudinary.com/dpol0pyoo/image/fetch/c_crop,g_face/w_150,h_195,g_north/https://res.cloudinary.com/dpol0pyoo/image/upload/v1772207986/police_memorials/pid_30.jpg","","","","","","","","",""
"53","https://www.police.gov.il/gal-ed/noflim/PictureGallery/042140/L_NP_042140_0.jpg","https://res.cloudinary.com/dpol0pyoo/image/upload/v1772207990/police_memorials/pid_53.jpg","https://res.cloudinary.com/dpol0pyoo/image/fetch/c_crop,g_face/w_150,h_195,g_north/https://res.cloudinary.com/dpol0pyoo/image/upload/v1772207990/police_memorials/pid_53.jpg","","","","","","","","",""
"142","https://www.police.gov.il/gal-ed/noflim/PictureGallery/042170/L_NP_042170_0.jpg","https://res.cloudinary.com/dpol0pyoo/image/upload/v1772207993/police_memorials/pid_142.jpg","https://res.cloudinary.com/dpol0pyoo/image/fetch/c_crop,g_face/w_150,h_195,g_north/https://res.cloudinary.com/dpol0pyoo/image/upload/v1772207993/police_memorials/pid_142.jpg","","","","","","","","",""
"149","https://www.police.gov.il/gal-ed/noflim/PictureGallery/042175/L_NP_042175_0.jpg","https://res.cloudinary.com/dpol0pyoo/image/upload/v1772207996/police_memorials/pid_149.jpg","https://res.cloudinary.com/dpol0pyoo/image/fetch/c_crop,g_face/w_150,h_195,g_north/https://res.cloudinary.com/dpol0pyoo/image/upload/v1772207996/police_memorials/pid_149.jpg","","","","","","","","",""
"150","https://www.police.gov.il/gal-ed/noflim/PictureGallery/042177/L_NP_042177_0.jpg","https://res.cloudinary.com/dpol0pyoo/image/upload/v1772208000/police_memorials/pid_150.jpg","https://res.cloudinary.com/dpol0pyoo/image/fetch/c_crop,g_face/w_150,h_195,g_north/https://res.cloudinary.com/dpol0pyoo/image/upload/v1772208000/police_memorials/pid_150.jpg","","","","","","","","",""
"151","https://www.police.gov.il/gal-ed/noflim/PictureGallery/042176/L_NP_042176_0.jpg","https://res.cloudinary.com/dpol0pyoo/image/upload/v1772208003/police_memorials/pid_151.jpg","https://res.cloudinary.com/dpol0pyoo/image/fetch/c_crop,g_face/w_150,h_195,g_north/https://res.cloudinary.com/dpol0pyoo/image/upload/v1772208003/police_memorials/pid_151.jpg","","","","","","","","",""
"208","https://www.police.gov.il/gal-ed/noflim/PictureGallery/042136/L_NP_042136_0.jpg","https://res.cloudinary.com/dpol0pyoo/image/upload/v1772208007/police_memorials/pid_208.jpg","https://res.cloudinary.com/dpol0pyoo/image/fetch/c_crop,g_face/w_150,h_195,g_north/https://res.cloudinary.com/dpol0pyoo/image/upload/v1772208007/police_memorials/pid_208.jpg","","","","","","","","",""
"233","https://www.police.gov.il/gal-ed/noflim/PictureGallery/042158/L_NP_042158_0.jpg","https://res.cloudinary.com/dpol0pyoo/image/upload/v1772208011/police_memorials/pid_233.jpg","https://res.cloudinary.com/dpol0pyoo/image/fetch/c_crop,g_face/w_150,h_195,g_north/https://res.cloudinary.com/dpol0pyoo/image/upload/v1772208011/police_memorials/pid_233.jpg","","","","","","","","",""
"239","https://www.police.gov.il/gal-ed/noflim/PictureGallery/042163/L_NP_042163_0.jpg","https://res.cloudinary.com/dpol0pyoo/image/upload/v1772208015/police_memorials/pid_239.jpg","https://res.cloudinary.com/dpol0pyoo/image/fetch/c_crop,g_face/w_150,h_195,g_north/https://res.cloudinary.com/dpol0pyoo/image/upload/v1772208015/police_memorials/pid_239.jpg","","","","","","","","",""
"240","https://www.police.gov.il/gal-ed/noflim/PictureGallery/042168/L_NP_042168_0.jpg","https://res.cloudinary.com/dpol0pyoo/image/upload/v1772208018/police_memorials/pid_240.jpg","https://res.cloudinary.com/dpol0pyoo/image/fetch/c_crop,g_face/w_150,h_195,g_north/https://res.cloudinary.com/dpol0pyoo/image/upload/v1772208018/police_memorials/pid_240.jpg","","","","","","","","",""
"241","https://www.police.gov.il/gal-ed/noflim/PictureGallery/042133/L_NP_042133_0.jpg","https://res.cloudinary.com/dpol0pyoo/image/upload/v1772208023/police_memorials/pid_241.jpg","https://res.cloudinary.com/dpol0pyoo/image/fetch/c_crop,g_face/w_150,h_195,g_north/https://res.cloudinary.com/dpol0pyoo/image/upload/v1772208023/police_memorials/pid_241.jpg","","","","","","","","",""
"243","https://www.police.gov.il/gal-ed/noflim/PictureGallery/042125/L_NP_042125_0.jpg","https://res.cloudinary.com/dpol0pyoo/image/upload/v1772208026/police_memorials/pid_243.jpg","https://res.cloudinary.com/dpol0pyoo/image/fetch/c_crop,g_face/w_150,h_195,g_north/https://res.cloudinary.com/dpol0pyoo/image/upload/v1772208026/police_memorials/pid_243.jpg","","","","","","","","",""
"244","https://www.police.gov.il/gal-ed/noflim/PictureGallery/042129/L_NP_042129_0.jpg","https://res.cloudinary.com/dpol0pyoo/image/upload/v1772208030/police_memorials/pid_244.jpg","https://res.cloudinary.com/dpol0pyoo/image/fetch/c_crop,g_face/w_150,h_195,g_north/https://res.cloudinary.com/dpol0pyoo/image/upload/v1772208030/police_memorials/pid_244.jpg","","","","","","","","",""
"536","https://www.police.gov.il/gal-ed/noflim/PictureGallery/042159/L_NP_042159_0.jpg","https://res.cloudinary.com/dpol0pyoo/image/upload/v1772208034/police_memorials/pid_536.jpg","https://res.cloudinary.com/dpol0pyoo/image/fetch/c_crop,g_face/w_150,h_195,g_north/https://res.cloudinary.com/dpol0pyoo/image/upload/v1772208034/police_memorials/pid_536.jpg","","","","","","","","",""
"646","https://www.police.gov.il/gal-ed/noflim/PictureGallery/042178/L_NP_042178_0.jpeg","https://res.cloudinary.com/dpol0pyoo/image/upload/v1772208038/police_memorials/pid_646.jpg","https://res.cloudinary.com/dpol0pyoo/image/fetch/c_crop,g_face/w_150,h_195,g_north/https://res.cloudinary.com/dpol0pyoo/image/upload/v1772208038/police_memorials/pid_646.jpg","","","","","","","","",""
"956","https://www.police.gov.il/gal-ed/noflim/PictureGallery/042179/L_NP_042179_0.jpeg","https://res.cloudinary.com/dpol0pyoo/image/upload/v1772208043/police_memorials/pid_956.jpg","https://res.cloudinary.com/dpol0pyoo/image/fetch/c_crop,g_face/w_150,h_195,g_north/https://res.cloudinary.com/dpol0pyoo/image/upload/v1772208043/police_memorials/pid_956.jpg","","","","","","","","",""
"1731","https://www.police.gov.il/gal-ed/noflim/PictureGallery/042137/L_NP_042137_0.jpg","https://res.cloudinary.com/dpol0pyoo/image/upload/v1772208046/police_memorials/pid_1731.jpg","https://res.cloudinary.com/dpol0pyoo/image/fetch/c_crop,g_face/w_150,h_195,g_north/https://res.cloudinary.com/dpol0pyoo/image/upload/v1772208046/police_memorials/pid_1731.jpg","","","","","","","","",""
"973","https://www.police.gov.il/gal-ed/noflim/PictureGallery/042167/L_NP_042167_0.jpeg","https://res.cloudinary.com/dpol0pyoo/image/upload/v1772208052/police_memorials/pid_973.jpg","https://res.cloudinary.com/dpol0pyoo/image/fetch/c_crop,g_face/w_150,h_195,g_north/https://res.cloudinary.com/dpol0pyoo/image/upload/v1772208052/police_memorials/pid_973.jpg","","","","","","","","",""
"975","https://www.police.gov.il/gal-ed/noflim/PictureGallery/042153/L_NP_042153_0.jpeg","https://res.cloudinary.com/dpol0pyoo/image/upload/v1772208056/police_memorials/pid_975.jpg","https://res.cloudinary.com/dpol0pyoo/image/fetch/c_crop,g_face/w_150,h_195,g_north/https://res.cloudinary.com/dpol0pyoo/image/upload/v1772208056/police_memorials/pid_975.jpg","","","","","","","","",""
"977","https://www.police.gov.il/gal-ed/noflim/PictureGallery/042127/L_NP_042127_0.jpg","https://res.cloudinary.com/dpol0pyoo/image/upload/v1772208059/police_memorials/pid_977.jpg","https://res.cloudinary.com/dpol0pyoo/image/fetch/c_crop,g_face/w_150,h_195,g_north/https://res.cloudinary.com/dpol0pyoo/image/upload/v1772208059/police_memorials/pid_977.jpg","","","","","","","","",""
"979","https://www.police.gov.il/gal-ed/noflim/PictureGallery/042151/L_NP_042151_0.jpeg","https://res.cloudinary.com/dpol0pyoo/image/upload/v1772208062/police_memorials/pid_979.jpg","https://res.cloudinary.com/dpol0pyoo/image/fetch/c_crop,g_face/w_150,h_195,g_north/https://res.cloudinary.com/dpol0pyoo/image/upload/v1772208062/police_memorials/pid_979.jpg","","","","","","","","",""
"986","https://www.police.gov.il/gal-ed/noflim/PictureGallery/042145/L_NP_042145_0.jpg","https://res.cloudinary.com/dpol0pyoo/image/upload/v1772208065/police_memorials/pid_986.jpg","https://res.cloudinary.com/dpol0pyoo/image/fetch/c_crop,g_face/w_150,h_195,g_north/https://res.cloudinary.com/dpol0pyoo/image/upload/v1772208065/police_memorials/pid_986.jpg","","","","","","","","",""
"988","https://www.police.gov.il/gal-ed/noflim/PictureGallery/042132/L_NP_042132_0.jfif","https://res.cloudinary.com/dpol0pyoo/image/upload/v1772208068/police_memorials/pid_988.jpg","https://res.cloudinary.com/dpol0pyoo/image/fetch/c_crop,g_face/w_150,h_195,g_north/https://res.cloudinary.com/dpol0pyoo/image/upload/v1772208068/police_memorials/pid_988.jpg","","","","","","","","",""
"998","https://www.police.gov.il/gal-ed/noflim/PictureGallery/042173/L_NP_042173_0.jpg","https://res.cloudinary.com/dpol0pyoo/image/upload/v1772208072/police_memorials/pid_998.jpg","https://res.cloudinary.com/dpol0pyoo/image/fetch/c_crop,g_face/w_150,h_195,g_north/https://res.cloudinary.com/dpol0pyoo/image/upload/v1772208072/police_memorials/pid_998.jpg","","","","","","","","",""
"1052","https://www.police.gov.il/gal-ed/noflim/PictureGallery/042143/L_NP_042143_0.jpg","https://res.cloudinary.com/dpol0pyoo/image/upload/v1772208077/police_memorials/pid_1052.jpg","https://res.cloudinary.com/dpol0pyoo/image/fetch/c_crop,g_face/w_150,h_195,g_north/https://res.cloudinary.com/dpol0pyoo/image/upload/v1772208077/police_memorials/pid_1052.jpg","","","","","","","","",""
"1057","https://www.police.gov.il/gal-ed/noflim/PictureGallery/042150/L_NP_042150_0.jpg","https://res.cloudinary.com/dpol0pyoo/image/upload/v1772208080/police_memorials/pid_1057.jpg","https://res.cloudinary.com/dpol0pyoo/image/fetch/c_crop,g_face/w_150,h_195,g_north/https://res.cloudinary.com/dpol0pyoo/image/upload/v1772208080/police_memorials/pid_1057.jpg","","","","","","","","",""
"1062","https://www.police.gov.il/gal-ed/noflim/PictureGallery/042155/L_NP_042155_0.jpg","https://res.cloudinary.com/dpol0pyoo/image/upload/v1772208084/police_memorials/pid_1062.jpg","https://res.cloudinary.com/dpol0pyoo/image/fetch/c_crop,g_face/w_150,h_195,g_north/https://res.cloudinary.com/dpol0pyoo/image/upload/v1772208084/police_memorials/pid_1062.jpg","","","","","","","","",""
"1064","https://www.police.gov.il/gal-ed/noflim/PictureGallery/042144/L_NP_042144_0.jpg","https://res.cloudinary.com/dpol0pyoo/image/upload/v1772208087/police_memorials/pid_1064.jpg","https://res.cloudinary.com/dpol0pyoo/image/fetch/c_crop,g_face/w_150,h_195,g_north/https://res.cloudinary.com/dpol0pyoo/image/upload/v1772208087/police_memorials/pid_1064.jpg","","","","","","","","",""
"1076","https://www.police.gov.il/gal-ed/noflim/PictureGallery/042148/L_NP_042148_0.jfif","https://res.cloudinary.com/dpol0pyoo/image/upload/v1772208091/police_memorials/pid_1076.jpg","https://res.cloudinary.com/dpol0pyoo/image/fetch/c_crop,g_face/w_150,h_195,g_north/https://res.cloudinary.com/dpol0pyoo/image/upload/v1772208091/police_memorials/pid_1076.jpg","","","","","","","","",""
"1135","https://www.police.gov.il/gal-ed/noflim/PictureGallery/042146/L_NP_042146_0.jpg","https://res.cloudinary.com/dpol0pyoo/image/upload/v1772208095/police_memorials/pid_1135.jpg","https://res.cloudinary.com/dpol0pyoo/image/fetch/c_crop,g_face/w_150,h_195,g_north/https://res.cloudinary.com/dpol0pyoo/image/upload/v1772208095/police_memorials/pid_1135.jpg","","","","","","","","",""
"1136","https://www.police.gov.il/gal-ed/noflim/PictureGallery/042138/L_NP_042138_0.jpg","https://res.cloudinary.com/dpol0pyoo/image/upload/v1772208099/police_memorials/pid_1136.jpg","https://res.cloudinary.com/dpol0pyoo/image/fetch/c_crop,g_face/w_150,h_195,g_north/https://res.cloudinary.com/dpol0pyoo/image/upload/v1772208099/police_memorials/pid_1136.jpg","","","","","","","","",""
"1139","https://www.police.gov.il/gal-ed/noflim/PictureGallery/042162/L_NP_042162_0.jpg","https://res.cloudinary.com/dpol0pyoo/image/upload/v1772208102/police_memorials/pid_1139.jpg","https://res.cloudinary.com/dpol0pyoo/image/fetch/c_crop,g_face/w_150,h_195,g_north/https://res.cloudinary.com/dpol0pyoo/image/upload/v1772208102/police_memorials/pid_1139.jpg","","","","","","","","",""
"1141","https://www.police.gov.il/gal-ed/noflim/PictureGallery/042141/L_NP_042141_0.jpg","https://res.cloudinary.com/dpol0pyoo/image/upload/v1772208106/police_memorials/pid_1141.jpg","https://res.cloudinary.com/dpol0pyoo/image/fetch/c_crop,g_face/w_150,h_195,g_north/https://res.cloudinary.com/dpol0pyoo/image/upload/v1772208106/police_memorials/pid_1141.jpg","","","","","","","","",""
"1142","https://www.police.gov.il/gal-ed/noflim/PictureGallery/042165/L_NP_042165_0.jpg","https://res.cloudinary.com/dpol0pyoo/image/upload/v1772208109/police_memorials/pid_1142.jpg","https://res.cloudinary.com/dpol0pyoo/image/fetch/c_crop,g_face/w_150,h_195,g_north/https://res.cloudinary.com/dpol0pyoo/image/upload/v1772208109/police_memorials/pid_1142.jpg","","","","","","","","",""
"1143","https://www.police.gov.il/gal-ed/noflim/PictureGallery/042161/L_NP_042161_0.jpg","https://res.cloudinary.com/dpol0pyoo/image/upload/v1772208113/police_memorials/pid_1143.jpg","https://res.cloudinary.com/dpol0pyoo/image/fetch/c_crop,g_face/w_150,h_195,g_north/https://res.cloudinary.com/dpol0pyoo/image/upload/v1772208113/police_memorials/pid_1143.jpg","","","","","","","","",""
"1182","https://www.police.gov.il/gal-ed/noflim/PictureGallery/042135/L_NP_042135_0.jpg","https://res.cloudinary.com/dpol0pyoo/image/upload/v1772208117/police_memorials/pid_1182.jpg","https://res.cloudinary.com/dpol0pyoo/image/fetch/c_crop,g_face/w_150,h_195,g_north/https://res.cloudinary.com/dpol0pyoo/image/upload/v1772208117/police_memorials/pid_1182.jpg","","","","","","","","",""
"1183","https://www.police.gov.il/gal-ed/noflim/PictureGallery/042154/L_NP_042154_0.jpg","https://res.cloudinary.com/dpol0pyoo/image/upload/v1772208129/police_memorials/pid_1183.jpg","https://res.cloudinary.com/dpol0pyoo/image/fetch/c_crop,g_face/w_150,h_195,g_north/https://res.cloudinary.com/dpol0pyoo/image/upload/v1772208129/police_memorials/pid_1183.jpg","","","","","","","","",""
"1184","https://www.police.gov.il/gal-ed/noflim/PictureGallery/042157/L_NP_042157_0.jpg","https://res.cloudinary.com/dpol0pyoo/image/upload/v1772208147/police_memorials/pid_1184.jpg","https://res.cloudinary.com/dpol0pyoo/image/fetch/c_crop,g_face/w_150,h_195,g_north/https://res.cloudinary.com/dpol0pyoo/image/upload/v1772208147/police_memorials/pid_1184.jpg","","","","","","","","",""
"1185","https://www.police.gov.il/gal-ed/noflim/PictureGallery/042147/L_NP_042147_0.jpg","https://res.cloudinary.com/dpol0pyoo/image/upload/v1772208152/police_memorials/pid_1185.jpg","https://res.cloudinary.com/dpol0pyoo/image/fetch/c_crop,g_face/w_150,h_195,g_north/https://res.cloudinary.com/dpol0pyoo/image/upload/v1772208152/police_memorials/pid_1185.jpg","","","","","","","","",""
"1186","","","#N/A","#N/A","","","","","","","",""
"1188","https://www.police.gov.il/gal-ed/noflim/PictureGallery/042124/L_NP_042124_0.jpg","https://res.cloudinary.com/dpol0pyoo/image/upload/v1772208166/police_memorials/pid_1188.jpg","https://res.cloudinary.com/dpol0pyoo/image/fetch/c_crop,g_face/w_150,h_195,g_north/https://res.cloudinary.com/dpol0pyoo/image/upload/v1772208166/police_memorials/pid_1188.jpg","","","","","","","","",""
"1189","https://www.police.gov.il/gal-ed/noflim/PictureGallery/042142/L_NP_042142_0.jpg","https://res.cloudinary.com/dpol0pyoo/image/upload/v1772208193/police_memorials/pid_1189.jpg","https://res.cloudinary.com/dpol0pyoo/image/fetch/c_crop,g_face/w_150,h_195,g_north/https://res.cloudinary.com/dpol0pyoo/image/upload/v1772208193/police_memorials/pid_1189.jpg","","","","","","","","",""
"1190","https://www.police.gov.il/gal-ed/noflim/PictureGallery/042128/L_NP_042128_0.jpeg","https://res.cloudinary.com/dpol0pyoo/image/upload/v1772208197/police_memorials/pid_1190.jpg","https://res.cloudinary.com/dpol0pyoo/image/fetch/c_crop,g_face/w_150,h_195,g_north/https://res.cloudinary.com/dpol0pyoo/image/upload/v1772208197/police_memorials/pid_1190.jpg","","","","","","","","",""
"1191","https://www.police.gov.il/gal-ed/noflim/PictureGallery/042139/L_NP_042139_0.jpg","https://res.cloudinary.com/dpol0pyoo/image/upload/v1772208201/police_memorials/pid_1191.jpg","https://res.cloudinary.com/dpol0pyoo/image/fetch/c_crop,g_face/w_150,h_195,g_north/https://res.cloudinary.com/dpol0pyoo/image/upload/v1772208201/police_memorials/pid_1191.jpg","","","","","","","","",""
"1459","https://www.police.gov.il/gal-ed/noflim/PictureGallery/042134/L_NP_042134_0.jpg","https://res.cloudinary.com/dpol0pyoo/image/upload/v1772208204/police_memorials/pid_1459.jpg","https://res.cloudinary.com/dpol0pyoo/image/fetch/c_crop,g_face/w_150,h_195,g_north/https://res.cloudinary.com/dpol0pyoo/image/upload/v1772208204/police_memorials/pid_1459.jpg","","","","","","","","",""
"1560","https://www.police.gov.il/gal-ed/noflim/PictureGallery/042131/L_NP_042131_0.jpg","https://res.cloudinary.com/dpol0pyoo/image/upload/v1772208208/police_memorials/pid_1560.jpg","https://res.cloudinary.com/dpol0pyoo/image/fetch/c_crop,g_face/w_150,h_195,g_north/https://res.cloudinary.com/dpol0pyoo/image/upload/v1772208208/police_memorials/pid_1560.jpg","","","","","","","","",""
"1565","https://www.police.gov.il/gal-ed/noflim/PictureGallery/042149/L_NP_042149_0.jpg","https://res.cloudinary.com/dpol0pyoo/image/upload/v1772208212/police_memorials/pid_1565.jpg","https://res.cloudinary.com/dpol0pyoo/image/fetch/c_crop,g_face/w_150,h_195,g_north/https://res.cloudinary.com/dpol0pyoo/image/upload/v1772208212/police_memorials/pid_1565.jpg","","","","","","","","",""
"1566","https://www.police.gov.il/gal-ed/noflim/PictureGallery/042180/L_NP_042180_0.jpeg","https://res.cloudinary.com/dpol0pyoo/image/upload/v1772208216/police_memorials/pid_1566.jpg","https://res.cloudinary.com/dpol0pyoo/image/fetch/c_crop,g_face/w_150,h_195,g_north/https://res.cloudinary.com/dpol0pyoo/image/upload/v1772208216/police_memorials/pid_1566.jpg","","","","","","","","",""
"1569","https://www.police.gov.il/gal-ed/noflim/PictureGallery/042164/L_NP_042164_0.jpg","https://res.cloudinary.com/dpol0pyoo/image/upload/v1772208221/police_memorials/pid_1569.jpg","https://res.cloudinary.com/dpol0pyoo/image/fetch/c_crop,g_face/w_150,h_195,g_north/https://res.cloudinary.com/dpol0pyoo/image/upload/v1772208221/police_memorials/pid_1569.jpg","","","","","","","","",""
"1578","https://www.police.gov.il/gal-ed/noflim/PictureGallery/042172/L_NP_042172_0.jpg","https://res.cloudinary.com/dpol0pyoo/image/upload/v1772208227/police_memorials/pid_1578.jpg","https://res.cloudinary.com/dpol0pyoo/image/fetch/c_crop,g_face/w_150,h_195,g_north/https://res.cloudinary.com/dpol0pyoo/image/upload/v1772208227/police_memorials/pid_1578.jpg","","","","","","","","",""
"1586","https://www.police.gov.il/gal-ed/noflim/PictureGallery/042152/L_NP_042152_0.jpg","https://res.cloudinary.com/dpol0pyoo/image/upload/v1772208231/police_memorials/pid_1586.jpg","https://res.cloudinary.com/dpol0pyoo/image/fetch/c_crop,g_face/w_150,h_195,g_north/https://res.cloudinary.com/dpol0pyoo/image/upload/v1772208231/police_memorials/pid_1586.jpg","","","","","","","","",""
"1604","https://www.police.gov.il/gal-ed/noflim/PictureGallery/042166/L_NP_042166_0.jpg","https://res.cloudinary.com/dpol0pyoo/image/upload/v1772208239/police_memorials/pid_1604.jpg","https://res.cloudinary.com/dpol0pyoo/image/fetch/c_crop,g_face/w_150,h_195,g_north/https://res.cloudinary.com/dpol0pyoo/image/upload/v1772208239/police_memorials/pid_1604.jpg","","","","","","","","",""
"1611","https://www.police.gov.il/gal-ed/noflim/PictureGallery/042171/L_NP_042171_0.jpg","https://res.cloudinary.com/dpol0pyoo/image/upload/v1772208266/police_memorials/pid_1611.jpg","https://res.cloudinary.com/dpol0pyoo/image/fetch/c_crop,g_face/w_150,h_195,g_north/https://res.cloudinary.com/dpol0pyoo/image/upload/v1772208266/police_memorials/pid_1611.jpg","","","","","","","","",""
"1658","https://www.police.gov.il/gal-ed/noflim/PictureGallery/042126/L_NP_042126_0.jpg","https://res.cloudinary.com/dpol0pyoo/image/upload/v1772208270/police_memorials/pid_1658.jpg","https://res.cloudinary.com/dpol0pyoo/image/fetch/c_crop,g_face/w_150,h_195,g_north/https://res.cloudinary.com/dpol0pyoo/image/upload/v1772208270/police_memorials/pid_1658.jpg","","","","","","","","",""
"1705","https://www.police.gov.il/gal-ed/noflim/PictureGallery/042174/L_NP_042174_0.jpg","https://res.cloudinary.com/dpol0pyoo/image/upload/v1772208273/police_memorials/pid_1705.jpg","https://res.cloudinary.com/dpol0pyoo/image/fetch/c_crop,g_face/w_150,h_195,g_north/https://res.cloudinary.com/dpol0pyoo/image/upload/v1772208273/police_memorials/pid_1705.jpg","","","","","","","","",""
"1716","https://www.police.gov.il/gal-ed/noflim/PictureGallery/042130/L_NP_042130_0.jpeg","https://res.cloudinary.com/dpol0pyoo/image/upload/v1772208277/police_memorials/pid_1716.jpg","https://res.cloudinary.com/dpol0pyoo/image/fetch/c_crop,g_face/w_150,h_195,g_north/https://res.cloudinary.com/dpol0pyoo/image/upload/v1772208277/police_memorials/pid_1716.jpg","","","","","","","","",""
"1729","https://www.police.gov.il/gal-ed/noflim/PictureGallery/042169/L_NP_042169_0.jpg","https://res.cloudinary.com/dpol0pyoo/image/upload/v1772208283/police_memorials/pid_1729.jpg","https://res.cloudinary.com/dpol0pyoo/image/fetch/c_crop,g_face/w_150,h_195,g_north/https://res.cloudinary.com/dpol0pyoo/image/upload/v1772208283/police_memorials/pid_1729.jpg","","","","","","","","",""