pid,image_url
130,"https://res.cloudinary.com/dpol0pyoo/image/fetch/c_crop,g_face/w_150,h_195,g_north/https://res.cloudinary.com/dpol0pyoo/image/fetch/v1772921504/https://images.crunchbase.com/image/upload/cool7bwckm9muubtaoiv.jpeg"
195,"https://res.cloudinary.com/dpol0pyoo/image/fetch/c_crop,g_face/w_150,h_195,g_north/https://res.cloudinary.com/dpol0pyoo/image/upload/v1772202058/idf_memorials/pid_195.webp"
196,"https://res.cloudinary.com/dpol0pyoo/image/fetch/c_crop,g_face/w_150,h_195,g_north/https://res.cloudinary.com/dpol0pyoo/image/upload/v1772202054/idf_memorials/pid_196.webp"
265,"https://res.cloudinary.com/dpol0pyoo/image/fetch/c_crop,g_face/w_150,h_195,g_north/https://res.cloudinary.com/dpol0pyoo/image/upload/c_thumb,g_face,w_150,h_195/265.jpg"
276,"https://res.cloudinary.com/dpol0pyoo/image/fetch/c_crop,g_face/w_150,h_195,g_north/https://res.cloudinary.com/dpol0pyoo/image/upload/v1772909739/206_te8iou.png"
307,"https://res.cloudinary.com/dpol0pyoo/image/fetch/c_crop,g_face/w_150,h_195,g_north/https://res.cloudinary.com/dpol0pyoo/image/upload/c_thumb,g_face,w_150,h_195/307.jpg"
334,"https://res.cloudinary.com/dpol0pyoo/image/fetch/c_crop,g_face/w_150,h_195,g_north/https://res.cloudinary.com/dpol0pyoo/image/upload/c_thumb,g_face,w_150,h_195/334.jpg"
338,"https://res.cloudinary.com/dpol0pyoo/image/fetch/c_crop,g_face/w_150,h_195,g_north/https://res.cloudinary.com/dpol0pyoo/image/upload/c_thumb,g_face,w_150,h_195/338.jpg"
367,"https://res.cloudinary.com/dpol0pyoo/image/fetch/c_crop,g_face/w_150,h_195,g_north/https://res.cloudinary.com/dpol0pyoo/image/upload/v1787996066/btl_memorials/pid_367.jpg"
368,"https://res.cloudinary.com/dpol0pyoo/image/fetch/c_crop,g_face/w_150,h_195,g_north/https://res.cloudinary.com/dpol0pyoo/image/upload/v1787996070/btl_memorials/pid_368.jpg"
370,"https://res.cloudinary.com/dpol0pyoo/image/fetch/c_crop,g_face/w_150,h_195,g_north/https://res.cloudinary.com/dpol0pyoo/image/upload/c_thumb,g_face,w_150,h_195/370.jpg"
392,"https://res.cloudinary.com/dpol0pyoo/image/fetch/c_crop,g_face/w_150,h_195,g_north/https://res.cloudinary.com/dpol0pyoo/image/upload/c_thumb,g_face,w_150,h_195/392.jpg"
397,"https://res.cloudinary.com/dpol0pyoo/image/fetch/c_crop,g_face/w_150,h_195,g_north/https://res.cloudinary.com/dpol0pyoo/image/upload/c_thumb,g_face,w_150,h_195/397.jpg"
420,"https://res.cloudinary.com/dpol0pyoo/image/fetch/c_crop,g_face/w_150,h_195,g_north/https://res.cloudinary.com/dpol0pyoo/image/upload/c_thumb,g_face,w_150,h_195/420.jpg"
429,"https://res.cloudinary.com/dpol0pyoo/image/fetch/c_crop,g_face/w_150,h_195,g_north/https://res.cloudinary.com/dpol0pyoo/image/upload/c_thumb,g_face,w_150,h_195/429.jpg"
463,"https://res.cloudinary.com/dpol0pyoo/image/fetch/c_crop,g_face/w_150,h_195,g_north/https://res.cloudinary.com/dpol0pyoo/image/upload/c_thumb,g_face,w_150,h_195/463.jpg"
464,"https://res.cloudinary.com/dpol0pyoo/image/fetch/c_crop,g_face/w_150,h_195,g_north/https://res.cloudinary.com/dpol0pyoo/image/upload/c_thumb,g_face,w_150,h_195/464.jpg"
465,"https://res.cloudinary.com/dpol0pyoo/image/fetch/c_crop,g_face/w_150,h_195,g_north/https://res.cloudinary.com/dpol0pyoo/image/upload/c_thumb,g_face,w_150,h_195/465.jpg"
475,"https://res.cloudinary.com/dpol0pyoo/image/fetch/c_crop,g_face/w_150,h_195,g_north/https://res.cloudinary.com/dpol0pyoo/image/upload/c_thumb,g_face,w_150,h_195/475.jpg"
486,"https://res.cloudinary.com/dpol0pyoo/image/fetch/c_crop,g_face/w_150,h_195,g_north/https://res.cloudinary.com/dpol0pyoo/image/upload/c_thumb,g_face,w_150,h_195/486.jpg"
487,"https://res.cloudinary.com/dpol0pyoo/image/fetch/c_crop,g_face/w_150,h_195,g_north/https://res.cloudinary.com/dpol0pyoo/image/upload/c_thumb,g_face,w_150,h_195/487.jpg"
489,"https://res.cloudinary.com/dpol0pyoo/image/fetch/c_crop,g_face/w_150,h_195,g_north/https://res.cloudinary.com/dpol0pyoo/image/upload/c_thumb,g_face,w_150,h_195/489.jpg"
496,"https://res.cloudinary.com/dpol0pyoo/image/fetch/c_crop,g_face/w_150,h_195,g_north/https://res.cloudinary.com/dpol0pyoo/image/upload/v1772754562/496_uoipbx.png"
850,"https://res.cloudinary.com/dpol0pyoo/image/fetch/c_crop,g_face/w_150,h_195,g_north/https://res.cloudinary.com/dpol0pyoo/image/upload/c_thumb,g_face,w_150,h_195/850.jpg"
994,"https://res.cloudinary.com/dpol0pyoo/image/fetch/c_crop,g_face/w_150,h_195,g_north/https://res.cloudinary.com/dpol0pyoo/image/upload/c_thumb,g_face,w_150,h_195/994.jpg"
1271,"https://res.cloudinary.com/dpol0pyoo/image/fetch/c_crop,g_face/w_150,h_195,g_north/https://res.cloudinary.com/dpol0pyoo/image/upload/v1787991047/idf_memorials/pid_1271.webp"
1276,"https://res.cloudinary.com/dpol0pyoo/image/fetch/c_crop,g_face/w_150,h_195,g_north/https://res.cloudinary.com/dpol0pyoo/image/upload/v1787991049/idf_memorials/pid_1276.webp"
1297,"https://res.cloudinary.com/dpol0pyoo/image/fetch/c_crop,g_face/w_150,h_195,g_north/https://res.cloudinary.com/dpol0pyoo/image/upload/v1787991050/idf_memorials/pid_1297.webp"
1555,"https://res.cloudinary.com/dpol0pyoo/image/fetch/c_crop,g_face/w_150,h_195,g_north/https://res.cloudinary.com/dpol0pyoo/image/upload/c_thumb,g_face,w_150,h_195/1555.jpg"
1580,"https://res.cloudinary.com/dpol0pyoo/image/fetch/c_crop,g_face/w_150,h_195,g_north/https://res.cloudinary.com/dpol0pyoo/image/upload/c_thumb,g_face,w_150,h_195/1580.jpg"
1587,"https://res.cloudinary.com/dpol0pyoo/image/fetch/c_crop,g_face/w_150,h_195,g_north/https://res.cloudinary.com/dpol0pyoo/image/upload/c_thumb,g_face,w_150,h_195/1587.jpg"
1638,"https://res.cloudinary.com/dpol0pyoo/image/fetch/c_crop,g_face/w_150,h_195,g_north/https://res.cloudinary.com/dpol0pyoo/image/upload/v1787991051/idf_memorials/pid_1638.webp"
1695,"https://res.cloudinary.com/dpol0pyoo/image/fetch/c_crop,g_face/w_150,h_195,g_north/https://res.cloudinary.com/dpol0pyoo/image/upload/c_thumb,g_face,w_150,h_195/1695.jpg"
1704,"https://res.cloudinary.com/dpol0pyoo/image/fetch/c_crop,g_face/w_150,h_195,g_north/https://res.cloudinary.com/dpol0pyoo/image/upload/v1787991052/idf_memorials/pid_1704.webp"
1726,"https://res.cloudinary.com/dpol0pyoo/image/fetch/c_crop,g_face/w_150,h_195,g_north/https://res.cloudinary.com/dpol0pyoo/image/upload/c_thumb,g_face,w_150,h_195/1726.jpg"
2033,"https://res.cloudinary.com/dpol0pyoo/image/fetch/c_crop,g_face/w_150,h_195,g_north/https://res.cloudinary.com/dpol0pyoo/image/upload/v1787991055/idf_memorials/pid_2033.webp"
2034,"https://res.cloudinary.com/dpol0pyoo/image/fetch/c_crop,g_face/w_150,h_195,g_north/https://res.cloudinary.com/dpol0pyoo/image/upload/v1787991056/idf_memorials/pid_2034.webp"
2035,"https://res.cloudinary.com/dpol0pyoo/image/fetch/c_crop,g_face/w_150,h_195,g_north/https://res.cloudinary.com/dpol0pyoo/image/upload/v1787991058/idf_memorials/pid_2035.webp"
2036,"https://res.cloudinary.com/dpol0pyoo/image/fetch/c_crop,g_face/w_150,h_195,g_north/https://res.cloudinary.com/dpol0pyoo/image/upload/v1787991060/idf_memorials/pid_2036.webp"
2037,"https://res.cloudinary.com/dpol0pyoo/image/fetch/c_crop,g_face/w_150,h_195,g_north/https://res.cloudinary.com/dpol0pyoo/image/upload/v1787991063/idf_memorials/pid_2037.webp"
2039,"https://res.cloudinary.com/dpol0pyoo/image/fetch/c_crop,g_face/w_150,h_195,g_north/https://res.cloudinary.com/dpol0pyoo/image/upload/v1787991064/idf_memorials/pid_2039.webp"
2042,"https://res.cloudinary.com/dpol0pyoo/image/fetch/c_crop,g_face/w_150,h_195,g_north/https://res.cloudinary.com/dpol0pyoo/image/upload/v1787991065/idf_memorials/pid_2042.webp"
2044,"https://res.cloudinary.com/dpol0pyoo/image/fetch/c_crop,g_face/w_150,h_195,g_north/https://res.cloudinary.com/dpol0pyoo/image/upload/v1787991067/idf_memorials/pid_2044.webp"
2045,"https://res.cloudinary.com/dpol0pyoo/image/fetch/c_crop,g_face/w_150,h_195,g_north/https://res.cloudinary.com/dpol0pyoo/image/upload/v1787991068/idf_memorials/pid_2045.webp"
2046,"https://res.cloudinary.com/dpol0pyoo/image/fetch/c_crop,g_face/w_150,h_195,g_north/https://res.cloudinary.com/dpol0pyoo/image/upload/v1787991070/idf_memorials/pid_2046.webp"
2047,"https://res.cloudinary.com/dpol0pyoo/image/fetch/c_crop,g_face/w_150,h_195,g_north/https://res.cloudinary.com/dpol0pyoo/image/upload/v1787991071/idf_memorials/pid_2047.webp"
2048,"https://res.cloudinary.com/dpol0pyoo/image/fetch/c_crop,g_face/w_150,h_195,g_north/https://res.cloudinary.com/dpol0pyoo/image/upload/v1787991073/idf_memorials/pid_2048.webp"
2049,"https://res.cloudinary.com/dpol0pyoo/image/fetch/c_crop,g_face/w_150,h_195,g_north/https://res.cloudinary.com/dpol0pyoo/image/upload/v1787991074/idf_memorials/pid_2049.webp"
2050,"https://res.cloudinary.com/dpol0pyoo/image/fetch/c_crop,g_face/w_150,h_195,g_north/https://res.cloudinary.com/dpol0pyoo/image/upload/v1787991076/idf_memorials/pid_2050.webp"
2051,"https://res.cloudinary.com/dpol0pyoo/image/fetch/c_crop,g_face/w_150,h_195,g_north/https://res.cloudinary.com/dpol0pyoo/image/upload/v1787991077/idf_memorials/pid_2051.webp"
2052,"https://res.cloudinary.com/dpol0pyoo/image/fetch/c_crop,g_face/w_150,h_195,g_north/https://res.cloudinary.com/dpol0pyoo/image/upload/v1787991079/idf_memorials/pid_2052.webp"
2053,"https://res.cloudinary.com/dpol0pyoo/image/fetch/c_crop,g_face/w_150,h_195,g_north/https://res.cloudinary.com/dpol0pyoo/image/upload/v1787991080/idf_memorials/pid_2053.webp"
2054,"https://res.cloudinary.com/dpol0pyoo/image/fetch/c_crop,g_face/w_150,h_195,g_north/https://res.cloudinary.com/dpol0pyoo/image/upload/v1787991081/idf_memorials/pid_2054.webp"
2055,"https://res.cloudinary.com/dpol0pyoo/image/fetch/c_crop,g_face/w_150,h_195,g_north/https://res.cloudinary.com/dpol0pyoo/image/upload/v1787991083/idf_memorials/pid_2055.webp"
2056,"https://res.cloudinary.com/dpol0pyoo/image/fetch/c_crop,g_face/w_150,h_195,g_north/https://res.cloudinary.com/dpol0pyoo/image/upload/v1787991085/idf_memorials/pid_2056.webp"
2057,"https://res.cloudinary.com/dpol0pyoo/image/fetch/c_crop,g_face/w_150,h_195,g_north/https://res.cloudinary.com/dpol0pyoo/image/upload/v1787991087/idf_memorials/pid_2057.webp"
2058,"https://res.cloudinary.com/dpol0pyoo/image/fetch/c_crop,g_face/w_150,h_195,g_north/https://res.cloudinary.com/dpol0pyoo/image/upload/v1787991088/idf_memorials/pid_2058.webp"
2059,"https://res.cloudinary.com/dpol0pyoo/image/fetch/c_crop,g_face/w_150,h_195,g_north/https://res.cloudinary.com/dpol0pyoo/image/upload/v1787991090/idf_memorials/pid_2059.webp"
2060,"https://res.cloudinary.com/dpol0pyoo/image/fetch/c_crop,g_face/w_150,h_195,g_north/https://res.cloudinary.com/dpol0pyoo/image/upload/v1787991091/idf_memorials/pid_2060.webp"
2061,"https://res.cloudinary.com/dpol0pyoo/image/fetch/c_crop,g_face/w_150,h_195,g_north/https://res.cloudinary.com/dpol0pyoo/image/upload/v1787991093/idf_memorials/pid_2061.webp"
2062,"https://res.cloudinary.com/dpol0pyoo/image/fetch/c_crop,g_face/w_150,h_195,g_north/https://res.cloudinary.com/dpol0pyoo/image/upload/v1787991095/idf_memorials/pid_2062.webp"
2063,"https://res.cloudinary.com/dpol0pyoo/image/fetch/c_crop,g_face/w_150,h_195,g_north/https://res.cloudinary.com/dpol0pyoo/image/upload/v1787991096/idf_memorials/pid_2063.webp"
2064,"https://res.cloudinary.com/dpol0pyoo/image/fetch/c_crop,g_face/w_150,h_195,g_north/https://res.cloudinary.com/dpol0pyoo/image/upload/v1787991097/idf_memorials/pid_2064.webp"
2065,"https://res.cloudinary.com/dpol0pyoo/image/fetch/c_crop,g_face/w_150,h_195,g_north/https://res.cloudinary.com/dpol0pyoo/image/upload/v1787991099/idf_memorials/pid_2065.webp"
2066,"https://res.cloudinary.com/dpol0pyoo/image/fetch/c_crop,g_face/w_150,h_195,g_north/https://res.cloudinary.com/dpol0pyoo/image/upload/v1787991100/idf_memorials/pid_2066.webp"
2067,"https://res.cloudinary.com/dpol0pyoo/image/fetch/c_crop,g_face/w_150,h_195,g_north/https://res.cloudinary.com/dpol0pyoo/image/upload/v1787991101/idf_memorials/pid_2067.webp"
2068,"https://res.cloudinary.com/dpol0pyoo/image/fetch/c_crop,g_face/w_150,h_195,g_north/https://res.cloudinary.com/dpol0pyoo/image/upload/v1787991103/idf_memorials/pid_2068.webp"
2069,"https://res.cloudinary.com/dpol0pyoo/image/fetch/c_crop,g_face/w_150,h_195,g_north/https://res.cloudinary.com/dpol0pyoo/image/upload/v1787991105/idf_memorials/pid_2069.webp"
2070,"https://res.cloudinary.com/dpol0pyoo/image/fetch/c_crop,g_face/w_150,h_195,g_north/https://res.cloudinary.com/dpol0pyoo/image/upload/v1787991106/idf_memorials/pid_2070.webp"
2071,"https://res.cloudinary.com/dpol0pyoo/image/fetch/c_crop,g_face/w_150,h_195,g_north/https://res.cloudinary.com/dpol0pyoo/image/upload/v1787991108/idf_memorials/pid_2071.webp"
2072,"https://res.cloudinary.com/dpol0pyoo/image/fetch/c_crop,g_face/w_150,h_195,g_north/https://res.cloudinary.com/dpol0pyoo/image/upload/v1787991109/idf_memorials/pid_2072.webp"
2073,"https://res.cloudinary.com/dpol0pyoo/image/fetch/c_crop,g_face/w_150,h_195,g_north/https://res.cloudinary.com/dpol0pyoo/image/upload/v1787991110/idf_memorials/pid_2073.webp"
2074,"https://res.cloudinary.com/dpol0pyoo/image/fetch/c_crop,g_face/w_150,h_195,g_north/https://res.cloudinary.com/dpol0pyoo/image/upload/v1787991112/idf_memorials/pid_2074.webp"
2075,"https://res.cloudinary.com/dpol0pyoo/image/fetch/c_crop,g_face/w_150,h_195,g_north/https://res.cloudinary.com/dpol0pyoo/image/upload/v1787991113/idf_memorials/pid_2075.webp"
2076,"https://res.cloudinary.com/dpol0pyoo/image/fetch/c_crop,g_face/w_150,h_195,g_north/https://res.cloudinary.com/dpol0pyoo/image/upload/v1787991115/idf_memorials/pid_2076.webp"
2077,"https://res.cloudinary.com/dpol0pyoo/image/fetch/c_crop,g_face/w_150,h_195,g_north/https://res.cloudinary.com/dpol0pyoo/image/upload/v1787991116/idf_memorials/pid_2077.webp"
2078,"https://res.cloudinary.com/dpol0pyoo/image/fetch/c_crop,g_face/w_150,h_195,g_north/https://res.cloudinary.com/dpol0pyoo/image/upload/v1787991117/idf_memorials/pid_2078.webp"
2080,"https://res.cloudinary.com/dpol0pyoo/image/fetch/c_crop,g_face/w_150,h_195,g_north/https://res.cloudinary.com/dpol0pyoo/image/upload/v1787991118/idf_memorials/pid_2080.webp"
2081,"https://res.cloudinary.com/dpol0pyoo/image/fetch/c_crop,g_face/w_150,h_195,g_north/https://res.cloudinary.com/dpol0pyoo/image/upload/v1787991121/idf_memorials/pid_2081.webp"
2083,"https://res.cloudinary.com/dpol0pyoo/image/fetch/c_crop,g_face/w_150,h_195,g_north/https://res.cloudinary.com/dpol0pyoo/image/upload/v1787991122/idf_memorials/pid_2083.webp"
2084,"https://res.cloudinary.com/dpol0pyoo/image/fetch/c_crop,g_face/w_150,h_195,g_north/https://res.cloudinary.com/dpol0pyoo/image/upload/v1787991124/idf_memorials/pid_2084.webp"
2085,"https://res.cloudinary.com/dpol0pyoo/image/fetch/c_crop,g_face/w_150,h_195,g_north/https://res.cloudinary.com/dpol0pyoo/image/upload/v1787991126/idf_memorials/pid_2085.webp"
2086,"https://res.cloudinary.com/dpol0pyoo/image/fetch/c_crop,g_face/w_150,h_195,g_north/https://res.cloudinary.com/dpol0pyoo/image/upload/v1787991127/idf_memorials/pid_2086.webp"
2087,"https://res.cloudinary.com/dpol0pyoo/image/fetch/c_crop,g_face/w_150,h_195,g_north/https://res.cloudinary.com/dpol0pyoo/image/upload/v1787991129/idf_memorials/pid_2087.webp"
2088,"https://res.cloudinary.com/dpol0pyoo/image/fetch/c_crop,g_face/w_150,h_195,g_north/https://res.cloudinary.com/dpol0pyoo/image/upload/v1787991130/idf_memorials/pid_2088.webp"
2089,"https://res.cloudinary.com/dpol0pyoo/image/fetch/c_crop,g_face/w_150,h_195,g_north/https://res.cloudinary.com/dpol0pyoo/image/upload/v1787991131/idf_memorials/pid_2089.webp"
2090,"https://res.cloudinary.com/dpol0pyoo/image/fetch/c_crop,g_face/w_150,h_195,g_north/https://res.cloudinary.com/dpol0pyoo/image/upload/v1787991133/idf_memorials/pid_2090.webp"
2091,"https://res.cloudinary.com/dpol0pyoo/image/fetch/c_crop,g_face/w_150,h_195,g_north/https://res.cloudinary.com/dpol0pyoo/image/upload/v1787991134/idf_memorials/pid_2091.webp"
2092,"https://res.cloudinary.com/dpol0pyoo/image/fetch/c_crop,g_face/w_150,h_195,g_north/https://res.cloudinary.com/dpol0pyoo/image/upload/v1787991136/idf_memorials/pid_2092.webp"
2093,"https://res.cloudinary.com/dpol0pyoo/image/fetch/c_crop,g_face/w_150,h_195,g_north/https://res.cloudinary.com/dpol0pyoo/image/upload/v1787991138/idf_memorials/pid_2093.webp"
2094,"https://res.cloudinary.com/dpol0pyoo/image/fetch/c_crop,g_face/w_150,h_195,g_north/https://res.cloudinary.com/dpol0pyoo/image/upload/v1787991139/idf_memorials/pid_2094.webp"
2097,"https://res.cloudinary.com/dpol0pyoo/image/fetch/c_crop,g_face/w_150,h_195,g_north/https://res.cloudinary.com/dpol0pyoo/image/upload/v1787991142/idf_memorials/pid_2097.webp"
2098,"https://res.cloudinary.com/dpol0pyoo/image/fetch/c_crop,g_face/w_150,h_195,g_north/https://res.cloudinary.com/dpol0pyoo/image/upload/v1787991143/idf_memorials/pid_2098.webp"
2099,"https://res.cloudinary.com/dpol0pyoo/image/fetch/c_crop,g_face/w_150,h_195,g_north/https://res.cloudinary.com/dpol0pyoo/image/upload/v1787991145/idf_memorials/pid_2099.webp"
2100,"https://res.cloudinary.com/dpol0pyoo/image/fetch/c_crop,g_face/w_150,h_195,g_north/https://res.cloudinary.com/dpol0pyoo/image/upload/v1787991146/idf_memorials/pid_2100.webp"
2101,"https://res.cloudinary.com/dpol0pyoo/image/fetch/c_crop,g_face/w_150,h_195,g_north/https://res.cloudinary.com/dpol0pyoo/image/upload/v1787991147/idf_memorials/pid_2101.webp"
2102,"https://res.cloudinary.com/dpol0pyoo/image/fetch/c_crop,g_face/w_150,h_195,g_north/https://res.cloudinary.com/dpol0pyoo/image/upload/v1787991149/idf_memorials/pid_2102.webp"
2103,"https://res.cloudinary.com/dpol0pyoo/image/fetch/c_crop,g_face/w_150,h_195,g_north/https://res.cloudinary.com/dpol0pyoo/image/upload/v1787991151/idf_memorials/pid_2103.webp"
2105,"https://res.cloudinary.com/dpol0pyoo/image/fetch/c_crop,g_face/w_150,h_195,g_north/https://res.cloudinary.com/dpol0pyoo/image/upload/v1787991153/idf_memorials/pid_2105.webp"
2106,"https://res.cloudinary.com/dpol0pyoo/image/fetch/c_crop,g_face/w_150,h_195,g_north/https://res.cloudinary.com/dpol0pyoo/image/upload/v1787991155/idf_memorials/pid_2106.webp"
2107,"https://res.cloudinary.com/dpol0pyoo/image/fetch/c_crop,g_face/w_150,h_195,g_north/https://res.cloudinary.com/dpol0pyoo/image/upload/v1787991156/idf_memorials/pid_2107.webp"
2108,"https://res.cloudinary.com/dpol0pyoo/image/fetch/c_crop,g_face/w_150,h_195,g_north/https://res.cloudinary.com/dpol0pyoo/image/upload/v1787991157/idf_memorials/pid_2108.webp"
2109,"https://res.cloudinary.com/dpol0pyoo/image/fetch/c_crop,g_face/w_150,h_195,g_north/https://res.cloudinary.com/dpol0pyoo/image/upload/v1787991159/idf_memorials/pid_2109.webp"
2110,"https://res.cloudinary.com/dpol0pyoo/image/fetch/c_crop,g_face/w_150,h_195,g_north/https://res.cloudinary.com/dpol0pyoo/image/upload/v1787991160/idf_memorials/pid_2110.webp"
2112,"https://res.cloudinary.com/dpol0pyoo/image/fetch/c_crop,g_face/w_150,h_195,g_north/https://res.cloudinary.com/dpol0pyoo/image/upload/v1787991162/idf_memorials/pid_2112.webp"
2113,"https://res.cloudinary.com/dpol0pyoo/image/fetch/c_crop,g_face/w_150,h_195,g_north/https://res.cloudinary.com/dpol0pyoo/image/upload/v1787991164/idf_memorials/pid_2113.webp"
2114,"https://res.cloudinary.com/dpol0pyoo/image/fetch/c_crop,g_face/w_150,h_195,g_north/https://res.cloudinary.com/dpol0pyoo/image/upload/v1787991166/idf_memorials/pid_2114.webp"
2115,"https://res.cloudinary.com/dpol0pyoo/image/fetch/c_crop,g_face/w_150,h_195,g_north/https://res.cloudinary.com/dpol0pyoo/image/upload/v1787991167/idf_memorials/pid_2115.webp"
2116,"https://res.cloudinary.com/dpol0pyoo/image/fetch/c_crop,g_face/w_150,h_195,g_north/https://res.cloudinary.com/dpol0pyoo/image/upload/v1787991169/idf_memorials/pid_2116.webp"
2117,"https://res.cloudinary.com/dpol0pyoo/image/fetch/c_crop,g_face/w_150,h_195,g_north/https://res.cloudinary.com/dpol0pyoo/image/upload/v1787991171/idf_memorials/pid_2117.webp"
2118,"https://res.cloudinary.com/dpol0pyoo/image/fetch/c_crop,g_face/w_150,h_195,g_north/https://res.cloudinary.com/dpol0pyoo/image/upload/v1787991173/idf_memorials/pid_2118.webp"
2120,"https://res.cloudinary.com/dpol0pyoo/image/fetch/c_crop,g_face/w_150,h_195,g_north/https://res.cloudinary.com/dpol0pyoo/image/upload/v1787991175/idf_memorials/pid_2120.webp"
2121,"https://res.cloudinary.com/dpol0pyoo/image/fetch/c_crop,g_face/w_150,h_195,g_north/https://res.cloudinary.com/dpol0pyoo/image/upload/v1787991177/idf_memorials/pid_2121.webp"
2122,"https://res.cloudinary.com/dpol0pyoo/image/fetch/c_crop,g_face/w_150,h_195,g_north/https://res.cloudinary.com/dpol0pyoo/image/upload/v1787991179/idf_memorials/pid_2122.webp"
2123,"https://res.cloudinary.com/dpol0pyoo/image/fetch/c_crop,g_face/w_150,h_195,g_north/https://res.cloudinary.com/dpol0pyoo/image/upload/v1787991182/idf_memorials/pid_2123.webp"
2124,"https://res.cloudinary.com/dpol0pyoo/image/fetch/c_crop,g_face/w_150,h_195,g_north/https://res.cloudinary.com/dpol0pyoo/image/upload/v1787991183/idf_memorials/pid_2124.webp"
2125,"https://res.cloudinary.com/dpol0pyoo/image/fetch/c_crop,g_face/w_150,h_195,g_north/https://res.cloudinary.com/dpol0pyoo/image/upload/v1787991185/idf_memorials/pid_2125.webp"
2133,"https://res.cloudinary.com/dpol0pyoo/image/fetch/c_crop,g_face/w_150,h_195,g_north/https://res.cloudinary.com/dpol0pyoo/image/upload/v1787991186/idf_memorials/pid_2133.webp"
2134,"https://res.cloudinary.com/dpol0pyoo/image/fetch/c_crop,g_face/w_150,h_195,g_north/https://res.cloudinary.com/dpol0pyoo/image/upload/v1787991188/idf_memorials/pid_2134.webp"
2135,"https://res.cloudinary.com/dpol0pyoo/image/fetch/c_crop,g_face/w_150,h_195,g_north/https://res.cloudinary.com/dpol0pyoo/image/upload/v1787991189/idf_memorials/pid_2135.webp"
2136,"https://res.cloudinary.com/dpol0pyoo/image/fetch/c_crop,g_face/w_150,h_195,g_north/https://res.cloudinary.com/dpol0pyoo/image/upload/v1787991191/idf_memorials/pid_2136.webp"
2137,"https://res.cloudinary.com/dpol0pyoo/image/fetch/c_crop,g_face/w_150,h_195,g_north/https://res.cloudinary.com/dpol0pyoo/image/upload/v1787991192/idf_memorials/pid_2137.webp"
2138,"https://res.cloudinary.com/dpol0pyoo/image/fetch/c_crop,g_face/w_150,h_195,g_north/https://res.cloudinary.com/dpol0pyoo/image/upload/v1787991194/idf_memorials/pid_2138.webp"
2139,"https://res.cloudinary.com/dpol0pyoo/image/fetch/c_crop,g_face/w_150,h_195,g_north/https://res.cloudinary.com/dpol0pyoo/image/upload/v1787991197/idf_memorials/pid_2139.webp"
2140,"https://res.cloudinary.com/dpol0pyoo/image/fetch/c_crop,g_face/w_150,h_195,g_north/https://res.cloudinary.com/dpol0pyoo/image/upload/v1787991199/idf_memorials/pid_2140.webp"
2141,"https://res.cloudinary.com/dpol0pyoo/image/fetch/c_crop,g_face/w_150,h_195,g_north/https://res.cloudinary.com/dpol0pyoo/image/upload/v1787991201/idf_memorials/pid_2141.webp"
2142,"https://res.cloudinary.com/dpol0pyoo/image/fetch/c_crop,g_face/w_150,h_195,g_north/https://res.cloudinary.com/dpol0pyoo/image/upload/v1787991202/idf_memorials/pid_2142.webp"
2143,"https://res.cloudinary.com/dpol0pyoo/image/fetch/c_crop,g_face/w_150,h_195,g_north/https://res.cloudinary.com/dpol0pyoo/image/upload/v1787991203/idf_memorials/pid_2143.webp"
2144,"https://res.cloudinary.com/dpol0pyoo/image/fetch/c_crop,g_face/w_150,h_195,g_north/https://res.cloudinary.com/dpol0pyoo/image/upload/v1787991205/idf_memorials/pid_2144.webp"
2145,"https://res.cloudinary.com/dpol0pyoo/image/fetch/c_crop,g_face/w_150,h_195,g_north/https://res.cloudinary.com/dpol0pyoo/image/upload/v1787991207/idf_memorials/pid_2145.webp"
2146,"https://res.cloudinary.com/dpol0pyoo/image/fetch/c_crop,g_face/w_150,h_195,g_north/https://res.cloudinary.com/dpol0pyoo/image/upload/v1787991208/idf_memorials/pid_2146.webp"
2147,"https://res.cloudinary.com/dpol0pyoo/image/fetch/c_crop,g_face/w_150,h_195,g_north/https://res.cloudinary.com/dpol0pyoo/image/upload/v1787991209/idf_memorials/pid_2147.webp"
2149,"https://res.cloudinary.com/dpol0pyoo/image/fetch/c_crop,g_face/w_150,h_195,g_north/https://res.cloudinary.com/dpol0pyoo/image/upload/v1787991211/idf_memorials/pid_2149.webp"
2151,"https://res.cloudinary.com/dpol0pyoo/image/fetch/c_crop,g_face/w_150,h_195,g_north/https://res.cloudinary.com/dpol0pyoo/image/upload/v1787991213/idf_memorials/pid_2151.webp"
2152,"https://res.cloudinary.com/dpol0pyoo/image/fetch/c_crop,g_face/w_150,h_195,g_north/https://res.cloudinary.com/dpol0pyoo/image/upload/v1787991214/idf_memorials/pid_2152.webp"
2153,"https://res.cloudinary.com/dpol0pyoo/image/fetch/c_crop,g_face/w_150,h_195,g_north/https://res.cloudinary.com/dpol0pyoo/image/upload/v1787991215/idf_memorials/pid_2153.webp"
2154,"https://res.cloudinary.com/dpol0pyoo/image/fetch/c_crop,g_face/w_150,h_195,g_north/https://res.cloudinary.com/dpol0pyoo/image/upload/v1787991217/idf_memorials/pid_2154.webp"
2155,"https://res.cloudinary.com/dpol0pyoo/image/fetch/c_crop,g_face/w_150,h_195,g_north/https://res.cloudinary.com/dpol0pyoo/image/upload/v1787991219/idf_memorials/pid_2155.webp"
2156,"https://res.cloudinary.com/dpol0pyoo/image/fetch/c_crop,g_face/w_150,h_195,g_north/https://res.cloudinary.com/dpol0pyoo/image/upload/v1787991220/idf_memorials/pid_2156.webp"
2157,"https://res.cloudinary.com/dpol0pyoo/image/fetch/c_crop,g_face/w_150,h_195,g_north/https://res.cloudinary.com/dpol0pyoo/image/upload/v1787991223/idf_memorials/pid_2157.webp"
2158,"https://res.cloudinary.com/dpol0pyoo/image/fetch/c_crop,g_face/w_150,h_195,g_north/https://res.cloudinary.com/dpol0pyoo/image/upload/v1787991225/idf_memorials/pid_2158.webp"
2159,"https://res.cloudinary.com/dpol0pyoo/image/fetch/c_crop,g_face/w_150,h_195,g_north/https://res.cloudinary.com/dpol0pyoo/image/upload/v1787991227/idf_memorials/pid_2159.webp"
2160,"https://res.cloudinary.com/dpol0pyoo/image/fetch/c_crop,g_face/w_150,h_195,g_north/https://res.cloudinary.com/dpol0pyoo/image/upload/v1787991228/idf_memorials/pid_2160.webp"
2161,"https://res.cloudinary.com/dpol0pyoo/image/fetch/c_crop,g_face/w_150,h_195,g_north/https://res.cloudinary.com/dpol0pyoo/image/upload/v1787991230/idf_memorials/pid_2161.webp"
2162,"https://res.cloudinary.com/dpol0pyoo/image/fetch/c_crop,g_face/w_150,h_195,g_north/https://res.cloudinary.com/dpol0pyoo/image/upload/v1787991232/idf_memorials/pid_2162.webp"
2163,"https://res.cloudinary.com/dpol0pyoo/image/fetch/c_crop,g_face/w_150,h_195,g_north/https://res.cloudinary.com/dpol0pyoo/image/upload/v1787991234/idf_memorials/pid_2163.webp"
2164,"https://res.cloudinary.com/dpol0pyoo/image/fetch/c_crop,g_face/w_150,h_195,g_north/https://res.cloudinary.com/dpol0pyoo/image/upload/v1787991236/idf_memorials/pid_2164.webp"
2165,"https://res.cloudinary.com/dpol0pyoo/image/fetch/c_crop,g_face/w_150,h_195,g_north/https://res.cloudinary.com/dpol0pyoo/image/upload/v1787991237/idf_memorials/pid_2165.webp"
2166,"https://res.cloudinary.com/dpol0pyoo/image/fetch/c_crop,g_face/w_150,h_195,g_north/https://res.cloudinary.com/dpol0pyoo/image/upload/v1787991238/idf_memorials/pid_2166.webp"
2167,"https://res.cloudinary.com/dpol0pyoo/image/fetch/c_crop,g_face/w_150,h_195,g_north/https://res.cloudinary.com/dpol0pyoo/image/upload/v1787991241/idf_memorials/pid_2167.webp"
2169,"https://res.cloudinary.com/dpol0pyoo/image/fetch/c_crop,g_face/w_150,h_195,g_north/https://res.cloudinary.com/dpol0pyoo/image/upload/v1787991243/idf_memorials/pid_2169.webp"
2170,"https://res.cloudinary.com/dpol0pyoo/image/fetch/c_crop,g_face/w_150,h_195,g_north/https://res.cloudinary.com/dpol0pyoo/image/upload/v1787991245/idf_memorials/pid_2170.webp"
2171,"https://res.cloudinary.com/dpol0pyoo/image/fetch/c_crop,g_face/w_150,h_195,g_north/https://res.cloudinary.com/dpol0pyoo/image/upload/v1787991246/idf_memorials/pid_2171.webp"
2172,"https://res.cloudinary.com/dpol0pyoo/image/fetch/c_crop,g_face/w_150,h_195,g_north/https://res.cloudinary.com/dpol0pyoo/image/upload/v1787991247/idf_memorials/pid_2172.webp"
2173,"https://res.cloudinary.com/dpol0pyoo/image/fetch/c_crop,g_face/w_150,h_195,g_north/https://res.cloudinary.com/dpol0pyoo/image/upload/v1787991249/idf_memorials/pid_2173.webp"
2175,"https://res.cloudinary.com/dpol0pyoo/image/fetch/c_crop,g_face/w_150,h_195,g_north/https://res.cloudinary.com/dpol0pyoo/image/upload/v1787991250/idf_memorials/pid_2175.webp"
2176,"https://res.cloudinary.com/dpol0pyoo/image/fetch/c_crop,g_face/w_150,h_195,g_north/https://res.cloudinary.com/dpol0pyoo/image/upload/v1787991252/idf_memorials/pid_2176.webp"
2177,"https://res.cloudinary.com/dpol0pyoo/image/fetch/c_crop,g_face/w_150,h_195,g_north/https://res.cloudinary.com/dpol0pyoo/image/upload/v1787991253/idf_memorials/pid_2177.webp"
2178,"https://res.cloudinary.com/dpol0pyoo/image/fetch/c_crop,g_face/w_150,h_195,g_north/https://res.cloudinary.com/dpol0pyoo/image/upload/v1787991254/idf_memorials/pid_2178.webp"
2180,"https://res.cloudinary.com/dpol0pyoo/image/fetch/c_crop,g_face/w_150,h_195,g_north/https://res.cloudinary.com/dpol0pyoo/image/upload/v1787991256/idf_memorials/pid_2180.webp"
2181,"https://res.cloudinary.com/dpol0pyoo/image/fetch/c_crop,g_face/w_150,h_195,g_north/https://res.cloudinary.com/dpol0pyoo/image/upload/v1787991257/idf_memorials/pid_2181.webp"
2182,"https://res.cloudinary.com/dpol0pyoo/image/fetch/c_crop,g_face/w_150,h_195,g_north/https://res.cloudinary.com/dpol0pyoo/image/upload/v1787991259/idf_memorials/pid_2182.webp"
2183,"https://res.cloudinary.com/dpol0pyoo/image/fetch/c_crop,g_face/w_150,h_195,g_north/https://res.cloudinary.com/dpol0pyoo/image/upload/v1787991260/idf_memorials/pid_2183.webp"
2185,"https://res.cloudinary.com/dpol0pyoo/image/fetch/c_crop,g_face/w_150,h_195,g_north/https://res.cloudinary.com/dpol0pyoo/image/upload/v1787991262/idf_memorials/pid_2185.webp"
2186,"https://res.cloudinary.com/dpol0pyoo/image/fetch/c_crop,g_face/w_150,h_195,g_north/https://res.cloudinary.com/dpol0pyoo/image/upload/v1787991263/idf_memorials/pid_2186.webp"
2187,"https://res.cloudinary.com/dpol0pyoo/image/fetch/c_crop,g_face/w_150,h_195,g_north/https://res.cloudinary.com/dpol0pyoo/image/upload/v1787991264/idf_memorials/pid_2187.webp"
2188,"https://res.cloudinary.com/dpol0pyoo/image/fetch/c_crop,g_face/w_150,h_195,g_north/https://res.cloudinary.com/dpol0pyoo/image/upload/v1787991266/idf_memorials/pid_2188.webp"
2189,"https://res.cloudinary.com/dpol0pyoo/image/fetch/c_crop,g_face/w_150,h_195,g_north/https://res.cloudinary.com/dpol0pyoo/image/upload/v1787991268/idf_memorials/pid_2189.webp"
2190,"https://res.cloudinary.com/dpol0pyoo/image/fetch/c_crop,g_face/w_150,h_195,g_north/https://res.cloudinary.com/dpol0pyoo/image/upload/v1787991269/idf_memorials/pid_2190.webp"
2191,"https://res.cloudinary.com/dpol0pyoo/image/fetch/c_crop,g_face/w_150,h_195,g_north/https://res.cloudinary.com/dpol0pyoo/image/upload/v1787991271/idf_memorials/pid_2191.webp"
2192,"https://res.cloudinary.com/dpol0pyoo/image/fetch/c_crop,g_face/w_150,h_195,g_north/https://res.cloudinary.com/dpol0pyoo/image/upload/v1787991272/idf_memorials/pid_2192.webp"
2193,"https://res.cloudinary.com/dpol0pyoo/image/fetch/c_crop,g_face/w_150,h_195,g_north/https://res.cloudinary.com/dpol0pyoo/image/upload/v1787991273/idf_memorials/pid_2193.webp"
2194,"https://res.cloudinary.com/dpol0pyoo/image/fetch/c_crop,g_face/w_150,h_195,g_north/https://res.cloudinary.com/dpol0pyoo/image/upload/v1787991275/idf_memorials/pid_2194.webp"
2195,"https://res.cloudinary.com/dpol0pyoo/image/fetch/c_crop,g_face/w_150,h_195,g_north/https://res.cloudinary.com/dpol0pyoo/image/upload/v1787991276/idf_memorials/pid_2195.webp"
2196,"https://res.cloudinary.com/dpol0pyoo/image/fetch/c_crop,g_face/w_150,h_195,g_north/https://res.cloudinary.com/dpol0pyoo/image/upload/v1787991279/idf_memorials/pid_2196.webp"
2197,"https://res.cloudinary.com/dpol0pyoo/image/fetch/c_crop,g_face/w_150,h_195,g_north/https://res.cloudinary.com/dpol0pyoo/image/upload/v1787991280/idf_memorials/pid_2197.webp"
2198,"https://res.cloudinary.com/dpol0pyoo/image/fetch/c_crop,g_face/w_150,h_195,g_north/https://res.cloudinary.com/dpol0pyoo/image/upload/v1787991282/idf_memorials/pid_2198.webp"
2199,"https://res.cloudinary.com/dpol0pyoo/image/fetch/c_crop,g_face/w_150,h_195,g_north/https://res.cloudinary.com/dpol0pyoo/image/upload/v1787991283/idf_memorials/pid_2199.webp"
2200,"https://res.cloudinary.com/dpol0pyoo/image/fetch/c_crop,g_face/w_150,h_195,g_north/https://res.cloudinary.com/dpol0pyoo/image/upload/v1787991285/idf_memorials/pid_2200.webp"
2203,"https://res.cloudinary.com/dpol0pyoo/image/fetch/c_crop,g_face/w_150,h_195,g_north/https://res.cloudinary.com/dpol0pyoo/image/upload/v1787991287/idf_memorials/pid_2203.webp"
2204,"https://res.cloudinary.com/dpol0pyoo/image/fetch/c_crop,g_face/w_150,h_195,g_north/https://res.cloudinary.com/dpol0pyoo/image/upload/v1787991288/idf_memorials/pid_2204.webp"
2205,"https://res.cloudinary.com/dpol0pyoo/image/fetch/c_crop,g_face/w_150,h_195,g_north/https://res.cloudinary.com/dpol0pyoo/image/upload/v1787991290/idf_memorials/pid_2205.webp"
2206,"https://res.cloudinary.com/dpol0pyoo/image/fetch/c_crop,g_face/w_150,h_195,g_north/https://res.cloudinary.com/dpol0pyoo/image/upload/v1787991292/idf_memorials/pid_2206.webp"
2207,"https://res.cloudinary.com/dpol0pyoo/image/fetch/c_crop,g_face/w_150,h_195,g_north/https://res.cloudinary.com/dpol0pyoo/image/upload/v1787991293/idf_memorials/pid_2207.webp"
2208,"https://res.cloudinary.com/dpol0pyoo/image/fetch/c_crop,g_face/w_150,h_195,g_north/https://res.cloudinary.com/dpol0pyoo/image/upload/v1787991295/idf_memorials/pid_2208.webp"
2209,"https://res.cloudinary.com/dpol0pyoo/image/fetch/c_crop,g_face/w_150,h_195,g_north/https://res.cloudinary.com/dpol0pyoo/image/upload/v1787991296/idf_memorials/pid_2209.webp"
2210,"https://res.cloudinary.com/dpol0pyoo/image/fetch/c_crop,g_face/w_150,h_195,g_north/https://res.cloudinary.com/dpol0pyoo/image/upload/v1787991297/idf_memorials/pid_2210.webp"
2211,"https://res.cloudinary.com/dpol0pyoo/image/fetch/c_crop,g_face/w_150,h_195,g_north/https://res.cloudinary.com/dpol0pyoo/image/upload/v1787991299/idf_memorials/pid_2211.webp"
2212,"https://res.cloudinary.com/dpol0pyoo/image/fetch/c_crop,g_face/w_150,h_195,g_north/https://res.cloudinary.com/dpol0pyoo/image/upload/v1787991301/idf_memorials/pid_2212.webp"
2213,"https://res.cloudinary.com/dpol0pyoo/image/fetch/c_crop,g_face/w_150,h_195,g_north/https://res.cloudinary.com/dpol0pyoo/image/upload/v1787991302/idf_memorials/pid_2213.webp"
2214,"https://res.cloudinary.com/dpol0pyoo/image/fetch/c_crop,g_face/w_150,h_195,g_north/https://res.cloudinary.com/dpol0pyoo/image/upload/v1787991304/idf_memorials/pid_2214.webp"
2215,"https://res.cloudinary.com/dpol0pyoo/image/fetch/c_crop,g_face/w_150,h_195,g_north/https://res.cloudinary.com/dpol0pyoo/image/upload/v1787991306/idf_memorials/pid_2215.webp"
2216,"https://res.cloudinary.com/dpol0pyoo/image/fetch/c_crop,g_face/w_150,h_195,g_north/https://res.cloudinary.com/dpol0pyoo/image/upload/v1787991307/idf_memorials/pid_2216.webp"
2217,"https://res.cloudinary.com/dpol0pyoo/image/fetch/c_crop,g_face/w_150,h_195,g_north/https://res.cloudinary.com/dpol0pyoo/image/upload/v1787991309/idf_memorials/pid_2217.webp"
2218,"https://res.cloudinary.com/dpol0pyoo/image/fetch/c_crop,g_face/w_150,h_195,g_north/https://res.cloudinary.com/dpol0pyoo/image/upload/v1787991311/idf_memorials/pid_2218.webp"
2219,"https://res.cloudinary.com/dpol0pyoo/image/fetch/c_crop,g_face/w_150,h_195,g_north/https://res.cloudinary.com/dpol0pyoo/image/upload/v1787991312/idf_memorials/pid_2219.webp"
2220,"https://res.cloudinary.com/dpol0pyoo/image/fetch/c_crop,g_face/w_150,h_195,g_north/https://res.cloudinary.com/dpol0pyoo/image/upload/v1787991314/idf_memorials/pid_2220.webp"
2221,"https://res.cloudinary.com/dpol0pyoo/image/fetch/c_crop,g_face/w_150,h_195,g_north/https://res.cloudinary.com/dpol0pyoo/image/upload/v1787991315/idf_memorials/pid_2221.webp"
2222,"https://res.cloudinary.com/dpol0pyoo/image/fetch/c_crop,g_face/w_150,h_195,g_north/https://res.cloudinary.com/dpol0pyoo/image/upload/v1787991316/idf_memorials/pid_2222.webp"
2223,"https://res.cloudinary.com/dpol0pyoo/image/fetch/c_crop,g_face/w_150,h_195,g_north/https://res.cloudinary.com/dpol0pyoo/image/upload/v1787991318/idf_memorials/pid_2223.webp"
2224,"https://res.cloudinary.com/dpol0pyoo/image/fetch/c_crop,g_face/w_150,h_195,g_north/https://res.cloudinary.com/dpol0pyoo/image/upload/v1787991319/idf_memorials/pid_2224.webp"
2225,"https://res.cloudinary.com/dpol0pyoo/image/fetch/c_crop,g_face/w_150,h_195,g_north/https://res.cloudinary.com/dpol0pyoo/image/upload/v1787991320/idf_memorials/pid_2225.webp"
2226,"https://res.cloudinary.com/dpol0pyoo/image/fetch/c_crop,g_face/w_150,h_195,g_north/https://res.cloudinary.com/dpol0pyoo/image/upload/v1787991322/idf_memorials/pid_2226.webp"
2227,"https://res.cloudinary.com/dpol0pyoo/image/fetch/c_crop,g_face/w_150,h_195,g_north/https://res.cloudinary.com/dpol0pyoo/image/upload/v1787991324/idf_memorials/pid_2227.webp"
2228,"https://res.cloudinary.com/dpol0pyoo/image/fetch/c_crop,g_face/w_150,h_195,g_north/https://res.cloudinary.com/dpol0pyoo/image/upload/v1787991326/idf_memorials/pid_2228.webp"
2229,"https://res.cloudinary.com/dpol0pyoo/image/fetch/c_crop,g_face/w_150,h_195,g_north/https://res.cloudinary.com/dpol0pyoo/image/upload/v1787991327/idf_memorials/pid_2229.webp"
2230,"https://res.cloudinary.com/dpol0pyoo/image/fetch/c_crop,g_face/w_150,h_195,g_north/https://res.cloudinary.com/dpol0pyoo/image/upload/v1787991328/idf_memorials/pid_2230.webp"
2231,"https://res.cloudinary.com/dpol0pyoo/image/fetch/c_crop,g_face/w_150,h_195,g_north/https://res.cloudinary.com/dpol0pyoo/image/upload/v1787991330/idf_memorials/pid_2231.webp"
2232,"https://res.cloudinary.com/dpol0pyoo/image/fetch/c_crop,g_face/w_150,h_195,g_north/https://res.cloudinary.com/dpol0pyoo/image/upload/v1787991331/idf_memorials/pid_2232.webp"
2234,"https://res.cloudinary.com/dpol0pyoo/image/fetch/c_crop,g_face/w_150,h_195,g_north/https://res.cloudinary.com/dpol0pyoo/image/upload/v1787991333/idf_memorials/pid_2234.webp"
2236,"https://res.cloudinary.com/dpol0pyoo/image/fetch/c_crop,g_face/w_150,h_195,g_north/https://res.cloudinary.com/dpol0pyoo/image/upload/v1787991334/idf_memorials/pid_2236.webp"
2237,"https://res.cloudinary.com/dpol0pyoo/image/fetch/c_crop,g_face/w_150,h_195,g_north/https://res.cloudinary.com/dpol0pyoo/image/upload/v1787991336/idf_memorials/pid_2237.webp"
2238,"https://res.cloudinary.com/dpol0pyoo/image/fetch/c_crop,g_face/w_150,h_195,g_north/https://res.cloudinary.com/dpol0pyoo/image/upload/v1787991337/idf_memorials/pid_2238.webp"
2239,"https://res.cloudinary.com/dpol0pyoo/image/fetch/c_crop,g_face/w_150,h_195,g_north/https://res.cloudinary.com/dpol0pyoo/image/upload/v1787991338/idf_memorials/pid_2239.webp"
2240,"https://res.cloudinary.com/dpol0pyoo/image/fetch/c_crop,g_face/w_150,h_195,g_north/https://res.cloudinary.com/dpol0pyoo/image/upload/v1787991340/idf_memorials/pid_2240.webp"
2241,"https://res.cloudinary.com/dpol0pyoo/image/fetch/c_crop,g_face/w_150,h_195,g_north/https://res.cloudinary.com/dpol0pyoo/image/upload/v1787991341/idf_memorials/pid_2241.webp"
2243,"https://res.cloudinary.com/dpol0pyoo/image/fetch/c_crop,g_face/w_150,h_195,g_north/https://res.cloudinary.com/dpol0pyoo/image/upload/v1787991343/idf_memorials/pid_2243.webp"
2244,"https://res.cloudinary.com/dpol0pyoo/image/fetch/c_crop,g_face/w_150,h_195,g_north/https://res.cloudinary.com/dpol0pyoo/image/upload/v1787991345/idf_memorials/pid_2244.webp"
2245,"https://res.cloudinary.com/dpol0pyoo/image/fetch/c_crop,g_face/w_150,h_195,g_north/https://res.cloudinary.com/dpol0pyoo/image/upload/v1787991347/idf_memorials/pid_2245.webp"
2246,"https://res.cloudinary.com/dpol0pyoo/image/fetch/c_crop,g_face/w_150,h_195,g_north/https://res.cloudinary.com/dpol0pyoo/image/upload/v1787991348/idf_memorials/pid_2246.webp"
2247,"https://res.cloudinary.com/dpol0pyoo/image/fetch/c_crop,g_face/w_150,h_195,g_north/https://res.cloudinary.com/dpol0pyoo/image/upload/v1787991350/idf_memorials/pid_2247.webp"
2248,"https://res.cloudinary.com/dpol0pyoo/image/fetch/c_crop,g_face/w_150,h_195,g_north/https://res.cloudinary.com/dpol0pyoo/image/upload/v1787991351/idf_memorials/pid_2248.webp"
2249,"https://res.cloudinary.com/dpol0pyoo/image/fetch/c_crop,g_face/w_150,h_195,g_north/https://res.cloudinary.com/dpol0pyoo/image/upload/v1787991353/idf_memorials/pid_2249.webp"
2250,"https://res.cloudinary.com/dpol0pyoo/image/fetch/c_crop,g_face/w_150,h_195,g_north/https://res.cloudinary.com/dpol0pyoo/image/upload/v1787991354/idf_memorials/pid_2250.webp"
2251,"https://res.cloudinary.com/dpol0pyoo/image/fetch/c_crop,g_face/w_150,h_195,g_north/https://res.cloudinary.com/dpol0pyoo/image/upload/v1787991356/idf_memorials/pid_2251.webp"
2252,"https://res.cloudinary.com/dpol0pyoo/image/fetch/c_crop,g_face/w_150,h_195,g_north/https://res.cloudinary.com/dpol0pyoo/image/upload/v1787991357/idf_memorials/pid_2252.webp"
2253,"https://res.cloudinary.com/dpol0pyoo/image/fetch/c_crop,g_face/w_150,h_195,g_north/https://res.cloudinary.com/dpol0pyoo/image/upload/v1787991359/idf_memorials/pid_2253.webp"
2254,"https://res.cloudinary.com/dpol0pyoo/image/fetch/c_crop,g_face/w_150,h_195,g_north/https://res.cloudinary.com/dpol0pyoo/image/upload/v1787991360/idf_memorials/pid_2254.webp"
2255,"https://res.cloudinary.com/dpol0pyoo/image/fetch/c_crop,g_face/w_150,h_195,g_north/https://res.cloudinary.com/dpol0pyoo/image/upload/v1787991362/idf_memorials/pid_2255.webp"
2258,"https://res.cloudinary.com/dpol0pyoo/image/fetch/c_crop,g_face/w_150,h_195,g_north/https://res.cloudinary.com/dpol0pyoo/image/upload/v1787991364/idf_memorials/pid_2258.webp"
2259,"https://res.cloudinary.com/dpol0pyoo/image/fetch/c_crop,g_face/w_150,h_195,g_north/https://res.cloudinary.com/dpol0pyoo/image/upload/v1787991366/idf_memorials/pid_2259.webp"
2260,"https://res.cloudinary.com/dpol0pyoo/image/fetch/c_crop,g_face/w_150,h_195,g_north/https://res.cloudinary.com/dpol0pyoo/image/upload/v1787991367/idf_memorials/pid_2260.webp"
2261,"https://res.cloudinary.com/dpol0pyoo/image/fetch/c_crop,g_face/w_150,h_195,g_north/https://res.cloudinary.com/dpol0pyoo/image/upload/v1787991368/idf_memorials/pid_2261.webp"
2262,"https://res.cloudinary.com/dpol0pyoo/image/fetch/c_crop,g_face/w_150,h_195,g_north/https://res.cloudinary.com/dpol0pyoo/image/upload/v1787991370/idf_memorials/pid_2262.webp"
2263,"https://res.cloudinary.com/dpol0pyoo/image/fetch/c_crop,g_face/w_150,h_195,g_north/https://res.cloudinary.com/dpol0pyoo/image/upload/v1787991371/idf_memorials/pid_2263.webp"
2265,"https://res.cloudinary.com/dpol0pyoo/image/fetch/c_crop,g_face/w_150,h_195,g_north/https://res.cloudinary.com/dpol0pyoo/image/upload/v1787991374/idf_memorials/pid_2265.webp"
2266,"https://res.cloudinary.com/dpol0pyoo/image/fetch/c_crop,g_face/w_150,h_195,g_north/https://res.cloudinary.com/dpol0pyoo/image/upload/v1787991376/idf_memorials/pid_2266.webp"
2267,"https://res.cloudinary.com/dpol0pyoo/image/fetch/c_crop,g_face/w_150,h_195,g_north/https://res.cloudinary.com/dpol0pyoo/image/upload/v1787991378/idf_memorials/pid_2267.webp"
2268,"https://res.cloudinary.com/dpol0pyoo/image/fetch/c_crop,g_face/w_150,h_195,g_north/https://res.cloudinary.com/dpol0pyoo/image/upload/v1787991379/idf_memorials/pid_2268.webp"
2269,"https://res.cloudinary.com/dpol0pyoo/image/fetch/c_crop,g_face/w_150,h_195,g_north/https://res.cloudinary.com/dpol0pyoo/image/upload/v1787991381/idf_memorials/pid_2269.webp"
2270,"https://res.cloudinary.com/dpol0pyoo/image/fetch/c_crop,g_face/w_150,h_195,g_north/https://res.cloudinary.com/dpol0pyoo/image/upload/v1787991382/idf_memorials/pid_2270.webp"
2271,"https://res.cloudinary.com/dpol0pyoo/image/fetch/c_crop,g_face/w_150,h_195,g_north/https://res.cloudinary.com/dpol0pyoo/image/upload/v1787991383/idf_memorials/pid_2271.webp"
2272,"https://res.cloudinary.com/dpol0pyoo/image/fetch/c_crop,g_face/w_150,h_195,g_north/https://res.cloudinary.com/dpol0pyoo/image/upload/v1787991385/idf_memorials/pid_2272.webp"
2273,"https://res.cloudinary.com/dpol0pyoo/image/fetch/c_crop,g_face/w_150,h_195,g_north/https://res.cloudinary.com/dpol0pyoo/image/upload/v1787991387/idf_memorials/pid_2273.webp"
2274,"https://res.cloudinary.com/dpol0pyoo/image/fetch/c_crop,g_face/w_150,h_195,g_north/https://res.cloudinary.com/dpol0pyoo/image/upload/v1787991389/idf_memorials/pid_2274.webp"
2275,"https://res.cloudinary.com/dpol0pyoo/image/fetch/c_crop,g_face/w_150,h_195,g_north/https://res.cloudinary.com/dpol0pyoo/image/upload/v1787991390/idf_memorials/pid_2275.webp"
2276,"https://res.cloudinary.com/dpol0pyoo/image/fetch/c_crop,g_face/w_150,h_195,g_north/https://res.cloudinary.com/dpol0pyoo/image/upload/v1787991391/idf_memorials/pid_2276.webp"
2277,"https://res.cloudinary.com/dpol0pyoo/image/fetch/c_crop,g_face/w_150,h_195,g_north/https://res.cloudinary.com/dpol0pyoo/image/upload/v1787991393/idf_memorials/pid_2277.webp"
2278,"https://res.cloudinary.com/dpol0pyoo/image/fetch/c_crop,g_face/w_150,h_195,g_north/https://res.cloudinary.com/dpol0pyoo/image/upload/v1787991396/idf_memorials/pid_2278.webp"
2279,"https://res.cloudinary.com/dpol0pyoo/image/fetch/c_crop,g_face/w_150,h_195,g_north/https://res.cloudinary.com/dpol0pyoo/image/upload/v1787991398/idf_memorials/pid_2279.webp"
2280,"https://res.cloudinary.com/dpol0pyoo/image/fetch/c_crop,g_face/w_150,h_195,g_north/https://res.cloudinary.com/dpol0pyoo/image/upload/v1787991399/idf_memorials/pid_2280.webp"
2281,"https://res.cloudinary.com/dpol0pyoo/image/fetch/c_crop,g_face/w_150,h_195,g_north/https://res.cloudinary.com/dpol0pyoo/image/upload/v1787991401/idf_memorials/pid_2281.webp"
2282,"https://res.cloudinary.com/dpol0pyoo/image/fetch/c_crop,g_face/w_150,h_195,g_north/https://res.cloudinary.com/dpol0pyoo/image/upload/v1787991402/idf_memorials/pid_2282.webp"
2286,"https://res.cloudinary.com/dpol0pyoo/image/fetch/c_crop,g_face/w_150,h_195,g_north/https://res.cloudinary.com/dpol0pyoo/image/upload/v1787991403/idf_memorials/pid_2286.webp"
2287,"https://res.cloudinary.com/dpol0pyoo/image/fetch/c_crop,g_face/w_150,h_195,g_north/https://res.cloudinary.com/dpol0pyoo/image/upload/v1787991405/idf_memorials/pid_2287.webp"
2288,"https://res.cloudinary.com/dpol0pyoo/image/fetch/c_crop,g_face/w_150,h_195,g_north/https://res.cloudinary.com/dpol0pyoo/image/upload/v1787991407/idf_memorials/pid_2288.webp"
2289,"https://res.cloudinary.com/dpol0pyoo/image/fetch/c_crop,g_face/w_150,h_195,g_north/https://res.cloudinary.com/dpol0pyoo/image/upload/v1787991408/idf_memorials/pid_2289.webp"
2291,"https://res.cloudinary.com/dpol0pyoo/image/fetch/c_crop,g_face/w_150,h_195,g_north/https://res.cloudinary.com/dpol0pyoo/image/upload/v1787991410/idf_memorials/pid_2291.webp"
2292,"https://res.cloudinary.com/dpol0pyoo/image/fetch/c_crop,g_face/w_150,h_195,g_north/https://res.cloudinary.com/dpol0pyoo/image/upload/v1787991411/idf_memorials/pid_2292.webp"
2293,"https://res.cloudinary.com/dpol0pyoo/image/fetch/c_crop,g_face/w_150,h_195,g_north/https://res.cloudinary.com/dpol0pyoo/image/upload/v1787991413/idf_memorials/pid_2293.webp"
2294,"https://res.cloudinary.com/dpol0pyoo/image/fetch/c_crop,g_face/w_150,h_195,g_north/https://res.cloudinary.com/dpol0pyoo/image/upload/v1787991414/idf_memorials/pid_2294.webp"
2295,"https://res.cloudinary.com/dpol0pyoo/image/fetch/c_crop,g_face/w_150,h_195,g_north/https://res.cloudinary.com/dpol0pyoo/image/upload/v1787991415/idf_memorials/pid_2295.webp"
2296,"https://res.cloudinary.com/dpol0pyoo/image/fetch/c_crop,g_face/w_150,h_195,g_north/https://res.cloudinary.com/dpol0pyoo/image/upload/v1787991417/idf_memorials/pid_2296.webp"
2297,"https://res.cloudinary.com/dpol0pyoo/image/fetch/c_crop,g_face/w_150,h_195,g_north/https://res.cloudinary.com/dpol0pyoo/image/upload/v1787991418/idf_memorials/pid_2297.webp"
2299,"https://res.cloudinary.com/dpol0pyoo/image/fetch/c_crop,g_face/w_150,h_195,g_north/https://res.cloudinary.com/dpol0pyoo/image/upload/v1787991420/idf_memorials/pid_2299.webp"
2300,"https://res.cloudinary.com/dpol0pyoo/image/fetch/c_crop,g_face/w_150,h_195,g_north/https://res.cloudinary.com/dpol0pyoo/image/upload/v1787991422/idf_memorials/pid_2300.webp"
2301,"https://res.cloudinary.com/dpol0pyoo/image/fetch/c_crop,g_face/w_150,h_195,g_north/https://res.cloudinary.com/dpol0pyoo/image/upload/v1787991424/idf_memorials/pid_2301.webp"
2302,"https://res.cloudinary.com/dpol0pyoo/image/fetch/c_crop,g_face/w_150,h_195,g_north/https://res.cloudinary.com/dpol0pyoo/image/upload/v1787991425/idf_memorials/pid_2302.webp"
2305,"https://res.cloudinary.com/dpol0pyoo/image/fetch/c_crop,g_face/w_150,h_195,g_north/https://res.cloudinary.com/dpol0pyoo/image/upload/v1787991427/idf_memorials/pid_2305.webp"
2307,"https://res.cloudinary.com/dpol0pyoo/image/fetch/c_crop,g_face/w_150,h_195,g_north/https://res.cloudinary.com/dpol0pyoo/image/upload/v1787991430/idf_memorials/pid_2307.webp"
2308,"https://res.cloudinary.com/dpol0pyoo/image/fetch/c_crop,g_face/w_150,h_195,g_north/https://res.cloudinary.com/dpol0pyoo/image/upload/v1787991431/idf_memorials/pid_2308.webp"
2309,"https://res.cloudinary.com/dpol0pyoo/image/fetch/c_crop,g_face/w_150,h_195,g_north/https://res.cloudinary.com/dpol0pyoo/image/upload/v1787991433/idf_memorials/pid_2309.webp"
2310,"https://res.cloudinary.com/dpol0pyoo/image/fetch/c_crop,g_face/w_150,h_195,g_north/https://res.cloudinary.com/dpol0pyoo/image/upload/v1787991434/idf_memorials/pid_2310.webp"
2313,"https://res.cloudinary.com/dpol0pyoo/image/fetch/c_crop,g_face/w_150,h_195,g_north/https://res.cloudinary.com/dpol0pyoo/image/upload/v1787991436/idf_memorials/pid_2313.webp"
2314,"https://res.cloudinary.com/dpol0pyoo/image/fetch/c_crop,g_face/w_150,h_195,g_north/https://res.cloudinary.com/dpol0pyoo/image/upload/v1787991437/idf_memorials/pid_2314.webp"
2315,"https://res.cloudinary.com/dpol0pyoo/image/fetch/c_crop,g_face/w_150,h_195,g_north/https://res.cloudinary.com/dpol0pyoo/image/upload/v1787991439/idf_memorials/pid_2315.webp"
2316,"https://res.cloudinary.com/dpol0pyoo/image/fetch/c_crop,g_face/w_150,h_195,g_north/https://res.cloudinary.com/dpol0pyoo/image/upload/v1787991440/idf_memorials/pid_2316.webp"
2319,"https://res.cloudinary.com/dpol0pyoo/image/fetch/c_crop,g_face/w_150,h_195,g_north/https://res.cloudinary.com/dpol0pyoo/image/upload/v1787991441/idf_memorials/pid_2319.webp"
2320,"https://res.cloudinary.com/dpol0pyoo/image/fetch/c_crop,g_face/w_150,h_195,g_north/https://res.cloudinary.com/dpol0pyoo/image/upload/v1787991443/idf_memorials/pid_2320.webp"
2321,"https://res.cloudinary.com/dpol0pyoo/image/fetch/c_crop,g_face/w_150,h_195,g_north/https://res.cloudinary.com/dpol0pyoo/image/upload/v1787991445/idf_memorials/pid_2321.webp"
2322,"https://res.cloudinary.com/dpol0pyoo/image/fetch/c_crop,g_face/w_150,h_195,g_north/https://res.cloudinary.com/dpol0pyoo/image/upload/v1787991446/idf_memorials/pid_2322.webp"
2324,"https://res.cloudinary.com/dpol0pyoo/image/fetch/c_crop,g_face/w_150,h_195,g_north/https://res.cloudinary.com/dpol0pyoo/image/upload/v1787991447/idf_memorials/pid_2324.webp"
2325,"https://res.cloudinary.com/dpol0pyoo/image/fetch/c_crop,g_face/w_150,h_195,g_north/https://res.cloudinary.com/dpol0pyoo/image/upload/v1787991449/idf_memorials/pid_2325.webp"
2326,"https://res.cloudinary.com/dpol0pyoo/image/fetch/c_crop,g_face/w_150,h_195,g_north/https://res.cloudinary.com/dpol0pyoo/image/upload/v1787991450/idf_memorials/pid_2326.webp"
2327,"https://res.cloudinary.com/dpol0pyoo/image/fetch/c_crop,g_face/w_150,h_195,g_north/https://res.cloudinary.com/dpol0pyoo/image/upload/v1787991452/idf_memorials/pid_2327.webp"
2328,"https://res.cloudinary.com/dpol0pyoo/image/fetch/c_crop,g_face/w_150,h_195,g_north/https://res.cloudinary.com/dpol0pyoo/image/upload/v1787991454/idf_memorials/pid_2328.webp"
2329,"https://res.cloudinary.com/dpol0pyoo/image/fetch/c_crop,g_face/w_150,h_195,g_north/https://res.cloudinary.com/dpol0pyoo/image/upload/v1787991456/idf_memorials/pid_2329.webp"
2330,"https://res.cloudinary.com/dpol0pyoo/image/fetch/c_crop,g_face/w_150,h_195,g_north/https://res.cloudinary.com/dpol0pyoo/image/upload/v1787991457/idf_memorials/pid_2330.webp"
2331,"https://res.cloudinary.com/dpol0pyoo/image/fetch/c_crop,g_face/w_150,h_195,g_north/https://res.cloudinary.com/dpol0pyoo/image/upload/v1787991458/idf_memorials/pid_2331.webp"
2333,"https://res.cloudinary.com/dpol0pyoo/image/fetch/c_crop,g_face/w_150,h_195,g_north/https://res.cloudinary.com/dpol0pyoo/image/upload/v1787991460/idf_memorials/pid_2333.webp"
2334,"https://res.cloudinary.com/dpol0pyoo/image/fetch/c_crop,g_face/w_150,h_195,g_north/https://res.cloudinary.com/dpol0pyoo/image/upload/v1787991462/idf_memorials/pid_2334.webp"
2335,"https://res.cloudinary.com/dpol0pyoo/image/fetch/c_crop,g_face/w_150,h_195,g_north/https://res.cloudinary.com/dpol0pyoo/image/upload/v1787991464/idf_memorials/pid_2335.webp"
2337,"https://res.cloudinary.com/dpol0pyoo/image/fetch/c_crop,g_face/w_150,h_195,g_north/https://res.cloudinary.com/dpol0pyoo/image/upload/v1787991466/idf_memorials/pid_2337.webp"
2338,"https://res.cloudinary.com/dpol0pyoo/image/fetch/c_crop,g_face/w_150,h_195,g_north/https://res.cloudinary.com/dpol0pyoo/image/upload/v1787991468/idf_memorials/pid_2338.webp"
2339,"https://res.cloudinary.com/dpol0pyoo/image/fetch/c_crop,g_face/w_150,h_195,g_north/https://res.cloudinary.com/dpol0pyoo/image/upload/v1787991470/idf_memorials/pid_2339.webp"
2340,"https://res.cloudinary.com/dpol0pyoo/image/fetch/c_crop,g_face/w_150,h_195,g_north/https://res.cloudinary.com/dpol0pyoo/image/upload/v1787991472/idf_memorials/pid_2340.webp"
2343,"https://res.cloudinary.com/dpol0pyoo/image/fetch/c_crop,g_face/w_150,h_195,g_north/https://res.cloudinary.com/dpol0pyoo/image/upload/v1787991473/idf_memorials/pid_2343.webp"
2347,"https://res.cloudinary.com/dpol0pyoo/image/fetch/c_crop,g_face/w_150,h_195,g_north/https://res.cloudinary.com/dpol0pyoo/image/upload/v1787991475/idf_memorials/pid_2347.webp"
2348,"https://res.cloudinary.com/dpol0pyoo/image/fetch/c_crop,g_face/w_150,h_195,g_north/https://res.cloudinary.com/dpol0pyoo/image/upload/v1787991477/idf_memorials/pid_2348.webp"
2349,"https://res.cloudinary.com/dpol0pyoo/image/fetch/c_crop,g_face/w_150,h_195,g_north/https://res.cloudinary.com/dpol0pyoo/image/upload/v1787991478/idf_memorials/pid_2349.webp"
2350,"https://res.cloudinary.com/dpol0pyoo/image/fetch/c_crop,g_face/w_150,h_195,g_north/https://res.cloudinary.com/dpol0pyoo/image/upload/v1787991480/idf_memorials/pid_2350.webp"
2354,"https://res.cloudinary.com/dpol0pyoo/image/fetch/c_crop,g_face/w_150,h_195,g_north/https://res.cloudinary.com/dpol0pyoo/image/upload/v1787991482/idf_memorials/pid_2354.webp"
2355,"https://res.cloudinary.com/dpol0pyoo/image/fetch/c_crop,g_face/w_150,h_195,g_north/https://res.cloudinary.com/dpol0pyoo/image/upload/v1787991484/idf_memorials/pid_2355.webp"
2356,"https://res.cloudinary.com/dpol0pyoo/image/fetch/c_crop,g_face/w_150,h_195,g_north/https://res.cloudinary.com/dpol0pyoo/image/upload/v1787991486/idf_memorials/pid_2356.webp"
2357,"https://res.cloudinary.com/dpol0pyoo/image/fetch/c_crop,g_face/w_150,h_195,g_north/https://res.cloudinary.com/dpol0pyoo/image/upload/v1787991488/idf_memorials/pid_2357.webp"
2358,"https://res.cloudinary.com/dpol0pyoo/image/fetch/c_crop,g_face/w_150,h_195,g_north/https://res.cloudinary.com/dpol0pyoo/image/upload/v1787991489/idf_memorials/pid_2358.webp"
2359,"https://res.cloudinary.com/dpol0pyoo/image/fetch/c_crop,g_face/w_150,h_195,g_north/https://res.cloudinary.com/dpol0pyoo/image/upload/v1787991491/idf_memorials/pid_2359.webp"
2363,"https://res.cloudinary.com/dpol0pyoo/image/fetch/c_crop,g_face/w_150,h_195,g_north/https://res.cloudinary.com/dpol0pyoo/image/upload/v1787991492/idf_memorials/pid_2363.webp"
2364,"https://res.cloudinary.com/dpol0pyoo/image/fetch/c_crop,g_face/w_150,h_195,g_north/https://res.cloudinary.com/dpol0pyoo/image/upload/v1787991494/idf_memorials/pid_2364.webp"
2365,"https://res.cloudinary.com/dpol0pyoo/image/fetch/c_crop,g_face/w_150,h_195,g_north/https://res.cloudinary.com/dpol0pyoo/image/upload/v1787991495/idf_memorials/pid_2365.webp"
2366,"https://res.cloudinary.com/dpol0pyoo/image/fetch/c_crop,g_face/w_150,h_195,g_north/https://res.cloudinary.com/dpol0pyoo/image/upload/v1787991497/idf_memorials/pid_2366.webp"
2367,"https://res.cloudinary.com/dpol0pyoo/image/fetch/c_crop,g_face/w_150,h_195,g_north/https://res.cloudinary.com/dpol0pyoo/image/upload/v1787991499/idf_memorials/pid_2367.webp"
2368,"https://res.cloudinary.com/dpol0pyoo/image/fetch/c_crop,g_face/w_150,h_195,g_north/https://res.cloudinary.com/dpol0pyoo/image/upload/v1787991501/idf_memorials/pid_2368.webp"
2369,"https://res.cloudinary.com/dpol0pyoo/image/fetch/c_crop,g_face/w_150,h_195,g_north/https://res.cloudinary.com/dpol0pyoo/image/upload/v1787991502/idf_memorials/pid_2369.webp"
2370,"https://res.cloudinary.com/dpol0pyoo/image/fetch/c_crop,g_face/w_150,h_195,g_north/https://res.cloudinary.com/dpol0pyoo/image/upload/v1787991503/idf_memorials/pid_2370.webp"
2372,"https://res.cloudinary.com/dpol0pyoo/image/fetch/c_crop,g_face/w_150,h_195,g_north/https://res.cloudinary.com/dpol0pyoo/image/upload/v1787991505/idf_memorials/pid_2372.webp"
2373,"https://res.cloudinary.com/dpol0pyoo/image/fetch/c_crop,g_face/w_150,h_195,g_north/https://res.cloudinary.com/dpol0pyoo/image/upload/v1787991507/idf_memorials/pid_2373.webp"
2374,"https://res.cloudinary.com/dpol0pyoo/image/fetch/c_crop,g_face/w_150,h_195,g_north/https://res.cloudinary.com/dpol0pyoo/image/upload/v1787991509/idf_memorials/pid_2374.webp"
2377,"https://res.cloudinary.com/dpol0pyoo/image/fetch/c_crop,g_face/w_150,h_195,g_north/https://res.cloudinary.com/dpol0pyoo/image/upload/v1787991510/idf_memorials/pid_2377.webp"
2385,"https://res.cloudinary.com/dpol0pyoo/image/fetch/c_crop,g_face/w_150,h_195,g_north/https://res.cloudinary.com/dpol0pyoo/image/upload/v1787991512/idf_memorials/pid_2385.webp"
2386,"https://res.cloudinary.com/dpol0pyoo/image/fetch/c_crop,g_face/w_150,h_195,g_north/https://res.cloudinary.com/dpol0pyoo/image/upload/v1787991514/idf_memorials/pid_2386.webp"
2387,"https://res.cloudinary.com/dpol0pyoo/image/fetch/c_crop,g_face/w_150,h_195,g_north/https://res.cloudinary.com/dpol0pyoo/image/upload/v1787991516/idf_memorials/pid_2387.webp"
2388,"https://res.cloudinary.com/dpol0pyoo/image/fetch/c_crop,g_face/w_150,h_195,g_north/https://res.cloudinary.com/dpol0pyoo/image/upload/v1787991517/idf_memorials/pid_2388.webp"
2390,"https://res.cloudinary.com/dpol0pyoo/image/fetch/c_crop,g_face/w_150,h_195,g_north/https://res.cloudinary.com/dpol0pyoo/image/upload/v1787991519/idf_memorials/pid_2390.webp"
2391,"https://res.cloudinary.com/dpol0pyoo/image/fetch/c_crop,g_face/w_150,h_195,g_north/https://res.cloudinary.com/dpol0pyoo/image/upload/v1787991520/idf_memorials/pid_2391.webp"
2392,"https://res.cloudinary.com/dpol0pyoo/image/fetch/c_crop,g_face/w_150,h_195,g_north/https://res.cloudinary.com/dpol0pyoo/image/upload/v1787991522/idf_memorials/pid_2392.webp"
2393,"https://res.cloudinary.com/dpol0pyoo/image/fetch/c_crop,g_face/w_150,h_195,g_north/https://res.cloudinary.com/dpol0pyoo/image/upload/v1787991524/idf_memorials/pid_2393.webp"
2394,"https://res.cloudinary.com/dpol0pyoo/image/fetch/c_crop,g_face/w_150,h_195,g_north/https://res.cloudinary.com/dpol0pyoo/image/upload/v1787991525/idf_memorials/pid_2394.webp"
2396,"https://res.cloudinary.com/dpol0pyoo/image/fetch/c_crop,g_face/w_150,h_195,g_north/https://res.cloudinary.com/dpol0pyoo/image/upload/v1787991526/idf_memorials/pid_2396.webp"
2397,"https://res.cloudinary.com/dpol0pyoo/image/fetch/c_crop,g_face/w_150,h_195,g_north/https://res.cloudinary.com/dpol0pyoo/image/upload/v1787991527/idf_memorials/pid_2397.webp"
2398,"https://res.cloudinary.com/dpol0pyoo/image/fetch/c_crop,g_face/w_150,h_195,g_north/https://res.cloudinary.com/dpol0pyoo/image/upload/v1787991529/idf_memorials/pid_2398.webp"
2399,"https://res.cloudinary.com/dpol0pyoo/image/fetch/c_crop,g_face/w_150,h_195,g_north/https://res.cloudinary.com/dpol0pyoo/image/upload/v1787991531/idf_memorials/pid_2399.webp"
2400,"https://res.cloudinary.com/dpol0pyoo/image/fetch/c_crop,g_face/w_150,h_195,g_north/https://res.cloudinary.com/dpol0pyoo/image/upload/v1787991532/idf_memorials/pid_2400.webp"
2401,"https://res.cloudinary.com/dpol0pyoo/image/fetch/c_crop,g_face/w_150,h_195,g_north/https://res.cloudinary.com/dpol0pyoo/image/upload/v1787991534/idf_memorials/pid_2401.webp"
2406,"https://res.cloudinary.com/dpol0pyoo/image/fetch/c_crop,g_face/w_150,h_195,g_north/https://res.cloudinary.com/dpol0pyoo/image/upload/v1787991536/idf_memorials/pid_2406.webp"
2407,"https://res.cloudinary.com/dpol0pyoo/image/fetch/c_crop,g_face/w_150,h_195,g_north/https://res.cloudinary.com/dpol0pyoo/image/upload/v1787991537/idf_memorials/pid_2407.webp"
2408,"https://res.cloudinary.com/dpol0pyoo/image/fetch/c_crop,g_face/w_150,h_195,g_north/https://res.cloudinary.com/dpol0pyoo/image/upload/v1787991539/idf_memorials/pid_2408.webp"
2410,"https://res.cloudinary.com/dpol0pyoo/image/fetch/c_crop,g_face/w_150,h_195,g_north/https://res.cloudinary.com/dpol0pyoo/image/upload/v1787991542/idf_memorials/pid_2410.webp"
2411,"https://res.cloudinary.com/dpol0pyoo/image/fetch/c_crop,g_face/w_150,h_195,g_north/https://res.cloudinary.com/dpol0pyoo/image/upload/v1787991543/idf_memorials/pid_2411.webp"
2413,"https://res.cloudinary.com/dpol0pyoo/image/fetch/c_crop,g_face/w_150,h_195,g_north/https://res.cloudinary.com/dpol0pyoo/image/upload/v1787991544/idf_memorials/pid_2413.webp"
2414,"https://res.cloudinary.com/dpol0pyoo/image/fetch/c_crop,g_face/w_150,h_195,g_north/https://res.cloudinary.com/dpol0pyoo/image/upload/v1787991545/idf_memorials/pid_2414.webp"
2417,"https://res.cloudinary.com/dpol0pyoo/image/fetch/c_crop,g_face/w_150,h_195,g_north/https://res.cloudinary.com/dpol0pyoo/image/upload/v1787991546/idf_memorials/pid_2417.webp"
2418,"https://res.cloudinary.com/dpol0pyoo/image/fetch/c_crop,g_face/w_150,h_195,g_north/https://res.cloudinary.com/dpol0pyoo/image/upload/v1787991548/idf_memorials/pid_2418.webp"
2419,"https://res.cloudinary.com/dpol0pyoo/image/fetch/c_crop,g_face/w_150,h_195,g_north/https://res.cloudinary.com/dpol0pyoo/image/upload/v1787991549/idf_memorials/pid_2419.webp"
2420,"https://res.cloudinary.com/dpol0pyoo/image/fetch/c_crop,g_face/w_150,h_195,g_north/https://res.cloudinary.com/dpol0pyoo/image/upload/v1787991551/idf_memorials/pid_2420.webp"
2422,"https://res.cloudinary.com/dpol0pyoo/image/fetch/c_crop,g_face/w_150,h_195,g_north/https://res.cloudinary.com/dpol0pyoo/image/upload/v1787991552/idf_memorials/pid_2422.webp"
2423,"https://res.cloudinary.com/dpol0pyoo/image/fetch/c_crop,g_face/w_150,h_195,g_north/https://res.cloudinary.com/dpol0pyoo/image/upload/v1787991554/idf_memorials/pid_2423.webp"
2424,"https://res.cloudinary.com/dpol0pyoo/image/fetch/c_crop,g_face/w_150,h_195,g_north/https://res.cloudinary.com/dpol0pyoo/image/upload/v1787991556/idf_memorials/pid_2424.webp"
2425,"https://res.cloudinary.com/dpol0pyoo/image/fetch/c_crop,g_face/w_150,h_195,g_north/https://res.cloudinary.com/dpol0pyoo/image/upload/v1787991557/idf_memorials/pid_2425.webp"
2426,"https://res.cloudinary.com/dpol0pyoo/image/fetch/c_crop,g_face/w_150,h_195,g_north/https://res.cloudinary.com/dpol0pyoo/image/upload/v1787991559/idf_memorials/pid_2426.webp"
2436,"https://res.cloudinary.com/dpol0pyoo/image/fetch/c_crop,g_face/w_150,h_195,g_north/https://res.cloudinary.com/dpol0pyoo/image/upload/v1787991560/idf_memorials/pid_2436.webp"
2438,"https://res.cloudinary.com/dpol0pyoo/image/fetch/c_crop,g_face/w_150,h_195,g_north/https://res.cloudinary.com/dpol0pyoo/image/upload/v1787991561/idf_memorials/pid_2438.webp"
2439,"https://res.cloudinary.com/dpol0pyoo/image/fetch/c_crop,g_face/w_150,h_195,g_north/https://res.cloudinary.com/dpol0pyoo/image/upload/v1787991563/idf_memorials/pid_2439.webp"
2440,"https://res.cloudinary.com/dpol0pyoo/image/fetch/c_crop,g_face/w_150,h_195,g_north/https://res.cloudinary.com/dpol0pyoo/image/upload/v1787991564/idf_memorials/pid_2440.webp"
2455,"https://res.cloudinary.com/dpol0pyoo/image/fetch/c_crop,g_face/w_150,h_195,g_north/https://res.cloudinary.com/dpol0pyoo/image/upload/v1787991566/idf_memorials/pid_2455.webp"
2471,"https://res.cloudinary.com/dpol0pyoo/image/fetch/c_crop,g_face/w_150,h_195,g_north/https://res.cloudinary.com/dpol0pyoo/image/upload/v1787991567/idf_memorials/pid_2471.webp"
2473,"https://res.cloudinary.com/dpol0pyoo/image/fetch/c_crop,g_face/w_150,h_195,g_north/https://res.cloudinary.com/dpol0pyoo/image/upload/v1787991568/idf_memorials/pid_2473.webp"
2475,"https://res.cloudinary.com/dpol0pyoo/image/fetch/c_crop,g_face/w_150,h_195,g_north/https://res.cloudinary.com/dpol0pyoo/image/upload/v1787991570/idf_memorials/pid_2475.webp"
2486,"https://res.cloudinary.com/dpol0pyoo/image/fetch/c_crop,g_face/w_150,h_195,g_north/https://res.cloudinary.com/dpol0pyoo/image/upload/v1787991571/idf_memorials/pid_2486.webp"
2488,"https://res.cloudinary.com/dpol0pyoo/image/fetch/c_crop,g_face/w_150,h_195,g_north/https://res.cloudinary.com/dpol0pyoo/image/upload/v1787991573/idf_memorials/pid_2488.webp"
2489,"https://res.cloudinary.com/dpol0pyoo/image/fetch/c_crop,g_face/w_150,h_195,g_north/https://res.cloudinary.com/dpol0pyoo/image/upload/v1787991574/idf_memorials/pid_2489.webp"
2491,"https://res.cloudinary.com/dpol0pyoo/image/fetch/c_crop,g_face/w_150,h_195,g_north/https://res.cloudinary.com/dpol0pyoo/image/upload/v1787991576/idf_memorials/pid_2491.webp"
2494,"https://res.cloudinary.com/dpol0pyoo/image/fetch/c_crop,g_face/w_150,h_195,g_north/https://res.cloudinary.com/dpol0pyoo/image/upload/v1787991578/idf_memorials/pid_2494.webp"
2495,"https://res.cloudinary.com/dpol0pyoo/image/fetch/c_crop,g_face/w_150,h_195,g_north/https://res.cloudinary.com/dpol0pyoo/image/upload/v1787991579/idf_memorials/pid_2495.webp"
2499,"https://res.cloudinary.com/dpol0pyoo/image/fetch/c_crop,g_face/w_150,h_195,g_north/https://res.cloudinary.com/dpol0pyoo/image/upload/v1787991582/idf_memorials/pid_2499.webp"
2508,"https://res.cloudinary.com/dpol0pyoo/image/fetch/c_crop,g_face/w_150,h_195,g_north/https://res.cloudinary.com/dpol0pyoo/image/upload/v1787991584/idf_memorials/pid_2508.webp"
2509,"https://res.cloudinary.com/dpol0pyoo/image/fetch/c_crop,g_face/w_150,h_195,g_north/https://res.cloudinary.com/dpol0pyoo/image/upload/v1787991585/idf_memorials/pid_2509.webp"
2510,"https://res.cloudinary.com/dpol0pyoo/image/fetch/c_crop,g_face/w_150,h_195,g_north/https://res.cloudinary.com/dpol0pyoo/image/upload/v1787991587/idf_memorials/pid_2510.webp"
2512,"https://res.cloudinary.com/dpol0pyoo/image/fetch/c_crop,g_face/w_150,h_195,g_north/https://res.cloudinary.com/dpol0pyoo/image/upload/v1787991588/idf_memorials/pid_2512.webp"
2513,"https://res.cloudinary.com/dpol0pyoo/image/fetch/c_crop,g_face/w_150,h_195,g_north/https://res.cloudinary.com/dpol0pyoo/image/upload/v1787991589/idf_memorials/pid_2513.webp"
2514,"https://res.cloudinary.com/dpol0pyoo/image/fetch/c_crop,g_face/w_150,h_195,g_north/https://res.cloudinary.com/dpol0pyoo/image/upload/v1787991591/idf_memorials/pid_2514.webp"
2515,"https://res.cloudinary.com/dpol0pyoo/image/fetch/c_crop,g_face/w_150,h_195,g_north/https://res.cloudinary.com/dpol0pyoo/image/upload/v1787991593/idf_memorials/pid_2515.webp"
2516,"https://res.cloudinary.com/dpol0pyoo/image/fetch/c_crop,g_face/w_150,h_195,g_north/https://res.cloudinary.com/dpol0pyoo/image/upload/v1787991594/idf_memorials/pid_2516.webp"
2517,"https://res.cloudinary.com/dpol0pyoo/image/fetch/c_crop,g_face/w_150,h_195,g_north/https://res.cloudinary.com/dpol0pyoo/image/upload/v1787991595/idf_memorials/pid_2517.webp"
2528,"https://res.cloudinary.com/dpol0pyoo/image/fetch/c_crop,g_face/w_150,h_195,g_north/https://res.cloudinary.com/dpol0pyoo/image/upload/v1787991597/idf_memorials/pid_2528.webp"
2529,"https://res.cloudinary.com/dpol0pyoo/image/fetch/c_crop,g_face/w_150,h_195,g_north/https://res.cloudinary.com/dpol0pyoo/image/upload/v1787991598/idf_memorials/pid_2529.webp"
2532,"https://res.cloudinary.com/dpol0pyoo/image/fetch/c_crop,g_face/w_150,h_195,g_north/https://res.cloudinary.com/dpol0pyoo/image/upload/v1787991600/idf_memorials/pid_2532.webp"
2533,"https://res.cloudinary.com/dpol0pyoo/image/fetch/c_crop,g_face/w_150,h_195,g_north/https://res.cloudinary.com/dpol0pyoo/image/upload/v1787991602/idf_memorials/pid_2533.webp"
2534,"https://res.cloudinary.com/dpol0pyoo/image/fetch/c_crop,g_face/w_150,h_195,g_north/https://res.cloudinary.com/dpol0pyoo/image/upload/v1787991604/idf_memorials/pid_2534.webp"
2535,"https://res.cloudinary.com/dpol0pyoo/image/fetch/c_crop,g_face/w_150,h_195,g_north/https://res.cloudinary.com/dpol0pyoo/image/upload/v1787991605/idf_memorials/pid_2535.webp"
2538,"https://res.cloudinary.com/dpol0pyoo/image/fetch/c_crop,g_face/w_150,h_195,g_north/https://res.cloudinary.com/dpol0pyoo/image/upload/v1787991606/idf_memorials/pid_2538.webp"
2541,"https://res.cloudinary.com/dpol0pyoo/image/fetch/c_crop,g_face/w_150,h_195,g_north/https://res.cloudinary.com/dpol0pyoo/image/upload/v1787991608/idf_memorials/pid_2541.webp"
2544,"https://res.cloudinary.com/dpol0pyoo/image/fetch/c_crop,g_face/w_150,h_195,g_north/https://res.cloudinary.com/dpol0pyoo/image/upload/v1787991610/idf_memorials/pid_2544.webp"
2545,"https://res.cloudinary.com/dpol0pyoo/image/fetch/c_crop,g_face/w_150,h_195,g_north/https://res.cloudinary.com/dpol0pyoo/image/upload/v1787991612/idf_memorials/pid_2545.webp"
2546,"https://res.cloudinary.com/dpol0pyoo/image/fetch/c_crop,g_face/w_150,h_195,g_north/https://res.cloudinary.com/dpol0pyoo/image/upload/v1787991613/idf_memorials/pid_2546.webp"
2548,"https://res.cloudinary.com/dpol0pyoo/image/fetch/c_crop,g_face/w_150,h_195,g_north/https://res.cloudinary.com/dpol0pyoo/image/upload/v1787991614/idf_memorials/pid_2548.webp"
2554,"https://res.cloudinary.com/dpol0pyoo/image/fetch/c_crop,g_face/w_150,h_195,g_north/https://res.cloudinary.com/dpol0pyoo/image/upload/v1787991616/idf_memorials/pid_2554.webp"
2555,"https://res.cloudinary.com/dpol0pyoo/image/fetch/c_crop,g_face/w_150,h_195,g_north/https://res.cloudinary.com/dpol0pyoo/image/upload/v1787991617/idf_memorials/pid_2555.webp"
2556,"https://res.cloudinary.com/dpol0pyoo/image/fetch/c_crop,g_face/w_150,h_195,g_north/https://res.cloudinary.com/dpol0pyoo/image/upload/v1787991619/idf_memorials/pid_2556.webp"
2557,"https://res.cloudinary.com/dpol0pyoo/image/fetch/c_crop,g_face/w_150,h_195,g_north/https://res.cloudinary.com/dpol0pyoo/image/upload/v1787991620/idf_memorials/pid_2557.webp"
2558,"https://res.cloudinary.com/dpol0pyoo/image/fetch/c_crop,g_face/w_150,h_195,g_north/https://res.cloudinary.com/dpol0pyoo/image/upload/v1787991622/idf_memorials/pid_2558.webp"
2559,"https://res.cloudinary.com/dpol0pyoo/image/fetch/c_crop,g_face/w_150,h_195,g_north/https://res.cloudinary.com/dpol0pyoo/image/upload/v1787991624/idf_memorials/pid_2559.webp"
2563,"https://res.cloudinary.com/dpol0pyoo/image/fetch/c_crop,g_face/w_150,h_195,g_north/https://res.cloudinary.com/dpol0pyoo/image/upload/v1787991625/idf_memorials/pid_2563.webp"
2564,"https://res.cloudinary.com/dpol0pyoo/image/fetch/c_crop,g_face/w_150,h_195,g_north/https://res.cloudinary.com/dpol0pyoo/image/upload/v1787991627/idf_memorials/pid_2564.webp"
2565,"https://res.cloudinary.com/dpol0pyoo/image/fetch/c_crop,g_face/w_150,h_195,g_north/https://res.cloudinary.com/dpol0pyoo/image/upload/v1787991628/idf_memorials/pid_2565.webp"
2566,"https://res.cloudinary.com/dpol0pyoo/image/fetch/c_crop,g_face/w_150,h_195,g_north/https://res.cloudinary.com/dpol0pyoo/image/upload/v1787991630/idf_memorials/pid_2566.webp"
2567,"https://res.cloudinary.com/dpol0pyoo/image/fetch/c_crop,g_face/w_150,h_195,g_north/https://res.cloudinary.com/dpol0pyoo/image/upload/v1787991631/idf_memorials/pid_2567.webp"
2572,"https://res.cloudinary.com/dpol0pyoo/image/fetch/c_crop,g_face/w_150,h_195,g_north/https://res.cloudinary.com/dpol0pyoo/image/upload/v1787991632/idf_memorials/pid_2572.webp"
2573,"https://res.cloudinary.com/dpol0pyoo/image/fetch/c_crop,g_face/w_150,h_195,g_north/https://res.cloudinary.com/dpol0pyoo/image/upload/v1787991634/idf_memorials/pid_2573.webp"
2574,"https://res.cloudinary.com/dpol0pyoo/image/fetch/c_crop,g_face/w_150,h_195,g_north/https://res.cloudinary.com/dpol0pyoo/image/upload/v1787991635/idf_memorials/pid_2574.webp"
2575,"https://res.cloudinary.com/dpol0pyoo/image/fetch/c_crop,g_face/w_150,h_195,g_north/https://res.cloudinary.com/dpol0pyoo/image/upload/v1787991637/idf_memorials/pid_2575.webp"
2576,"https://res.cloudinary.com/dpol0pyoo/image/fetch/c_crop,g_face/w_150,h_195,g_north/https://res.cloudinary.com/dpol0pyoo/image/upload/v1787991638/idf_memorials/pid_2576.webp"
2577,"https://res.cloudinary.com/dpol0pyoo/image/fetch/c_crop,g_face/w_150,h_195,g_north/https://res.cloudinary.com/dpol0pyoo/image/upload/v1787991640/idf_memorials/pid_2577.webp"
2578,"https://res.cloudinary.com/dpol0pyoo/image/fetch/c_crop,g_face/w_150,h_195,g_north/https://res.cloudinary.com/dpol0pyoo/image/upload/v1787991642/idf_memorials/pid_2578.webp"
2579,"https://res.cloudinary.com/dpol0pyoo/image/fetch/c_crop,g_face/w_150,h_195,g_north/https://res.cloudinary.com/dpol0pyoo/image/upload/v1787991644/idf_memorials/pid_2579.webp"
2580,"https://res.cloudinary.com/dpol0pyoo/image/fetch/c_crop,g_face/w_150,h_195,g_north/https://res.cloudinary.com/dpol0pyoo/image/upload/v1787991645/idf_memorials/pid_2580.webp"
2589,"https://res.cloudinary.com/dpol0pyoo/image/fetch/c_crop,g_face/w_150,h_195,g_north/https://res.cloudinary.com/dpol0pyoo/image/upload/v1787991647/idf_memorials/pid_2589.webp"
2590,"https://res.cloudinary.com/dpol0pyoo/image/fetch/c_crop,g_face/w_150,h_195,g_north/https://res.cloudinary.com/dpol0pyoo/image/upload/v1787991648/idf_memorials/pid_2590.webp"
2591,"https://res.cloudinary.com/dpol0pyoo/image/fetch/c_crop,g_face/w_150,h_195,g_north/https://res.cloudinary.com/dpol0pyoo/image/upload/v1787991649/idf_memorials/pid_2591.webp"
2592,"https://res.cloudinary.com/dpol0pyoo/image/fetch/c_crop,g_face/w_150,h_195,g_north/https://res.cloudinary.com/dpol0pyoo/image/upload/v1787991651/idf_memorials/pid_2592.webp"
2601,"https://res.cloudinary.com/dpol0pyoo/image/fetch/c_crop,g_face/w_150,h_195,g_north/https://res.cloudinary.com/dpol0pyoo/image/upload/v1787991653/idf_memorials/pid_2601.webp"
2602,"https://res.cloudinary.com/dpol0pyoo/image/fetch/c_crop,g_face/w_150,h_195,g_north/https://res.cloudinary.com/dpol0pyoo/image/upload/v1787991655/idf_memorials/pid_2602.webp"
2603,"https://res.cloudinary.com/dpol0pyoo/image/fetch/c_crop,g_face/w_150,h_195,g_north/https://res.cloudinary.com/dpol0pyoo/image/upload/v1787991656/idf_memorials/pid_2603.webp"
2606,"https://res.cloudinary.com/dpol0pyoo/image/fetch/c_crop,g_face/w_150,h_195,g_north/https://res.cloudinary.com/dpol0pyoo/image/upload/v1787991658/idf_memorials/pid_2606.webp"
2608,"https://res.cloudinary.com/dpol0pyoo/image/fetch/c_crop,g_face/w_150,h_195,g_north/https://res.cloudinary.com/dpol0pyoo/image/upload/v1787991660/idf_memorials/pid_2608.webp"
2616,"https://res.cloudinary.com/dpol0pyoo/image/fetch/c_crop,g_face/w_150,h_195,g_north/https://res.cloudinary.com/dpol0pyoo/image/upload/v1787991662/idf_memorials/pid_2616.webp"
2617,"https://res.cloudinary.com/dpol0pyoo/image/fetch/c_crop,g_face/w_150,h_195,g_north/https://res.cloudinary.com/dpol0pyoo/image/upload/v1787991663/idf_memorials/pid_2617.webp"
2619,"https://res.cloudinary.com/dpol0pyoo/image/fetch/c_crop,g_face/w_150,h_195,g_north/https://res.cloudinary.com/dpol0pyoo/image/upload/v1787991666/idf_memorials/pid_2619.webp"
2621,"https://res.cloudinary.com/dpol0pyoo/image/fetch/c_crop,g_face/w_150,h_195,g_north/https://res.cloudinary.com/dpol0pyoo/image/upload/v1787991667/idf_memorials/pid_2621.webp"
2622,"https://res.cloudinary.com/dpol0pyoo/image/fetch/c_crop,g_face/w_150,h_195,g_north/https://res.cloudinary.com/dpol0pyoo/image/upload/v1787991669/idf_memorials/pid_2622.webp"
2623,"https://res.cloudinary.com/dpol0pyoo/image/fetch/c_crop,g_face/w_150,h_195,g_north/https://res.cloudinary.com/dpol0pyoo/image/upload/v1787991671/idf_memorials/pid_2623.webp"
2624,"https://res.cloudinary.com/dpol0pyoo/image/fetch/c_crop,g_face/w_150,h_195,g_north/https://res.cloudinary.com/dpol0pyoo/image/upload/v1787991673/idf_memorials/pid_2624.webp"
2625,"https://res.cloudinary.com/dpol0pyoo/image/fetch/c_crop,g_face/w_150,h_195,g_north/https://res.cloudinary.com/dpol0pyoo/image/upload/v1787991674/idf_memorials/pid_2625.webp"
2626,"https://res.cloudinary.com/dpol0pyoo/image/fetch/c_crop,g_face/w_150,h_195,g_north/https://res.cloudinary.com/dpol0pyoo/image/upload/v1787991676/idf_memorials/pid_2626.webp"
2630,"https://res.cloudinary.com/dpol0pyoo/image/fetch/c_crop,g_face/w_150,h_195,g_north/https://res.cloudinary.com/dpol0pyoo/image/upload/v1787991678/idf_memorials/pid_2630.webp"
2631,"https://res.cloudinary.com/dpol0pyoo/image/fetch/c_crop,g_face/w_150,h_195,g_north/https://res.cloudinary.com/dpol0pyoo/image/upload/v1787991679/idf_memorials/pid_2631.webp"
2632,"https://res.cloudinary.com/dpol0pyoo/image/fetch/c_crop,g_face/w_150,h_195,g_north/https://res.cloudinary.com/dpol0pyoo/image/upload/v1787991681/idf_memorials/pid_2632.webp"
2633,"https://res.cloudinary.com/dpol0pyoo/image/fetch/c_crop,g_face/w_150,h_195,g_north/https://res.cloudinary.com/dpol0pyoo/image/upload/v1787991682/idf_memorials/pid_2633.webp"
2634,"https://res.cloudinary.com/dpol0pyoo/image/fetch/c_crop,g_face/w_150,h_195,g_north/https://res.cloudinary.com/dpol0pyoo/image/upload/v1787991683/idf_memorials/pid_2634.webp"
2635,"https://res.cloudinary.com/dpol0pyoo/image/fetch/c_crop,g_face/w_150,h_195,g_north/https://res.cloudinary.com/dpol0pyoo/image/upload/v1787991685/idf_memorials/pid_2635.webp"
2636,"https://res.cloudinary.com/dpol0pyoo/image/fetch/c_crop,g_face/w_150,h_195,g_north/https://res.cloudinary.com/dpol0pyoo/image/upload/v1787991687/idf_memorials/pid_2636.webp"
2637,"https://res.cloudinary.com/dpol0pyoo/image/fetch/c_crop,g_face/w_150,h_195,g_north/https://res.cloudinary.com/dpol0pyoo/image/upload/v1787991688/idf_memorials/pid_2637.webp"
2638,"https://res.cloudinary.com/dpol0pyoo/image/fetch/c_crop,g_face/w_150,h_195,g_north/https://res.cloudinary.com/dpol0pyoo/image/upload/v1787991690/idf_memorials/pid_2638.webp"
2639,"https://res.cloudinary.com/dpol0pyoo/image/fetch/c_crop,g_face/w_150,h_195,g_north/https://res.cloudinary.com/dpol0pyoo/image/upload/v1787991692/idf_memorials/pid_2639.webp"
2640,"https://res.cloudinary.com/dpol0pyoo/image/fetch/c_crop,g_face/w_150,h_195,g_north/https://res.cloudinary.com/dpol0pyoo/image/upload/v1787991694/idf_memorials/pid_2640.webp"
2642,"https://res.cloudinary.com/dpol0pyoo/image/fetch/c_crop,g_face/w_150,h_195,g_north/https://res.cloudinary.com/dpol0pyoo/image/upload/v1787991696/idf_memorials/pid_2642.webp"
2643,"https://res.cloudinary.com/dpol0pyoo/image/fetch/c_crop,g_face/w_150,h_195,g_north/https://res.cloudinary.com/dpol0pyoo/image/upload/v1787991697/idf_memorials/pid_2643.webp"
2644,"https://res.cloudinary.com/dpol0pyoo/image/fetch/c_crop,g_face/w_150,h_195,g_north/https://res.cloudinary.com/dpol0pyoo/image/upload/v1787991698/idf_memorials/pid_2644.webp"
2646,"https://res.cloudinary.com/dpol0pyoo/image/fetch/c_crop,g_face/w_150,h_195,g_north/https://res.cloudinary.com/dpol0pyoo/image/upload/v1787991700/idf_memorials/pid_2646.webp"
2647,"https://res.cloudinary.com/dpol0pyoo/image/fetch/c_crop,g_face/w_150,h_195,g_north/https://res.cloudinary.com/dpol0pyoo/image/upload/v1787991701/idf_memorials/pid_2647.webp"
2651,"https://res.cloudinary.com/dpol0pyoo/image/fetch/c_crop,g_face/w_150,h_195,g_north/https://res.cloudinary.com/dpol0pyoo/image/upload/v1787991703/idf_memorials/pid_2651.webp"
2652,"https://res.cloudinary.com/dpol0pyoo/image/fetch/c_crop,g_face/w_150,h_195,g_north/https://res.cloudinary.com/dpol0pyoo/image/upload/v1787991705/idf_memorials/pid_2652.webp"
2656,"https://res.cloudinary.com/dpol0pyoo/image/fetch/c_crop,g_face/w_150,h_195,g_north/https://res.cloudinary.com/dpol0pyoo/image/upload/v1787991706/idf_memorials/pid_2656.webp"
2657,"https://res.cloudinary.com/dpol0pyoo/image/fetch/c_crop,g_face/w_150,h_195,g_north/https://res.cloudinary.com/dpol0pyoo/image/upload/v1787991708/idf_memorials/pid_2657.webp"
2658,"https://res.cloudinary.com/dpol0pyoo/image/fetch/c_crop,g_face/w_150,h_195,g_north/https://res.cloudinary.com/dpol0pyoo/image/upload/v1787991710/idf_memorials/pid_2658.webp"
2659,"https://res.cloudinary.com/dpol0pyoo/image/fetch/c_crop,g_face/w_150,h_195,g_north/https://res.cloudinary.com/dpol0pyoo/image/upload/v1787991712/idf_memorials/pid_2659.webp"
2660,"https://res.cloudinary.com/dpol0pyoo/image/fetch/c_crop,g_face/w_150,h_195,g_north/https://res.cloudinary.com/dpol0pyoo/image/upload/v1787991713/idf_memorials/pid_2660.webp"
2661,"https://res.cloudinary.com/dpol0pyoo/image/fetch/c_crop,g_face/w_150,h_195,g_north/https://res.cloudinary.com/dpol0pyoo/image/upload/v1787991716/idf_memorials/pid_2661.webp"
2662,"https://res.cloudinary.com/dpol0pyoo/image/fetch/c_crop,g_face/w_150,h_195,g_north/https://res.cloudinary.com/dpol0pyoo/image/upload/v1787991717/idf_memorials/pid_2662.webp"
2663,"https://res.cloudinary.com/dpol0pyoo/image/fetch/c_crop,g_face/w_150,h_195,g_north/https://res.cloudinary.com/dpol0pyoo/image/upload/v1787991718/idf_memorials/pid_2663.webp"
2666,"https://res.cloudinary.com/dpol0pyoo/image/fetch/c_crop,g_face/w_150,h_195,g_north/https://res.cloudinary.com/dpol0pyoo/image/upload/v1787991720/idf_memorials/pid_2666.webp"
2671,"https://res.cloudinary.com/dpol0pyoo/image/fetch/c_crop,g_face/w_150,h_195,g_north/https://res.cloudinary.com/dpol0pyoo/image/upload/v1787991721/idf_memorials/pid_2671.webp"
2672,"https://res.cloudinary.com/dpol0pyoo/image/fetch/c_crop,g_face/w_150,h_195,g_north/https://res.cloudinary.com/dpol0pyoo/image/upload/v1787991723/idf_memorials/pid_2672.webp"
2673,"https://res.cloudinary.com/dpol0pyoo/image/fetch/c_crop,g_face/w_150,h_195,g_north/https://res.cloudinary.com/dpol0pyoo/image/upload/v1787991725/idf_memorials/pid_2673.webp"
2674,"https://res.cloudinary.com/dpol0pyoo/image/fetch/c_crop,g_face/w_150,h_195,g_north/https://res.cloudinary.com/dpol0pyoo/image/upload/v1787991726/idf_memorials/pid_2674.webp"
2679,"https://res.cloudinary.com/dpol0pyoo/image/fetch/c_crop,g_face/w_150,h_195,g_north/https://res.cloudinary.com/dpol0pyoo/image/upload/v1787991728/idf_memorials/pid_2679.webp"
2680,"https://res.cloudinary.com/dpol0pyoo/image/fetch/c_crop,g_face/w_150,h_195,g_north/https://res.cloudinary.com/dpol0pyoo/image/upload/v1787991729/idf_memorials/pid_2680.webp"
2681,"https://res.cloudinary.com/dpol0pyoo/image/fetch/c_crop,g_face/w_150,h_195,g_north/https://res.cloudinary.com/dpol0pyoo/image/upload/v1787991731/idf_memorials/pid_2681.webp"
2686,"https://res.cloudinary.com/dpol0pyoo/image/fetch/c_crop,g_face/w_150,h_195,g_north/https://res.cloudinary.com/dpol0pyoo/image/upload/v1787991733/idf_memorials/pid_2686.webp"
2687,"https://res.cloudinary.com/dpol0pyoo/image/fetch/c_crop,g_face/w_150,h_195,g_north/https://res.cloudinary.com/dpol0pyoo/image/upload/v1787991734/idf_memorials/pid_2687.webp"
2688,"https://res.cloudinary.com/dpol0pyoo/image/fetch/c_crop,g_face/w_150,h_195,g_north/https://res.cloudinary.com/dpol0pyoo/image/upload/v1787991735/idf_memorials/pid_2688.webp"
2689,"https://res.cloudinary.com/dpol0pyoo/image/fetch/c_crop,g_face/w_150,h_195,g_north/https://res.cloudinary.com/dpol0pyoo/image/upload/v1787991737/idf_memorials/pid_2689.webp"
2690,"https://res.cloudinary.com/dpol0pyoo/image/fetch/c_crop,g_face/w_150,h_195,g_north/https://res.cloudinary.com/dpol0pyoo/image/upload/v1787991738/idf_memorials/pid_2690.webp"
2691,"https://res.cloudinary.com/dpol0pyoo/image/fetch/c_crop,g_face/w_150,h_195,g_north/https://res.cloudinary.com/dpol0pyoo/image/upload/v1787991740/idf_memorials/pid_2691.webp"
2692,"https://res.cloudinary.com/dpol0pyoo/image/fetch/c_crop,g_face/w_150,h_195,g_north/https://res.cloudinary.com/dpol0pyoo/image/upload/v1787991741/idf_memorials/pid_2692.webp"
2693,"https://res.cloudinary.com/dpol0pyoo/image/fetch/c_crop,g_face/w_150,h_195,g_north/https://res.cloudinary.com/dpol0pyoo/image/upload/v1787991743/idf_memorials/pid_2693.webp"
2694,"https://res.cloudinary.com/dpol0pyoo/image/fetch/c_crop,g_face/w_150,h_195,g_north/https://res.cloudinary.com/dpol0pyoo/image/upload/v1787991745/idf_memorials/pid_2694.webp"
2697,"https://res.cloudinary.com/dpol0pyoo/image/fetch/c_crop,g_face/w_150,h_195,g_north/https://res.cloudinary.com/dpol0pyoo/image/upload/v1787991747/idf_memorials/pid_2697.webp"
2700,"https://res.cloudinary.com/dpol0pyoo/image/fetch/c_crop,g_face/w_150,h_195,g_north/https://res.cloudinary.com/dpol0pyoo/image/upload/v1787991749/idf_memorials/pid_2700.webp"
2701,"https://res.cloudinary.com/dpol0pyoo/image/fetch/c_crop,g_face/w_150,h_195,g_north/https://res.cloudinary.com/dpol0pyoo/image/upload/v1787991750/idf_memorials/pid_2701.webp"
2702,"https://res.cloudinary.com/dpol0pyoo/image/fetch/c_crop,g_face/w_150,h_195,g_north/https://res.cloudinary.com/dpol0pyoo/image/upload/v1787991751/idf_memorials/pid_2702.webp"
2703,"https://res.cloudinary.com/dpol0pyoo/image/fetch/c_crop,g_face/w_150,h_195,g_north/https://res.cloudinary.com/dpol0pyoo/image/upload/v1787991752/idf_memorials/pid_2703.webp"
2707,"https://res.cloudinary.com/dpol0pyoo/image/fetch/c_crop,g_face/w_150,h_195,g_north/https://res.cloudinary.com/dpol0pyoo/image/upload/v1787991755/idf_memorials/pid_2707.webp"
2709,"https://res.cloudinary.com/dpol0pyoo/image/fetch/c_crop,g_face/w_150,h_195,g_north/https://res.cloudinary.com/dpol0pyoo/image/upload/v1787991756/idf_memorials/pid_2709.webp"
2711,"https://res.cloudinary.com/dpol0pyoo/image/fetch/c_crop,g_face/w_150,h_195,g_north/https://res.cloudinary.com/dpol0pyoo/image/upload/v1787991759/idf_memorials/pid_2711.webp"
2712,"https://res.cloudinary.com/dpol0pyoo/image/fetch/c_crop,g_face/w_150,h_195,g_north/https://res.cloudinary.com/dpol0pyoo/image/upload/v1787991761/idf_memorials/pid_2712.webp"
2716,"https://res.cloudinary.com/dpol0pyoo/image/fetch/c_crop,g_face/w_150,h_195,g_north/https://res.cloudinary.com/dpol0pyoo/image/upload/v1787991762/idf_memorials/pid_2716.webp"
2717,"https://res.cloudinary.com/dpol0pyoo/image/fetch/c_crop,g_face/w_150,h_195,g_north/https://res.cloudinary.com/dpol0pyoo/image/upload/v1787991764/idf_memorials/pid_2717.webp"
2718,"https://res.cloudinary.com/dpol0pyoo/image/fetch/c_crop,g_face/w_150,h_195,g_north/https://res.cloudinary.com/dpol0pyoo/image/upload/v1787991765/idf_memorials/pid_2718.webp"
2719,"https://res.cloudinary.com/dpol0pyoo/image/fetch/c_crop,g_face/w_150,h_195,g_north/https://res.cloudinary.com/dpol0pyoo/image/upload/v1787991767/idf_memorials/pid_2719.webp"
2720,"https://res.cloudinary.com/dpol0pyoo/image/fetch/c_crop,g_face/w_150,h_195,g_north/https://res.cloudinary.com/dpol0pyoo/image/upload/v1787991769/idf_memorials/pid_2720.webp"
2721,"https://res.cloudinary.com/dpol0pyoo/image/fetch/c_crop,g_face/w_150,h_195,g_north/https://res.cloudinary.com/dpol0pyoo/image/upload/v1787991770/idf_memorials/pid_2721.webp"
2723,"https://res.cloudinary.com/dpol0pyoo/image/fetch/c_crop,g_face/w_150,h_195,g_north/https://res.cloudinary.com/dpol0pyoo/image/upload/v1787991771/idf_memorials/pid_2723.webp"
2724,"https://res.cloudinary.com/dpol0pyoo/image/fetch/c_crop,g_face/w_150,h_195,g_north/https://res.cloudinary.com/dpol0pyoo/image/upload/v1787991773/idf_memorials/pid_2724.webp"
2739,"https://res.cloudinary.com/dpol0pyoo/image/fetch/c_crop,g_face/w_150,h_195,g_north/https://res.cloudinary.com/dpol0pyoo/image/upload/v1787991774/idf_memorials/pid_2739.webp"
2740,"https://res.cloudinary.com/dpol0pyoo/image/fetch/c_crop,g_face/w_150,h_195,g_north/https://res.cloudinary.com/dpol0pyoo/image/upload/v1787991776/idf_memorials/pid_2740.webp"
2741,"https://res.cloudinary.com/dpol0pyoo/image/fetch/c_crop,g_face/w_150,h_195,g_north/https://res.cloudinary.com/dpol0pyoo/image/upload/v1787991778/idf_memorials/pid_2741.webp"
2742,"https://res.cloudinary.com/dpol0pyoo/image/fetch/c_crop,g_face/w_150,h_195,g_north/https://res.cloudinary.com/dpol0pyoo/image/upload/v1787991779/idf_memorials/pid_2742.webp"
2743,"https://res.cloudinary.com/dpol0pyoo/image/fetch/c_crop,g_face/w_150,h_195,g_north/https://res.cloudinary.com/dpol0pyoo/image/upload/v1787991780/idf_memorials/pid_2743.webp"
2744,"https://res.cloudinary.com/dpol0pyoo/image/fetch/c_crop,g_face/w_150,h_195,g_north/https://res.cloudinary.com/dpol0pyoo/image/upload/v1787991782/idf_memorials/pid_2744.webp"
2745,"https://res.cloudinary.com/dpol0pyoo/image/fetch/c_crop,g_face/w_150,h_195,g_north/https://res.cloudinary.com/dpol0pyoo/image/upload/v1787991783/idf_memorials/pid_2745.webp"
2746,"https://res.cloudinary.com/dpol0pyoo/image/fetch/c_crop,g_face/w_150,h_195,g_north/https://res.cloudinary.com/dpol0pyoo/image/upload/v1787991785/idf_memorials/pid_2746.webp"
2747,"https://res.cloudinary.com/dpol0pyoo/image/fetch/c_crop,g_face/w_150,h_195,g_north/https://res.cloudinary.com/dpol0pyoo/image/upload/v1787991787/idf_memorials/pid_2747.webp"
2772,"https://res.cloudinary.com/dpol0pyoo/image/fetch/c_crop,g_face/w_150,h_195,g_north/https://res.cloudinary.com/dpol0pyoo/image/upload/v1787991788/idf_memorials/pid_2772.webp"
2773,"https://res.cloudinary.com/dpol0pyoo/image/fetch/c_crop,g_face/w_150,h_195,g_north/https://res.cloudinary.com/dpol0pyoo/image/upload/v1787991791/idf_memorials/pid_2773.webp"
2774,"https://res.cloudinary.com/dpol0pyoo/image/fetch/c_crop,g_face/w_150,h_195,g_north/https://res.cloudinary.com/dpol0pyoo/image/upload/v1787991792/idf_memorials/pid_2774.webp"
2780,"https://res.cloudinary.com/dpol0pyoo/image/fetch/c_crop,g_face/w_150,h_195,g_north/https://res.cloudinary.com/dpol0pyoo/image/upload/v1787991794/idf_memorials/pid_2780.webp"
2781,"https://res.cloudinary.com/dpol0pyoo/image/fetch/c_crop,g_face/w_150,h_195,g_north/https://res.cloudinary.com/dpol0pyoo/image/upload/v1787991795/idf_memorials/pid_2781.webp"
2782,"https://res.cloudinary.com/dpol0pyoo/image/fetch/c_crop,g_face/w_150,h_195,g_north/https://res.cloudinary.com/dpol0pyoo/image/upload/v1787991797/idf_memorials/pid_2782.webp"
2783,"https://res.cloudinary.com/dpol0pyoo/image/fetch/c_crop,g_face/w_150,h_195,g_north/https://res.cloudinary.com/dpol0pyoo/image/upload/v1787991799/idf_memorials/pid_2783.webp"
2784,"https://res.cloudinary.com/dpol0pyoo/image/fetch/c_crop,g_face/w_150,h_195,g_north/https://res.cloudinary.com/dpol0pyoo/image/upload/v1787991801/idf_memorials/pid_2784.webp"
2785,"https://res.cloudinary.com/dpol0pyoo/image/fetch/c_crop,g_face/w_150,h_195,g_north/https://res.cloudinary.com/dpol0pyoo/image/upload/v1787991803/idf_memorials/pid_2785.webp"
2788,"https://res.cloudinary.com/dpol0pyoo/image/fetch/c_crop,g_face/w_150,h_195,g_north/https://res.cloudinary.com/dpol0pyoo/image/upload/v1787991804/idf_memorials/pid_2788.webp"
2789,"https://res.cloudinary.com/dpol0pyoo/image/fetch/c_crop,g_face/w_150,h_195,g_north/https://res.cloudinary.com/dpol0pyoo/image/upload/v1787991806/idf_memorials/pid_2789.webp"
2790,"https://res.cloudinary.com/dpol0pyoo/image/fetch/c_crop,g_face/w_150,h_195,g_north/https://res.cloudinary.com/dpol0pyoo/image/upload/v1787991808/idf_memorials/pid_2790.webp"
2791,"https://res.cloudinary.com/dpol0pyoo/image/fetch/c_crop,g_face/w_150,h_195,g_north/https://res.cloudinary.com/dpol0pyoo/image/upload/v1787991809/idf_memorials/pid_2791.webp"
2792,"https://res.cloudinary.com/dpol0pyoo/image/fetch/c_crop,g_face/w_150,h_195,g_north/https://res.cloudinary.com/dpol0pyoo/image/upload/v1787991811/idf_memorials/pid_2792.webp"
2793,"https://res.cloudinary.com/dpol0pyoo/image/fetch/c_crop,g_face/w_150,h_195,g_north/https://res.cloudinary.com/dpol0pyoo/image/upload/v1787991813/idf_memorials/pid_2793.webp"
2794,"https://res.cloudinary.com/dpol0pyoo/image/fetch/c_crop,g_face/w_150,h_195,g_north/https://res.cloudinary.com/dpol0pyoo/image/upload/v1787991814/idf_memorials/pid_2794.webp"
2795,"https://res.cloudinary.com/dpol0pyoo/image/fetch/c_crop,g_face/w_150,h_195,g_north/https://res.cloudinary.com/dpol0pyoo/image/upload/v1787991815/idf_memorials/pid_2795.webp"
2796,"https://res.cloudinary.com/dpol0pyoo/image/fetch/c_crop,g_face/w_150,h_195,g_north/https://res.cloudinary.com/dpol0pyoo/image/upload/v1787991817/idf_memorials/pid_2796.webp"
2797,"https://res.cloudinary.com/dpol0pyoo/image/fetch/c_crop,g_face/w_150,h_195,g_north/https://res.cloudinary.com/dpol0pyoo/image/upload/v1787991819/idf_memorials/pid_2797.webp"
2798,"https://res.cloudinary.com/dpol0pyoo/image/fetch/c_crop,g_face/w_150,h_195,g_north/https://res.cloudinary.com/dpol0pyoo/image/upload/v1787991820/idf_memorials/pid_2798.webp"
2799,"https://res.cloudinary.com/dpol0pyoo/image/fetch/c_crop,g_face/w_150,h_195,g_north/https://res.cloudinary.com/dpol0pyoo/image/upload/v1787991822/idf_memorials/pid_2799.webp"
2803,"https://res.cloudinary.com/dpol0pyoo/image/fetch/c_crop,g_face/w_150,h_195,g_north/https://res.cloudinary.com/dpol0pyoo/image/upload/v1787991825/idf_memorials/pid_2803.webp"
2804,"https://res.cloudinary.com/dpol0pyoo/image/fetch/c_crop,g_face/w_150,h_195,g_north/https://res.cloudinary.com/dpol0pyoo/image/upload/v1787991827/idf_memorials/pid_2804.webp"
2805,"https://res.cloudinary.com/dpol0pyoo/image/fetch/c_crop,g_face/w_150,h_195,g_north/https://res.cloudinary.com/dpol0pyoo/image/upload/v1787991830/idf_memorials/pid_2805.webp"
2806,"https://res.cloudinary.com/dpol0pyoo/image/fetch/c_crop,g_face/w_150,h_195,g_north/https://res.cloudinary.com/dpol0pyoo/image/upload/v1787991831/idf_memorials/pid_2806.webp"
2807,"https://res.cloudinary.com/dpol0pyoo/image/fetch/c_crop,g_face/w_150,h_195,g_north/https://res.cloudinary.com/dpol0pyoo/image/upload/v1787991833/idf_memorials/pid_2807.webp"
2808,"https://res.cloudinary.com/dpol0pyoo/image/fetch/c_crop,g_face/w_150,h_195,g_north/https://res.cloudinary.com/dpol0pyoo/image/upload/v1787991835/idf_memorials/pid_2808.webp"
2809,"https://res.cloudinary.com/dpol0pyoo/image/fetch/c_crop,g_face/w_150,h_195,g_north/https://res.cloudinary.com/dpol0pyoo/image/upload/v1787991837/idf_memorials/pid_2809.webp"
2810,"https://res.cloudinary.com/dpol0pyoo/image/fetch/c_crop,g_face/w_150,h_195,g_north/https://res.cloudinary.com/dpol0pyoo/image/upload/v1787991839/idf_memorials/pid_2810.webp"
2812,"https://res.cloudinary.com/dpol0pyoo/image/fetch/c_crop,g_face/w_150,h_195,g_north/https://res.cloudinary.com/dpol0pyoo/image/upload/v1787991841/idf_memorials/pid_2812.webp"
2813,"https://res.cloudinary.com/dpol0pyoo/image/fetch/c_crop,g_face/w_150,h_195,g_north/https://res.cloudinary.com/dpol0pyoo/image/upload/v1787991843/idf_memorials/pid_2813.webp"
2820,"https://res.cloudinary.com/dpol0pyoo/image/fetch/c_crop,g_face/w_150,h_195,g_north/https://res.cloudinary.com/dpol0pyoo/image/upload/v1787991846/idf_memorials/pid_2820.webp"
2821,"https://res.cloudinary.com/dpol0pyoo/image/fetch/c_crop,g_face/w_150,h_195,g_north/https://res.cloudinary.com/dpol0pyoo/image/upload/v1787991848/idf_memorials/pid_2821.webp"
2822,"https://res.cloudinary.com/dpol0pyoo/image/fetch/c_crop,g_face/w_150,h_195,g_north/https://res.cloudinary.com/dpol0pyoo/image/upload/v1787991851/idf_memorials/pid_2822.webp"
2823,"https://res.cloudinary.com/dpol0pyoo/image/fetch/c_crop,g_face/w_150,h_195,g_north/https://res.cloudinary.com/dpol0pyoo/image/upload/v1787991853/idf_memorials/pid_2823.webp"
2824,"https://res.cloudinary.com/dpol0pyoo/image/fetch/c_crop,g_face/w_150,h_195,g_north/https://res.cloudinary.com/dpol0pyoo/image/upload/v1787991855/idf_memorials/pid_2824.webp"
2825,"https://res.cloudinary.com/dpol0pyoo/image/fetch/c_crop,g_face/w_150,h_195,g_north/https://res.cloudinary.com/dpol0pyoo/image/upload/v1787991856/idf_memorials/pid_2825.webp"
2826,"https://res.cloudinary.com/dpol0pyoo/image/fetch/c_crop,g_face/w_150,h_195,g_north/https://res.cloudinary.com/dpol0pyoo/image/upload/v1787991857/idf_memorials/pid_2826.webp"
2827,"https://res.cloudinary.com/dpol0pyoo/image/fetch/c_crop,g_face/w_150,h_195,g_north/https://res.cloudinary.com/dpol0pyoo/image/upload/v1787991859/idf_memorials/pid_2827.webp"
2828,"https://res.cloudinary.com/dpol0pyoo/image/fetch/c_crop,g_face/w_150,h_195,g_north/https://res.cloudinary.com/dpol0pyoo/image/upload/v1787991860/idf_memorials/pid_2828.webp"
2829,"https://res.cloudinary.com/dpol0pyoo/image/fetch/c_crop,g_face/w_150,h_195,g_north/https://res.cloudinary.com/dpol0pyoo/image/upload/v1787991862/idf_memorials/pid_2829.webp"
2832,"https://res.cloudinary.com/dpol0pyoo/image/fetch/c_crop,g_face/w_150,h_195,g_north/https://res.cloudinary.com/dpol0pyoo/image/upload/v1787991864/idf_memorials/pid_2832.webp"
2838,"https://res.cloudinary.com/dpol0pyoo/image/fetch/c_crop,g_face/w_150,h_195,g_north/https://res.cloudinary.com/dpol0pyoo/image/upload/v1787991866/idf_memorials/pid_2838.webp"
2846,"https://res.cloudinary.com/dpol0pyoo/image/fetch/c_crop,g_face/w_150,h_195,g_north/https://res.cloudinary.com/dpol0pyoo/image/upload/v1787991867/idf_memorials/pid_2846.webp"
2858,"https://res.cloudinary.com/dpol0pyoo/image/fetch/c_crop,g_face/w_150,h_195,g_north/https://res.cloudinary.com/dpol0pyoo/image/upload/v1787991868/idf_memorials/pid_2858.webp"
2859,"https://res.cloudinary.com/dpol0pyoo/image/fetch/c_crop,g_face/w_150,h_195,g_north/https://res.cloudinary.com/dpol0pyoo/image/upload/v1787991870/idf_memorials/pid_2859.webp"
2864,"https://res.cloudinary.com/dpol0pyoo/image/fetch/c_crop,g_face/w_150,h_195,g_north/https://res.cloudinary.com/dpol0pyoo/image/upload/v1787991871/idf_memorials/pid_2864.webp"
2872,"https://res.cloudinary.com/dpol0pyoo/image/fetch/c_crop,g_face/w_150,h_195,g_north/https://res.cloudinary.com/dpol0pyoo/image/upload/v1787991873/idf_memorials/pid_2872.webp"
316,"https://res.cloudinary.com/dpol0pyoo/image/fetch/c_crop,g_face/w_150,h_195,g_north/https://res.cloudinary.com/dpol0pyoo/image/upload/v1772753431/SBK_0003_316_spytft.png"
1298,"https://res.cloudinary.com/dpol0pyoo/image/fetch/c_crop,g_face/w_150,h_195,g_north/https://res.cloudinary.com/dpol0pyoo/image/upload/v1772753430/SBK_0002_1298_sooyfj.png"
1612,"https://res.cloudinary.com/dpol0pyoo/image/fetch/c_crop,g_face/w_150,h_195,g_north/https://res.cloudinary.com/dpol0pyoo/image/upload/v1772753430/SBK_0004_1612_zxpmgp.png"
1693,"https://res.cloudinary.com/dpol0pyoo/image/fetch/c_crop,g_face/w_150,h_195,g_north/https://res.cloudinary.com/dpol0pyoo/image/upload/v1772753430/SBK_0001_1693_otbrmk.png"
2008,"https://res.cloudinary.com/dpol0pyoo/image/fetch/c_crop,g_face/w_150,h_195,g_north/https://res.cloudinary.com/dpol0pyoo/image/upload/v1772753431/SBK_0000_2008_zkse9y.png"
737,"https://res.cloudinary.com/dpol0pyoo/image/fetch/c_crop,g_face/w_150,h_195,g_north/https://res.cloudinary.com/dpol0pyoo/image/upload/v1772756474/1477_ssautx.png"
1477,"https://res.cloudinary.com/dpol0pyoo/image/fetch/c_crop,g_face/w_150,h_195,g_north/https://res.cloudinary.com/dpol0pyoo/image/upload/v1772756474/737_gy5hps.png"
398,"https://res.cloudinary.com/dpol0pyoo/image/fetch/c_crop,g_face/w_150,h_195,g_north/https://res.cloudinary.com/dpol0pyoo/image/upload/v1772757018/idf_0005_398_k28kyj.png"
468,"https://res.cloudinary.com/dpol0pyoo/image/fetch/c_crop,g_face/w_150,h_195,g_north/https://res.cloudinary.com/dpol0pyoo/image/upload/v1772757019/idf_0004_468_dczchu.png"
582,"https://res.cloudinary.com/dpol0pyoo/image/fetch/c_crop,g_face/w_150,h_195,g_north/https://res.cloudinary.com/dpol0pyoo/image/upload/v1772757019/idf_0003_582_rlmx25.png"
652,"https://res.cloudinary.com/dpol0pyoo/image/fetch/c_crop,g_face/w_150,h_195,g_north/https://res.cloudinary.com/dpol0pyoo/image/upload/v1772757019/idf_0002_652_jf3rzo.png"
659,"https://res.cloudinary.com/dpol0pyoo/image/fetch/c_crop,g_face/w_150,h_195,g_north/https://res.cloudinary.com/dpol0pyoo/image/upload/v1772757020/idf_0001_659_wbjrql.png"
1497,"https://res.cloudinary.com/dpol0pyoo/image/fetch/c_crop,g_face/w_150,h_195,g_north/https://res.cloudinary.com/dpol0pyoo/image/upload/v1772757020/idf_0000_1497_phsadk.png"
1556,"https://res.cloudinary.com/dpol0pyoo/image/fetch/c_crop,g_face/w_150,h_195,g_north/https://res.cloudinary.com/dpol0pyoo/image/upload/v1772757188/1556_gl5ig6.png"