"Line","Police last","Police first","Countries (parsed)","Police cell","PID"
"2","abdalla","adam","Sudan","סודן",""
"7","BIST","DIPESH","Nepal","נפאל","11"
"8","BOHL","Carolin Alexandra","Germany","גרמניה","631"
"22","GEBREHIYAT","GOYITOM","Eritrea","אריתריאה","1697"
"30","KUSARAM","PHONGTHEP","Thailand","תאילנד","1409"
"37","OUDOM","CHAN","Cambodia","קמבודיה","1696"
"39","PANSA-ARD","SOMKHOUN","Thailand","תאילנד","1400"
"40","Patee","Kiatisak","Thailand","תאילנד","1688"
"47","RATNAYAKA MUDIYANSELAGE","ANULA","Sri Lanka","סרי לנקה","145"
"52","SAEYANG","SOMCHAI","Thailand","תאילנד","1681"
"61","SWARNKAR","RAJESH KUMAR","Nepal","נפאל","21"
"69","YATAWARA","SUJITH NISSANKA BAND","Sri Lanka","סרי לנקה","1511"
"83","אילרמנדי סייזר","איוון","Spain","ספרד","1431"
"87","אסולין","לירז","Portugal","פורטוגל","685"
"90","ארז","אופיר","Germany","גרמניה","1175"
"97","ביילין","זינאידה","Ukraine","אוקראינה","1151"
"100","בירה","תאיר","Argentina","ארגנטינה","50"
"101","בכר","מזל","Turkey","טורקיה","40"
"104","בן יהודה","גלעד","Portugal","פורטוגל","1036"
"105","בן יעקב","ליאור","Germany","גרמניה-מ לא מאומת",""
"109","בראל","גבריאל ישי","Brazil","ברזיל","1617"
"116","גורגי","שיר חנה","Canada","קנדה","755"
"127","גרקוביץ","פמלה דפנה","Chile, Spain","ספרד / צ'ילה","1314"
"133","דן","שרה","USA","ארה""ב",""
"138","הלר חצרוני","ליאל מרגרט","UK","בריטניה","158"
"152","זוהר","יסמין","Argentina","ארגנטינה","458"
"153","זורנו","קארין","France","צרפת","779"
"164","טולדנו","אליהו אליה","France","צרפת","164"
"167","טרואן מתיאס","שחר דבורה","USA","ארה""ב","277"
"175","כהן","אהד","Argentina","ארגנטינה","140"
"176","כהן","איתי","USA","ארה""ב","1038"
"184","לוי","יצחק","France","צרפת","792"
"187","לוין","אלסיה","Kazakhstan, Russia","רוסיה / קזחסטן","790"
"199","מאיר","דורון","Germany","גרמניה- לא מאומת","664"
"202","מור","אברהם בולו","Germany","גרמניה- לא מאומת",""
"204","מורזאחנוב","מיכאל","Ukraine","אוקראינה","1597"
"216","מרקוביצי","אהרון ארתור","Romania","רומניה","1611"
"224","סבידיה","שלמה","Turkey","טורקיה","871"
"225","סויסה","מוריה אור","France","צרפת","872"
"229","סילברמן","יוסף","Argentina","ארגנטינה","616"
"238","סמיאטיץ","ג'ינה","Chile","צ'ילה","381"
"256","פלורס גרסיה","ברנרדו דוד","Peru","פרו","1277"
"260","פרץ","הנריך","France, USA","ארה""ב/צרפת",""
"262","פרץ","רות הודיה","France","צרפת","825"
"263","צבן","יוליה","Kazakhstan","קזחסטן","1558"
"280","קפשיטר","אלין","Uzbekistan","אוזבקיסטן","500"
"288","ריידלר","משה הרש","Romania","רומניה","280"
"289","רסלר","דביר-חיים","Canada","קנדה","493"
"299","שני","אורי מרדכי","USA","ארה""ב","2012"
"332","אלגרט","יצחק","Denmark","דנמרק","564"
"333","אנגל","רונן טומי","Romania","רומניה","543"
"337","חגי","גד","USA","ארה""ב","567"
"338","וייס","אילן","Hungary","הונגריה","1333"
"339","יהוד","אריאל","Germany","גרמניה",""
"343","שרעבי","יוסף","Portugal","פורטוגל","122"
"344","sonthaya","oakkharasr","Thailand","תאילנד","1734"