",","Raw Image","","New Raw Image","","Cons Loc","","","PID","Image URL"
"130","https://res.cloudinary.com/dpol0pyoo/image/fetch/v1772795140/https://images.crunchbase.com/image/upload/c_lpad%2Ch_256%2Cw_256%2Cf_webp%2Cfl_awebp%2Cq_auto:eco%2Cdpr_1/cool7bwckm9muubtaoiv","","https://res.cloudinary.com/dpol0pyoo/image/fetch/v1772921504/https://images.crunchbase.com/image/upload/cool7bwckm9muubtaoiv.jpeg","","Be'eri","","","130","https://res.cloudinary.com/dpol0pyoo/image/fetch/v1772795140/https://images.crunchbase.com/image/upload/c_lpad%2Ch_256%2Cw_256%2Cf_webp%2Cfl_awebp%2Cq_auto:eco%2Cdpr_1/cool7bwckm9muubtaoiv"
"265","https://res.cloudinary.com/dpol0pyoo/image/upload/265","","https://res.cloudinary.com/dpol0pyoo/image/upload/c_thumb,g_face,w_150,h_195/265.jpg","","Kibbutz Nahal Oz","","","265","https://res.cloudinary.com/dpol0pyoo/image/upload/c_thumb,g_face,w_150,h_195/265.jpg"
"307","https://res.cloudinary.com/dpol0pyoo/image/upload/307","","https://res.cloudinary.com/dpol0pyoo/image/upload/c_thumb,g_face,w_150,h_195/307.jpg","","Kfar Aza","","","307","https://res.cloudinary.com/dpol0pyoo/image/upload/c_thumb,g_face,w_150,h_195/307.jpg"
"334","https://res.cloudinary.com/dpol0pyoo/image/upload/334","","https://res.cloudinary.com/dpol0pyoo/image/upload/c_thumb,g_face,w_150,h_195/334.jpg","","Kfar Aza","","","334","https://res.cloudinary.com/dpol0pyoo/image/upload/c_thumb,g_face,w_150,h_195/334.jpg"
"338","https://res.cloudinary.com/dpol0pyoo/image/upload/338","","https://res.cloudinary.com/dpol0pyoo/image/upload/c_thumb,g_face,w_150,h_195/338.jpg","","#N/A","","","338","https://res.cloudinary.com/dpol0pyoo/image/upload/c_thumb,g_face,w_150,h_195/338.jpg"
"370","https://res.cloudinary.com/dpol0pyoo/image/upload/370","","https://res.cloudinary.com/dpol0pyoo/image/upload/c_thumb,g_face,w_150,h_195/370.jpg","","Kfar Aza","","","370","https://res.cloudinary.com/dpol0pyoo/image/upload/c_thumb,g_face,w_150,h_195/370.jpg"
"392","https://res.cloudinary.com/dpol0pyoo/image/upload/392","","https://res.cloudinary.com/dpol0pyoo/image/upload/c_thumb,g_face,w_150,h_195/392.jpg","","Kisufim Base","","","392","https://res.cloudinary.com/dpol0pyoo/image/upload/c_thumb,g_face,w_150,h_195/392.jpg"
"397","https://res.cloudinary.com/dpol0pyoo/image/upload/397","","https://res.cloudinary.com/dpol0pyoo/image/upload/c_thumb,g_face,w_150,h_195/397.jpg","","Kisufim Base","","","397","https://res.cloudinary.com/dpol0pyoo/image/upload/c_thumb,g_face,w_150,h_195/397.jpg"
"420","https://res.cloudinary.com/dpol0pyoo/image/upload/420","","https://res.cloudinary.com/dpol0pyoo/image/upload/c_thumb,g_face,w_150,h_195/420.jpg","","Nahal Oz base","","","420","https://res.cloudinary.com/dpol0pyoo/image/upload/c_thumb,g_face,w_150,h_195/420.jpg"
"429","https://res.cloudinary.com/dpol0pyoo/image/upload/429","","https://res.cloudinary.com/dpol0pyoo/image/upload/c_thumb,g_face,w_150,h_195/429.jpg","","Nahal Oz base","","","429","https://res.cloudinary.com/dpol0pyoo/image/upload/c_thumb,g_face,w_150,h_195/429.jpg"
"463","https://res.cloudinary.com/dpol0pyoo/image/upload/463","","https://res.cloudinary.com/dpol0pyoo/image/upload/c_thumb,g_face,w_150,h_195/463.jpg","","Nahal Oz base","","","463","https://res.cloudinary.com/dpol0pyoo/image/upload/c_thumb,g_face,w_150,h_195/463.jpg"
"464","https://res.cloudinary.com/dpol0pyoo/image/upload/464","","https://res.cloudinary.com/dpol0pyoo/image/upload/c_thumb,g_face,w_150,h_195/464.jpg","","Nahal Oz base","","","464","https://res.cloudinary.com/dpol0pyoo/image/upload/c_thumb,g_face,w_150,h_195/464.jpg"
"465","https://res.cloudinary.com/dpol0pyoo/image/upload/465","","https://res.cloudinary.com/dpol0pyoo/image/upload/c_thumb,g_face,w_150,h_195/465.jpg","","Nahal Oz base","","","465","https://res.cloudinary.com/dpol0pyoo/image/upload/c_thumb,g_face,w_150,h_195/465.jpg"
"475","https://res.cloudinary.com/dpol0pyoo/image/upload/475","","https://res.cloudinary.com/dpol0pyoo/image/upload/c_thumb,g_face,w_150,h_195/475.jpg","","Nahal Oz base","","","475","https://res.cloudinary.com/dpol0pyoo/image/upload/c_thumb,g_face,w_150,h_195/475.jpg"
"486","https://res.cloudinary.com/dpol0pyoo/image/upload/486","","https://res.cloudinary.com/dpol0pyoo/image/upload/c_thumb,g_face,w_150,h_195/486.jpg","","Nahal Oz base","","","486","https://res.cloudinary.com/dpol0pyoo/image/upload/c_thumb,g_face,w_150,h_195/486.jpg"
"487","https://res.cloudinary.com/dpol0pyoo/image/upload/487","","https://res.cloudinary.com/dpol0pyoo/image/upload/c_thumb,g_face,w_150,h_195/487.jpg","","Paga Base","","","487","https://res.cloudinary.com/dpol0pyoo/image/upload/c_thumb,g_face,w_150,h_195/487.jpg"
"489","https://res.cloudinary.com/dpol0pyoo/image/upload/489","","https://res.cloudinary.com/dpol0pyoo/image/upload/c_thumb,g_face,w_150,h_195/489.jpg","","Paga Base","","","489","https://res.cloudinary.com/dpol0pyoo/image/upload/c_thumb,g_face,w_150,h_195/489.jpg"
"850","https://res.cloudinary.com/dpol0pyoo/image/upload/850","","https://res.cloudinary.com/dpol0pyoo/image/upload/c_thumb,g_face,w_150,h_195/850.jpg","","#N/A","","","850","https://res.cloudinary.com/dpol0pyoo/image/upload/c_thumb,g_face,w_150,h_195/850.jpg"
"994","https://res.cloudinary.com/dpol0pyoo/image/upload/994","","https://res.cloudinary.com/dpol0pyoo/image/upload/c_thumb,g_face,w_150,h_195/994.jpg","","Re'im Base","","","994","https://res.cloudinary.com/dpol0pyoo/image/upload/c_thumb,g_face,w_150,h_195/994.jpg"
"1555","https://res.cloudinary.com/dpol0pyoo/image/upload/1555","","https://res.cloudinary.com/dpol0pyoo/image/upload/c_thumb,g_face,w_150,h_195/1555.jpg","","Kisufim","","","1555","https://res.cloudinary.com/dpol0pyoo/image/upload/c_thumb,g_face,w_150,h_195/1555.jpg"
"1580","https://res.cloudinary.com/dpol0pyoo/image/upload/1580","","https://res.cloudinary.com/dpol0pyoo/image/upload/c_thumb,g_face,w_150,h_195/1580.jpg","","Paga Base","","","1580","https://res.cloudinary.com/dpol0pyoo/image/upload/c_thumb,g_face,w_150,h_195/1580.jpg"
"1587","https://res.cloudinary.com/dpol0pyoo/image/upload/1587","","https://res.cloudinary.com/dpol0pyoo/image/upload/c_thumb,g_face,w_150,h_195/1587.jpg","","Kisufim","","","1587","https://res.cloudinary.com/dpol0pyoo/image/upload/c_thumb,g_face,w_150,h_195/1587.jpg"
"1695","https://res.cloudinary.com/dpol0pyoo/image/upload/1695","","https://res.cloudinary.com/dpol0pyoo/image/upload/c_thumb,g_face,w_150,h_195/1695.jpg","","?","","","1695","https://res.cloudinary.com/dpol0pyoo/image/upload/c_thumb,g_face,w_150,h_195/1695.jpg"
"1726","https://res.cloudinary.com/dpol0pyoo/image/upload/1726","","https://res.cloudinary.com/dpol0pyoo/image/upload/c_thumb,g_face,w_150,h_195/1726.jpg","","?","","","1726","https://res.cloudinary.com/dpol0pyoo/image/upload/c_thumb,g_face,w_150,h_195/1726.jpg"
"276","","","https://res.cloudinary.com/dpol0pyoo/image/upload/v1772909739/206_te8iou.png","","","","","",""